month,region,phase_index,HCCF_anom,HCTB_anom,LCSP_anom,NetPath_low_anom,NetPath_high_total_anom,NetPath_high_contrast_anom,direct_Net_anom,anomaly_convention,detrended,standardized
2002-07-01,CP,1,0.002445510355795,0.031648199453128,0.028566222260881,0.574189820946914,-2.359301481231793,-0.708683869539047,-2.509671926498413,calendar_month_anomaly_only,False,False
2002-08-01,CP,1,0.136614046584209,0.029694138179153,0.048452973997131,1.330655270235159,-2.706623762682827,-3.974899625933572,-1.806222319602966,calendar_month_anomaly_only,False,False
2002-09-01,CP,1,0.125203423061687,-0.002270450222807,0.049919156897898,1.158273523694197,-0.958316436166342,-3.040223802273549,0.123506672680378,calendar_month_anomaly_only,False,False
2002-10-01,CP,1,0.104496828460249,0.017402606949561,0.046417368292945,1.407099837089982,-1.835141809597053,-2.482106803666127,-0.851504623889923,calendar_month_anomaly_only,False,False
2002-11-01,CP,1,0.108936547429137,-0.011349774966646,0.035211963162400,0.963085871625863,-0.100063347409714,-2.080885653627286,1.036687612533569,calendar_month_anomaly_only,False,False
2002-12-01,CP,1,0.122209478868658,0.017964982151644,0.050281790485163,1.443493277225508,-1.855442450005157,-3.806810283391341,-0.515367448329926,calendar_month_anomaly_only,False,False
2003-01-01,CP,1,0.167788363814071,-0.013238873987127,0.069161959134613,2.119097286683732,0.167860678149041,-3.723234031508525,2.369861125946045,calendar_month_anomaly_only,False,False
2003-02-01,CP,1,0.065712529674355,-0.027373923026211,0.032063602041093,0.752881790263475,2.130943902441078,-0.884844104716869,3.467560768127441,calendar_month_anomaly_only,False,False
2003-03-01,CP,0,0.033601180368251,-0.027746660741214,0.017695441042751,0.975492131955485,1.669355935492193,0.157394611079463,3.573554277420044,calendar_month_anomaly_only,False,False
2003-04-01,CP,0,0.039393869101925,0.014346622395447,0.022499279572065,0.726857003692200,-1.009603979831430,-1.219401721136247,-0.685604989528656,calendar_month_anomaly_only,False,False
2003-05-01,CP,-1,0.034869981602095,0.005839256339751,0.014796546792755,0.321191111280807,-0.941000242038580,-0.900797220693740,-1.184513688087463,calendar_month_anomaly_only,False,False
2003-06-01,CP,0,-0.000453258276830,0.004439716559381,0.024566633407992,0.820015500870521,0.207653122904808,0.148490336647745,1.078237891197205,calendar_month_anomaly_only,False,False
2003-07-01,CP,0,0.031423530792753,-0.007536882716916,0.004853181583283,0.241349445018340,0.060151531541791,-0.343237234359251,0.700356483459473,calendar_month_anomaly_only,False,False
2003-08-01,CP,0,0.002605351397231,-0.021958087455514,0.002702533620712,-0.321168942730223,1.100277960463510,-0.051454660024875,0.968094110488892,calendar_month_anomaly_only,False,False
2003-09-01,CP,0,0.003019481726076,-0.010862202904440,0.008708369060143,0.280254726267320,0.405838699510923,0.232315908701100,0.749773800373077,calendar_month_anomaly_only,False,False
2003-10-01,CP,0,0.010592883701836,-0.021477118240171,0.009656028608201,0.161478713060750,0.752027925963636,0.241122331290246,0.959985494613647,calendar_month_anomaly_only,False,False
2003-11-01,CP,0,-0.004305332143087,-0.004813298227043,0.012422619793434,0.139853900788352,-0.188632955720686,0.227004945592309,-0.114574827253819,calendar_month_anomaly_only,False,False
2003-12-01,CP,0,0.067446928528187,-0.014839006324976,0.025583054854655,0.913349367103403,0.792079300012574,-0.930837195229605,1.709073662757874,calendar_month_anomaly_only,False,False
2004-01-01,CP,0,0.087447740129284,-0.048858402707678,0.037248893256282,0.970101035927455,2.665455999573364,-1.576687655265060,4.370266914367676,calendar_month_anomaly_only,False,False
2004-02-01,CP,0,-0.003136637343139,-0.018700541604889,0.002703811581798,0.207892754363184,0.924323216650562,1.079952749802493,1.202560663223267,calendar_month_anomaly_only,False,False
2004-03-01,CP,0,0.064875652566070,0.021745236788184,0.010914299243034,0.085649735817329,-1.400780230790344,-1.922855153769262,-1.839834094047546,calendar_month_anomaly_only,False,False
2004-04-01,CP,0,0.055056005357661,0.030104005922744,0.017434075525265,0.690565254128060,-1.507883114280149,-1.536097723839230,-1.265487790107727,calendar_month_anomaly_only,False,False
2004-05-01,CP,0,-0.014797543172876,-0.000462255066721,0.003262663494787,0.031733062492305,-0.041740999407589,0.460473490633244,-0.175863906741142,calendar_month_anomaly_only,False,False
2004-06-01,CP,0,0.089487284209518,0.012688419754241,0.031743368624743,0.871382605174627,-0.988672073885132,-2.005973733026094,-0.570252537727356,calendar_month_anomaly_only,False,False
2004-07-01,CP,1,0.060430853974708,-0.031684225585736,0.042915095268171,1.458345350088611,1.816295694468063,-0.206730674296163,3.968092679977417,calendar_month_anomaly_only,False,False
2004-08-01,CP,1,0.033676507831619,-0.000678302278673,0.031994677589776,0.960162131868357,-0.769399340808154,-1.371455408223209,-0.454091936349869,calendar_month_anomaly_only,False,False
2004-09-01,CP,1,0.024344265259240,-0.012266829162326,0.028840185247772,1.183673692108623,0.942050859840704,0.106657328246912,2.641578912734985,calendar_month_anomaly_only,False,False
2004-10-01,CP,1,0.047959290465245,-0.009360901522844,0.031969496099081,1.300012042422230,0.015162970260570,-0.827290865798657,1.393929600715637,calendar_month_anomaly_only,False,False
2004-11-01,CP,1,0.062894199960954,-0.012894427313815,0.034055345889684,1.192143138829708,0.854386623518457,-0.981714977725684,2.299676418304443,calendar_month_anomaly_only,False,False
2004-12-01,CP,1,0.032064892231913,0.005118081811533,0.033460464782745,1.039494574851475,0.127773543352856,-0.263293723632779,1.211666107177734,calendar_month_anomaly_only,False,False
2005-01-01,CP,1,0.036248352614215,-0.012826940276112,0.023375922941445,1.014161568100654,0.296295270032059,-0.151313890767062,1.790265083312988,calendar_month_anomaly_only,False,False
2005-02-01,CP,0,0.186364678455441,0.024071640105002,0.060683276126204,2.197274517895343,-3.058546844097990,-6.869137464176887,-1.942652821540833,calendar_month_anomaly_only,False,False
2005-03-01,CP,1,-0.012081014714399,-0.022729705828214,0.000960859333670,-0.038668327976013,2.084099229455607,1.074133972722914,2.480815172195435,calendar_month_anomaly_only,False,False
2005-04-01,CP,0,0.053042454309510,0.008761724349883,0.015807408452994,0.253811553984522,-0.645246537060816,-1.544213587451228,-1.033118128776550,calendar_month_anomaly_only,False,False
2005-05-01,CP,0,0.043603402498194,-0.015732081425673,0.004643039030608,-0.066624909804028,0.554690897196347,-0.651454725003060,0.748617768287659,calendar_month_anomaly_only,False,False
2005-06-01,CP,0,-0.012342800604169,-0.007364527072305,-0.005969553087675,-0.246865701918929,0.011661745736816,0.377090919177681,-0.048487532883883,calendar_month_anomaly_only,False,False
2005-07-01,CP,0,0.024905992082273,-0.004134910536147,0.000453821391834,0.080441609348585,0.266861567153640,-0.233949638150832,0.227876648306847,calendar_month_anomaly_only,False,False
2005-08-01,CP,0,-0.021072164298046,0.004845267262656,-0.002501331821506,-0.304305110824174,-0.069882293713912,0.611039146248709,-0.485350996255875,calendar_month_anomaly_only,False,False
2005-09-01,CP,0,0.006093519895298,-0.021260707312306,0.003743603618464,0.283506647160172,0.485362843190731,0.385689178350047,1.103193402290344,calendar_month_anomaly_only,False,False
2005-10-01,CP,0,0.010873321468872,-0.018272365718170,-0.000902961565484,0.448227405619723,0.987582266521260,0.394178391215767,2.094217061996460,calendar_month_anomaly_only,False,False
2005-11-01,CP,-1,-0.009972898101448,-0.026812070037528,-0.003695534139012,-0.083837094582446,0.913009036036718,0.735253208841513,0.910917937755585,calendar_month_anomaly_only,False,False
2005-12-01,CP,-1,-0.029085668770675,-0.032017054573143,-0.017661150321144,-0.386823734863393,1.729558136994460,1.352942792072815,1.721297502517700,calendar_month_anomaly_only,False,False
2006-01-01,CP,-1,-0.026089783961230,0.010162933094329,-0.014050959446126,-0.073964190445081,-0.350078047987581,0.900289237830529,-0.400817066431046,calendar_month_anomaly_only,False,False
2006-02-01,CP,-1,0.029358940339366,-0.046910574790036,0.009197411644583,0.254151589358450,0.476949740567504,-0.624787680388092,0.556710481643677,calendar_month_anomaly_only,False,False
2006-03-01,CP,-1,-0.032270000685675,-0.001903258479546,0.004489573087295,-0.010978293014976,-0.131744070117009,1.196714877769621,-0.022415211424232,calendar_month_anomaly_only,False,False
2006-04-01,CP,0,-0.038572855890520,0.018853100044475,-0.002102835810937,-0.186478119473567,-0.506796573189613,1.009506200872046,-0.500708103179932,calendar_month_anomaly_only,False,False
2006-05-01,CP,0,0.010410785768579,-0.018164275492278,0.024955925573565,0.896549093360175,0.514574878572122,0.328004294732446,1.605951070785522,calendar_month_anomaly_only,False,False
2006-06-01,CP,0,0.017516130418919,-0.012896341312447,-0.002430001509123,-0.313341383306395,0.924614806947720,0.195541305131925,0.644693017005920,calendar_month_anomaly_only,False,False
2006-07-01,CP,0,-0.029763555087953,0.010869178931821,-0.008497639222055,-0.822456540097819,-0.882373790784445,0.580889305043648,-2.044556379318237,calendar_month_anomaly_only,False,False
2006-08-01,CP,0,0.056321600127399,-0.017406571472790,0.015185300554857,0.092311188613542,0.065601339063585,-1.315540188759327,-0.097358748316765,calendar_month_anomaly_only,False,False
2006-09-01,CP,1,0.050094319330217,-0.003450747727909,0.025095660663608,0.999726960671330,-0.154691358529918,-0.872719028940826,1.268974304199219,calendar_month_anomaly_only,False,False
2006-10-01,CP,1,0.075330658257200,0.002719033382712,0.028750150980717,0.677105717277372,-1.637457858095447,-2.755231459630599,-1.743657469749451,calendar_month_anomaly_only,False,False
2006-11-01,CP,1,0.068301403147346,-0.008095488139035,0.035505518666574,1.221403180078369,-0.090180084698166,-1.570083383532980,1.404312252998352,calendar_month_anomaly_only,False,False
2006-12-01,CP,1,0.076122386603949,-0.004003664505029,0.028273982779095,0.700943411490006,0.316965572568343,-0.860526166067530,1.353741288185120,calendar_month_anomaly_only,False,False
2007-01-01,CP,1,0.124917220807749,0.001280650069146,0.039586705697632,1.067679730883125,-0.652050824551219,-3.594866554975278,-0.257972121238708,calendar_month_anomaly_only,False,False
2007-02-01,CP,0,0.029326951890699,-0.031508199733129,0.005741661488639,0.079660425110817,0.547352113596700,0.150491701774897,0.959728956222534,calendar_month_anomaly_only,False,False
2007-03-01,CP,0,0.004676322226210,-0.022807825648471,-0.002797614794533,0.037525048548440,0.888846542502781,0.672727361429681,1.303848862648010,calendar_month_anomaly_only,False,False
2007-04-01,CP,0,-0.000972705097429,-0.006058921254282,-0.011300935702293,-0.406613520675722,0.896954661701269,0.866511286674047,0.584921956062317,calendar_month_anomaly_only,False,False
2007-05-01,CP,-1,0.007260675955638,0.009393409515884,0.001340411730378,-0.398827109472215,-0.001572068595410,-0.056524569527563,-0.289318501949310,calendar_month_anomaly_only,False,False
2007-06-01,CP,0,-0.018379133274761,-0.008723968238525,-0.022225632669792,-0.832802493988150,0.642088909984446,0.741920983130587,0.143732592463493,calendar_month_anomaly_only,False,False
2007-07-01,CP,-1,-0.034580249511608,-0.010572254100419,-0.005832787065167,-0.133143411646685,0.889651286621744,1.135027058424830,0.713774621486664,calendar_month_anomaly_only,False,False
2007-08-01,CP,-1,0.005683455692894,-0.003605748399612,-0.004257907641729,0.367606819082918,0.642442330095561,0.299985556034288,1.439128398895264,calendar_month_anomaly_only,False,False
2007-09-01,CP,-1,-0.033974579605351,0.003531088052697,-0.021316531410957,-0.442821701390447,0.382431486100089,1.086409709682906,0.205090165138245,calendar_month_anomaly_only,False,False
2007-10-01,CP,-1,-0.036462543968688,0.011491848412703,-0.016960264958541,-0.498779966441353,0.384328791120247,1.160990535531798,0.310512274503708,calendar_month_anomaly_only,False,False
2007-11-01,CP,-1,-0.010672949588361,-0.008177079250323,-0.032396567764019,-1.198983116395659,-0.395653430789590,-0.168252549964039,-2.287519931793213,calendar_month_anomaly_only,False,False
2007-12-01,CP,-1,-0.096233858608562,0.024665015057170,-0.049648623101563,-1.624990819692429,-0.178877974872623,2.001775604818084,-1.719032406806946,calendar_month_anomaly_only,False,False
2008-01-01,CP,-1,0.017382278124400,-0.000404774264293,-0.008287538290177,-0.100517232933926,-1.755348544695576,-1.826430702008379,-2.640573501586914,calendar_month_anomaly_only,False,False
2008-02-01,CP,-1,-0.184941747092048,0.008225061615377,-0.076733711862836,-2.857862790786261,1.646189833557169,5.948185019177764,-0.584362447261810,calendar_month_anomaly_only,False,False
2008-03-01,CP,-1,-0.114660323311954,-0.007891895689704,-0.042711708841660,-1.055463632451443,2.323262686846111,3.950975137082136,2.458269357681274,calendar_month_anomaly_only,False,False
2008-04-01,CP,-1,-0.060254831146239,-0.008856644369768,-0.027231296402921,-0.650210417996337,0.821403255619117,1.983520580757284,0.523375153541565,calendar_month_anomaly_only,False,False
2008-05-01,CP,-1,-0.071311064859159,0.010599641363378,-0.028083922723752,-0.664088602276045,0.695090074751026,1.713473921150046,0.214885741472244,calendar_month_anomaly_only,False,False
2008-06-01,CP,-1,-0.048010340064923,0.022386572397410,-0.023488864640709,-0.894898321122134,-0.530166486695224,0.941558332315276,-1.722937822341919,calendar_month_anomaly_only,False,False
2008-07-01,CP,0,-0.070470999790351,0.007664759406526,-0.032457321190680,-0.618134616880850,1.107929314239843,1.938430605905352,0.748027145862579,calendar_month_anomaly_only,False,False
2008-08-01,CP,0,-0.051006037415804,0.013462590412359,-0.030509135721140,-0.365976265985095,0.549466596140390,1.485222856587178,0.515202641487122,calendar_month_anomaly_only,False,False
2008-09-01,CP,0,-0.041635541710575,-0.000293520735057,-0.031201856678838,-0.822989261689596,0.762615901250006,0.900175077140836,-0.026134667918086,calendar_month_anomaly_only,False,False
2008-10-01,CP,0,-0.059218775027559,0.012858114899501,-0.034160987844532,-0.646725232497613,0.615404799566694,1.336919796814641,0.103666931390762,calendar_month_anomaly_only,False,False
2008-11-01,CP,-1,-0.064842722002313,0.020493183436384,-0.028887571237593,-0.934271789392040,0.028734418082013,1.642187783275469,-0.890046417713165,calendar_month_anomaly_only,False,False
2008-12-01,CP,-1,-0.100130388560261,-0.005564193557625,-0.048121994769924,-1.820739148407575,1.199912190649617,3.252379577020099,-0.121525265276432,calendar_month_anomaly_only,False,False
2009-01-01,CP,-1,-0.074283791305293,0.008963047649666,-0.036995909905562,-1.124889222739272,-0.069057352633773,1.869823520388785,-1.302581191062927,calendar_month_anomaly_only,False,False
2009-02-01,CP,-1,-0.093099039057519,0.026970969840804,-0.036473654362665,-1.354038378298317,-0.603587200897302,2.733166163869493,-2.361121416091919,calendar_month_anomaly_only,False,False
2009-03-01,CP,-1,-0.003889117401867,-0.014969902157581,0.010963335166820,0.535187923473655,-0.078189333742653,0.677775491412289,0.467439740896225,calendar_month_anomaly_only,False,False
2009-04-01,CP,0,-0.019154148183080,0.010089554649412,-0.018007703225318,-0.681485125730611,0.535077177329967,0.494909298328624,-0.072068192064762,calendar_month_anomaly_only,False,False
2009-05-01,CP,0,-0.022161783397119,-0.009274101512297,0.007410567578960,0.299542624954815,0.724196367188739,0.947259603095339,1.775031328201294,calendar_month_anomaly_only,False,False
2009-06-01,CP,0,0.001484027261282,-0.026174794029531,0.023183185503299,0.931928599000442,1.049641085851181,0.791578424377658,2.206571578979492,calendar_month_anomaly_only,False,False
2009-07-01,CP,1,0.067906900249253,-0.020554342152382,0.013516826580920,0.269310033908887,-0.270434266772415,-1.364521431186271,-0.017606085166335,calendar_month_anomaly_only,False,False
2009-08-01,CP,1,-0.003276994558296,0.009833399195238,0.018994113159456,0.563053785078266,-0.793968738536226,-0.072716703492591,-0.674337387084961,calendar_month_anomaly_only,False,False
2009-09-01,CP,1,0.064015123044039,0.006333277580173,0.008902870627524,0.007587991488399,-1.108012585383114,-1.626270979924375,-1.259498834609985,calendar_month_anomaly_only,False,False
2009-10-01,CP,1,0.043461488441933,-0.015425015930148,0.026020245006990,0.545050421801869,-0.150514374793864,-0.969594325652933,-0.033125337213278,calendar_month_anomaly_only,False,False
2009-11-01,CP,1,0.067252519948367,-0.001254770293663,0.026345281177746,0.900059330369142,-0.336312284182693,-1.612032932444395,0.476872712373734,calendar_month_anomaly_only,False,False
2009-12-01,CP,1,0.154956342646380,-0.045446040553970,0.059900073323923,1.724505476872443,1.338380834554552,-3.865959089199173,3.042495489120483,calendar_month_anomaly_only,False,False
2010-01-01,CP,1,0.152505173834270,0.013877930227292,0.058263413505618,1.401407405550847,-1.354932533131119,-4.497494186922173,0.248872369527817,calendar_month_anomaly_only,False,False
2010-02-01,CP,1,0.180158285182889,0.055133936641025,0.053598961285925,1.631021218961068,-3.211658774800622,-6.720461348132027,-1.546051144599915,calendar_month_anomaly_only,False,False
2010-03-01,CP,1,0.074138793076150,0.022499475926019,-0.000561773724224,-0.403324669618768,-1.864215256612826,-2.748347471002358,-2.309841632843018,calendar_month_anomaly_only,False,False
2010-04-01,CP,0,-0.018194541862661,-0.004076365539449,-0.012918762759022,-0.812097477790890,-0.112942646121520,-0.018026272578402,-1.173007965087891,calendar_month_anomaly_only,False,False
2010-05-01,CP,0,-0.054388533821206,0.012817673268819,-0.036108150767956,-1.613051749964814,0.146087134265428,1.255176215290606,-1.730319976806641,calendar_month_anomaly_only,False,False
2010-06-01,CP,-1,-0.047680981351887,0.011659385591999,-0.033790815531120,-1.222171950968276,-0.267453891151803,0.725731183249316,-1.642946720123291,calendar_month_anomaly_only,False,False
2010-07-01,CP,-1,-0.042989852011385,0.003750774142756,-0.040135285206460,-1.445453138891500,0.617911504787075,0.875829821693509,-0.890881359577179,calendar_month_anomaly_only,False,False
2010-08-01,CP,-1,-0.059575899768194,0.008667181996196,-0.045788647123352,-1.381706746719580,0.262450795172496,1.383755285728855,-0.953844130039215,calendar_month_anomaly_only,False,False
2010-09-01,CP,-1,-0.092999885171406,0.035698964767465,-0.051922354129002,-2.127336409775349,-0.163417609087924,2.118587846907751,-2.563508033752441,calendar_month_anomaly_only,False,False
2010-10-01,CP,-1,-0.076707506240617,0.022996707376608,-0.046878061472457,-1.699190720752155,-0.157085066019497,1.844595472632128,-1.860230922698975,calendar_month_anomaly_only,False,False
2010-11-01,CP,-1,-0.118233257078226,0.006425490433024,-0.058978898072941,-2.079038666745556,1.072883549233342,3.153632841057414,-0.913319945335388,calendar_month_anomaly_only,False,False
2010-12-01,CP,-1,-0.147307646980260,0.031984855979189,-0.057485292341055,-1.946126551658860,0.154777334431774,3.790994178033461,-1.244388222694397,calendar_month_anomaly_only,False,False
2011-01-01,CP,-1,-0.133495115797381,0.031031167131769,-0.045005327752791,-1.078552587080692,-1.155180038004742,2.672866050345226,-2.186185598373413,calendar_month_anomaly_only,False,False
2011-02-01,CP,-1,-0.158959106976832,0.003117138184241,-0.041984752336890,-1.370726807885005,1.643189718555073,4.889598354836753,0.647274136543274,calendar_month_anomaly_only,False,False
2011-03-01,CP,-1,-0.138739163087892,0.013080369854869,-0.045081181387352,-1.290663950675646,1.007536256512879,3.676732078711474,0.010757244192064,calendar_month_anomaly_only,False,False
2011-04-01,CP,-1,-0.110351537097685,-0.011404533214579,-0.029164656306444,-0.887664505003213,1.922378977505488,3.473840785023633,1.387366175651550,calendar_month_anomaly_only,False,False
2011-05-01,CP,-1,-0.002697612898733,-0.004621926854706,-0.001387181179016,0.167690797483518,-0.478377687545262,-0.355027199599305,-0.707347095012665,calendar_month_anomaly_only,False,False
2011-06-01,CP,0,-0.033452224969580,0.012156273575789,-0.027641281244443,-1.073770689051729,-0.392255098510187,0.588755189321045,-2.232825517654419,calendar_month_anomaly_only,False,False
2011-07-01,CP,0,-0.039318792286626,0.002556180597346,-0.030514729473358,-1.058426789190198,-0.424583673651843,0.606971751672710,-1.613630890846252,calendar_month_anomaly_only,False,False
2011-08-01,CP,-1,-0.026782560132931,0.007612724736549,-0.034596013937365,-1.532544806550447,-0.297122831139276,0.295115742643782,-2.273721218109131,calendar_month_anomaly_only,False,False
2011-09-01,CP,-1,-0.079208214380311,0.009061352342417,-0.043823763580212,-1.582966303308508,0.376170664639047,1.994754039798553,-1.744329333305359,calendar_month_anomaly_only,False,False
2011-10-01,CP,-1,-0.072125348583945,0.011939283499687,-0.026918963023899,-0.889450955377424,0.561476830838737,1.717848672380006,-0.764515459537506,calendar_month_anomaly_only,False,False
2011-11-01,CP,-1,-0.016863551666470,0.020844597565612,-0.015231051247224,-0.409270665830410,-1.154384170711593,-0.242400911471197,-1.873439431190491,calendar_month_anomaly_only,False,False
2011-12-01,CP,-1,-0.108218121243168,0.021504160949485,-0.050650618240734,-1.429443071911190,0.456556851450008,3.022452248584036,-1.432083725929260,calendar_month_anomaly_only,False,False
2012-01-01,CP,-1,-0.138727068366417,0.023222079404799,-0.059024778969860,-1.619378952944110,-0.032351416760623,3.583300720119735,-1.357124924659729,calendar_month_anomaly_only,False,False
2012-02-01,CP,-1,-0.137487651264636,-0.009578958704940,-0.042344906030839,-1.052669451073997,2.215435085617137,4.244516513270847,1.980738639831543,calendar_month_anomaly_only,False,False
2012-03-01,CP,-1,-0.048663768568131,0.009611191703908,-0.033659736617138,-1.763808851667462,0.046437946888053,1.565050912207125,-1.633206129074097,calendar_month_anomaly_only,False,False
2012-04-01,CP,-1,-0.010825073109367,-0.013216755988072,-0.003948847163662,-0.408382186145555,0.579216355286218,0.705465927176283,0.409604758024216,calendar_month_anomaly_only,False,False
2012-05-01,CP,0,-0.001475050564376,-0.027489359147554,-0.023165325176883,-1.110410486844970,0.986004517705496,1.060415077249317,0.288734853267670,calendar_month_anomaly_only,False,False
2012-06-01,CP,0,-0.037187860527062,-0.007409110958203,-0.019753270027092,-0.785491896071391,0.626685259944883,1.510697861295954,-0.254636436700821,calendar_month_anomaly_only,False,False
2012-07-01,CP,0,0.032522050565140,-0.013257460991567,-0.009866037882932,-0.637872535600587,0.675145610460859,-0.159031558008278,0.152457877993584,calendar_month_anomaly_only,False,False
2012-08-01,CP,1,-0.014474652672057,-0.015204562933092,-0.010876679949262,-0.245993297897099,0.943332564300621,0.819226718076960,0.726431369781494,calendar_month_anomaly_only,False,False
2012-09-01,CP,0,0.022778184291550,-0.009744136771177,-0.003756983960338,0.049510918414501,0.569420125263834,-0.359688658154158,0.760903179645538,calendar_month_anomaly_only,False,False
2012-10-01,CP,0,0.022848622127032,-0.017314590734223,0.013280606280097,0.648683351206923,0.046315240526001,-0.672902929581481,0.840716123580933,calendar_month_anomaly_only,False,False
2012-11-01,CP,0,0.032324142493014,-0.013163352017102,0.007152255106081,0.506009004585623,-0.195870236900168,-1.268349501246895,0.161816030740738,calendar_month_anomaly_only,False,False
2012-12-01,CP,0,0.018912575473192,0.002950010527036,0.011266967189379,0.397831132817322,-1.305633367706447,-0.864085255943738,-1.007114648818970,calendar_month_anomaly_only,False,False
2013-01-01,CP,-1,0.065901368571315,-0.023852203581888,0.014223541397257,0.274235793109287,-0.932801770291101,-2.559003212648532,-1.346006631851196,calendar_month_anomaly_only,False,False
2013-02-01,CP,-1,-0.031961409585745,-0.013166355013494,-0.025454466833452,-0.936531828621967,1.765328618064127,1.540384108835893,0.555768132209778,calendar_month_anomaly_only,False,False
2013-03-01,CP,0,0.031098950744317,-0.001275068935848,0.009140546517206,0.351361277375845,-1.458563453746298,-1.463859673969734,-1.784468770027161,calendar_month_anomaly_only,False,False
2013-04-01,CP,0,-0.047975360544416,-0.033945986628117,-0.021945739070094,-0.927566710023288,2.136855449737132,2.056756753507393,1.896241664886475,calendar_month_anomaly_only,False,False
2013-05-01,CP,0,-0.045596243000817,-0.003996293808497,-0.016304751214271,-0.578127281370448,0.828485874350113,1.529227752581359,0.421022146940231,calendar_month_anomaly_only,False,False
2013-06-01,CP,0,0.000563422386591,-0.002997121930516,-0.008038043637761,-0.447945081165068,0.043489496653690,-0.165629207707256,-0.358695328235626,calendar_month_anomaly_only,False,False
2013-07-01,CP,0,-0.021485615130989,0.008253693976270,-0.007405218486518,-0.218797640194166,0.574033045496717,0.767781061356244,0.532752215862274,calendar_month_anomaly_only,False,False
2013-08-01,CP,0,-0.013290122569601,-0.001569837541949,0.008604059990836,0.308779781060344,0.516576432401280,0.351513015933547,1.224506258964539,calendar_month_anomaly_only,False,False
2013-09-01,CP,0,-0.015468488947931,0.006094909934479,-0.007456173491538,-0.475352046897705,-0.522640524352058,0.087856868420151,-1.971592783927917,calendar_month_anomaly_only,False,False
2013-10-01,CP,0,0.021554134107944,0.001392228421803,0.009651243344561,0.185230066143063,-0.662038448923805,-1.287742028900620,-0.548921644687653,calendar_month_anomaly_only,False,False
2013-11-01,CP,0,-0.009067475266984,-0.010027708509528,0.007358202766756,0.365507685898902,1.038224694581340,0.488013019909792,1.650633811950684,calendar_month_anomaly_only,False,False
2013-12-01,CP,0,-0.050972249653336,-0.000084485681555,-0.015238681398759,-0.219790960029286,-0.227345212804166,1.118112566705475,-0.388367414474487,calendar_month_anomaly_only,False,False
2014-01-01,CP,-1,-0.018927708091834,-0.006043454190594,-0.004972660729948,-0.208336858645407,-0.467941349459622,0.449230886463669,-0.996712088584900,calendar_month_anomaly_only,False,False
2014-02-01,CP,-1,0.018651928749073,-0.000313579436028,0.012228399275098,0.118339870736665,-0.722884645398622,-0.175928398219840,-0.692880153656006,calendar_month_anomaly_only,False,False
2014-03-01,CP,0,0.077985422450730,0.012590245106538,0.026040462342846,0.810905507787453,-1.247145770887973,-2.716886755219273,-1.250353574752808,calendar_month_anomaly_only,False,False
2014-04-01,CP,0,0.064417602031707,0.031002058885941,0.022375291817277,0.943856179888025,-2.341046016906404,-3.095229724300586,-1.821723461151123,calendar_month_anomaly_only,False,False
2014-05-01,CP,0,0.020356520595856,-0.024266394699024,0.013128507567695,0.610517850996072,1.430490690085193,0.048271826701799,2.404875278472900,calendar_month_anomaly_only,False,False
2014-06-01,CP,0,0.069292120673750,-0.037381215208015,0.018949454216264,0.578781911635717,0.042801862229492,-1.746166797402800,0.809087216854095,calendar_month_anomaly_only,False,False
2014-07-01,CP,0,0.016793568404195,0.002857958847299,0.007537880699429,-0.277144226981526,-1.154869660051466,-1.373042195111298,-2.415356636047363,calendar_month_anomaly_only,False,False
2014-08-01,CP,0,-0.008990070365539,-0.000741846048030,0.006916786561382,0.147317705851187,0.094030079074436,0.147107139256958,0.601360440254211,calendar_month_anomaly_only,False,False
2014-09-01,CP,0,0.016014900329814,-0.021755066413056,0.015814174325371,0.498157281503232,0.410125029000842,-0.375558106895956,1.037377834320068,calendar_month_anomaly_only,False,False
2014-10-01,CP,1,0.040870476492979,-0.032217819984052,0.023718129153092,0.936209574012835,0.644246666833061,-0.868832910017353,1.822884440422058,calendar_month_anomaly_only,False,False
2014-11-01,CP,1,0.029644115259638,-0.019771723416379,0.029284083879050,1.097069546438531,1.113001404094806,-0.525759604542193,2.563178062438965,calendar_month_anomaly_only,False,False
2014-12-01,CP,1,0.045823972093354,-0.011674301820889,0.022741555527824,0.468970303141865,-0.236913465366224,-1.173528971054072,-0.037296224385500,calendar_month_anomaly_only,False,False
2015-01-01,CP,1,0.018377633711024,-0.027076950723297,0.011544733854071,-0.234853853360565,0.899726503261883,0.126484556275026,0.622636377811432,calendar_month_anomaly_only,False,False
2015-02-01,CP,0,0.017801346929944,-0.040926937298559,0.022229004569283,0.454131256523730,0.757265392518192,0.595000606258628,2.263665914535522,calendar_month_anomaly_only,False,False
2015-03-01,CP,1,0.157203999552832,0.026436074796628,0.053177351567368,1.439398759323637,-2.255777288130735,-5.191116383913835,-2.380338668823242,calendar_month_anomaly_only,False,False
2015-04-01,CP,1,0.103311811453898,-0.012027823188949,0.048911682524970,1.942256686685476,-1.460635085126629,-2.909600842238794,0.772861957550049,calendar_month_anomaly_only,False,False
2015-05-01,CP,1,0.100848057592402,-0.002757495198184,0.035914011812165,1.366781483615125,-1.342699670485899,-3.055862903067740,-0.379335314035416,calendar_month_anomaly_only,False,False
2015-06-01,CP,1,0.114027596370591,0.004775623493674,0.032668743134641,0.774669883783596,-0.504884714478188,-2.571816344093580,-0.053806845098734,calendar_month_anomaly_only,False,False
2015-07-01,CP,1,0.025863258608943,0.045313070090316,0.044558157222619,1.028081646319974,-2.385090276849338,-1.487644966489565,-2.199140548706055,calendar_month_anomaly_only,False,False
2015-08-01,CP,1,0.107929502487457,-0.016921143982057,0.045989016241145,0.905237927703722,-0.654698388616682,-2.541211434912336,-0.134638309478760,calendar_month_anomaly_only,False,False
2015-09-01,CP,1,0.122250190238515,-0.011429636811524,0.053623759674642,1.114294915294319,-1.811130589461239,-3.779424860854072,-1.034263491630554,calendar_month_anomaly_only,False,False
2015-10-01,CP,1,0.075134872316359,0.039563535670243,0.032502773327501,0.340506206140218,-2.499421295270102,-2.887670947700805,-2.870289564132690,calendar_month_anomaly_only,False,False
2015-11-01,CP,1,0.111625210210305,-0.005561727344998,0.045555581883834,1.387246793556245,-1.618040113838096,-2.952059476874712,0.146365672349930,calendar_month_anomaly_only,False,False
2015-12-01,CP,1,0.183347808365445,0.019538936582122,0.069300737286685,2.195257824473072,-1.416645279725067,-5.078732200717912,0.764007866382599,calendar_month_anomaly_only,False,False
2016-01-01,CP,1,0.130880295233359,0.001019330683727,0.054442045530199,1.187332537684467,0.764620548069909,-3.130266519130357,2.213925123214722,calendar_month_anomaly_only,False,False
2016-02-01,CP,1,0.166666957296803,0.055371216533652,0.043774381978092,1.244392321247493,-3.643972572873235,-5.753902962085430,-2.334724903106689,calendar_month_anomaly_only,False,False
2016-03-01,CP,1,0.080437671730323,-0.007264880279081,0.023957546515316,0.122902036510593,0.051986927085525,-2.116623596328830,0.299375236034393,calendar_month_anomaly_only,False,False
2016-04-01,CP,1,0.064094376959105,0.006187277711614,0.007592396087617,-0.145979603817499,0.320874781280928,-1.394207541423162,0.035396933555603,calendar_month_anomaly_only,False,False
2016-05-01,CP,0,0.031889068013174,0.013151541003867,0.012937431088178,0.447449465569127,-0.084776203906869,-0.674298057322663,0.471385627985001,calendar_month_anomaly_only,False,False
2016-06-01,CP,0,0.054606621145844,-0.018262789261735,0.020352305449713,0.658760601355888,1.095522789520464,-1.037221296504979,2.318098306655884,calendar_month_anomaly_only,False,False
2016-07-01,CP,-1,-0.001297730392986,0.003661070555620,0.004825827784845,0.194889284073088,0.544818161419371,0.096551580099749,1.037755727767944,calendar_month_anomaly_only,False,False
2016-08-01,CP,-1,-0.014784971007981,-0.007837806904170,-0.000168003863076,-0.119073653220895,0.274918859156635,0.589771826404675,0.178743124008179,calendar_month_anomaly_only,False,False
2016-09-01,CP,-1,-0.019577772799154,-0.002066863687123,-0.005772628535244,-0.221066123547282,0.345568337329945,0.644139537914978,0.584536552429199,calendar_month_anomaly_only,False,False
2016-10-01,CP,-1,-0.025754924143231,-0.001416249078784,-0.016824658693191,-0.782002065489823,0.706815123525054,0.873653644847494,-0.077792055904865,calendar_month_anomaly_only,False,False
2016-11-01,CP,-1,-0.039731701232379,0.017224154280053,-0.008833935974621,-0.410811242331681,-0.360004132138416,0.585716023573561,-1.159778594970703,calendar_month_anomaly_only,False,False
2016-12-01,CP,-1,-0.011182344644311,-0.011633784102772,0.007117075590717,0.413088591192054,0.737598012370582,0.104467365320421,0.995758652687073,calendar_month_anomaly_only,False,False
2017-01-01,CP,0,-0.082140286166361,0.001718036059089,-0.025910838608765,-0.626239251010587,1.082140273606232,2.821527045897261,0.868691146373749,calendar_month_anomaly_only,False,False
2017-02-01,CP,0,-0.065821364922189,-0.020739391296667,-0.007771102995190,0.574877414434962,2.070292397134671,2.249325737361204,3.649727582931519,calendar_month_anomaly_only,False,False
2017-03-01,CP,0,-0.068286733767430,-0.019404134623373,-0.018476754810331,-0.127475420469540,2.313281688121934,2.920383174093724,3.250385761260986,calendar_month_anomaly_only,False,False
2017-04-01,CP,0,-0.015468258484265,-0.014134285561389,-0.011357222530421,-0.362272809532640,0.994157776085049,0.848554178580859,0.948766350746155,calendar_month_anomaly_only,False,False
2017-05-01,CP,0,-0.011246878227337,0.006181298876889,-0.003202537299871,0.037159441698753,0.448713197490480,0.646444646690161,0.761361956596375,calendar_month_anomaly_only,False,False
2017-06-01,CP,0,-0.005729146092214,-0.000152135190373,0.011943518803212,0.573003790476164,0.289923727230974,0.314312191814615,1.157302498817444,calendar_month_anomaly_only,False,False
2017-07-01,CP,0,0.003586259122981,-0.010660310580528,-0.005878232583944,0.119998219395769,1.164472278904369,0.452244413523827,1.545366287231445,calendar_month_anomaly_only,False,False
2017-08-01,CP,0,0.005557659976540,-0.012435431360245,-0.008661018700100,-0.082688169588265,1.032955801892427,0.248285784745622,1.284262061119080,calendar_month_anomaly_only,False,False
2017-09-01,CP,0,-0.041533231653753,-0.000093783259434,-0.013034323942238,-0.220595086793065,0.431339540883771,0.959806874168899,0.073250152170658,calendar_month_anomaly_only,False,False
2017-10-01,CP,-1,-0.020899890924546,0.017403984186991,-0.009994257610123,-0.438963893478079,-0.984283841249557,-0.066160849226275,-1.491389870643616,calendar_month_anomaly_only,False,False
2017-11-01,CP,-1,-0.057697754227288,0.017840517066119,-0.025260997212546,-0.953782796639484,-0.663685946709070,1.151032794749399,-1.757630109786987,calendar_month_anomaly_only,False,False
2017-12-01,CP,-1,-0.029644086526382,-0.020797708797997,-0.021900975165770,-0.984086016042935,0.766185027009370,0.545240397011968,-0.474268049001694,calendar_month_anomaly_only,False,False
2018-01-01,CP,-1,-0.112148135304289,0.020935016244880,-0.033722379027384,-0.888626714212116,0.869094372571895,3.445943532786996,0.185413002967834,calendar_month_anomaly_only,False,False
2018-02-01,CP,-1,0.042902610735499,-0.025557322175997,0.007415897112239,0.605641294687135,0.503595761293792,-1.400162492842062,1.666831135749817,calendar_month_anomaly_only,False,False
2018-03-01,CP,-1,0.009077973143686,0.009405295007805,0.011098682218350,0.252309742807557,-1.331911344141277,-1.078152578300209,-1.745348095893860,calendar_month_anomaly_only,False,False
2018-04-01,CP,-1,-0.010516006695728,0.000856708729643,0.012532858412974,0.785149643971682,-0.703097492149178,-0.489919920494309,-0.013707566075027,calendar_month_anomaly_only,False,False
2018-05-01,CP,0,-0.023788530419950,0.032423275976836,-0.000068254235487,0.466287496051277,-1.579000134591724,-0.511009574118058,-1.375499248504639,calendar_month_anomaly_only,False,False
2018-06-01,CP,0,-0.043443862481162,0.024046745849047,0.000343956609964,0.208901693737785,-1.751147331736127,-0.098109218081687,-1.777347087860107,calendar_month_anomaly_only,False,False
2018-07-01,CP,0,0.004861281368355,0.012155894778896,0.005134133898846,0.292533787874517,-0.930830008322861,-0.609594154977474,-0.826642274856567,calendar_month_anomaly_only,False,False
2018-08-01,CP,0,-0.001730127153813,-0.008569368461393,0.018007055236651,0.527972031860068,0.083967816811175,0.162401029645610,0.905905723571777,calendar_month_anomaly_only,False,False
2018-09-01,CP,1,0.049086983194441,-0.028475488583098,0.038455654427326,1.223939029877982,0.021560362263359,-1.328476181092735,1.544956803321838,calendar_month_anomaly_only,False,False
2018-10-01,CP,1,0.011320362718633,-0.036762996471162,0.027100895058962,1.376648467617672,1.471873099122828,0.481519005626497,3.415851831436157,calendar_month_anomaly_only,False,False
2018-11-01,CP,1,0.054911422227434,-0.028083162811943,0.021189381925977,0.813533694373104,0.222785597747165,-1.370187481628736,1.139070272445679,calendar_month_anomaly_only,False,False
2018-12-01,CP,1,0.063811216470145,0.002908391097279,0.025472209904587,0.838701599846829,-1.212797443604220,-1.669094279342239,-0.605016052722931,calendar_month_anomaly_only,False,False
2019-01-01,CP,1,0.072131850142305,-0.045619797915741,0.022265321956189,0.264640550060188,1.350513971319609,-1.013542233232835,1.589080810546875,calendar_month_anomaly_only,False,False
2019-02-01,CP,1,0.120203431333916,0.024255643550533,0.053377575777597,1.702265021060096,-1.871345890998261,-4.359439574782126,-1.496788620948792,calendar_month_anomaly_only,False,False
2019-03-01,CP,1,0.046764951104610,0.020670713549205,0.027836409596732,0.847566470792920,-2.401414436332040,-2.856877432009766,-2.277662992477417,calendar_month_anomaly_only,False,False
2019-04-01,CP,1,0.031833691331767,-0.027909566547701,0.006002351568903,0.422389765884363,1.288188643441844,-0.469143723551976,1.969535112380981,calendar_month_anomaly_only,False,False
2019-05-01,CP,1,0.076458597696458,0.002285263270192,0.043210351308742,1.478733889262712,-0.906658401728033,-1.687405314951122,0.435628592967987,calendar_month_anomaly_only,False,False
2019-06-01,CP,1,0.029892792013143,-0.000572591059870,0.011999818771878,0.408416119897751,-0.127111572769547,-0.698490037217159,-0.029498150572181,calendar_month_anomaly_only,False,False
2019-07-01,CP,0,0.055996850159955,-0.029334091699063,0.041512896532068,1.520963490963060,0.852622140539028,-0.967752728550650,2.971440553665161,calendar_month_anomaly_only,False,False
2019-08-01,CP,0,0.049943906287496,0.000059000878230,0.019449548595917,1.007892097833104,-0.694159322953537,-1.410782087511778,0.555261194705963,calendar_month_anomaly_only,False,False
2019-09-01,CP,0,0.014287990141733,0.018268482075093,0.030255646079262,0.867968472886434,-0.710529459859636,-0.794908497850137,0.197232186794281,calendar_month_anomaly_only,False,False
2019-10-01,CP,1,0.011399201387737,-0.017747386115187,0.025035754746319,1.379863634272138,1.064658064851975,0.446490232768680,3.113990306854248,calendar_month_anomaly_only,False,False
2019-11-01,CP,1,0.031083739548788,0.003888518572402,0.024668426475941,0.942910010287287,-0.687275700639685,-0.865919543032858,0.018059432506561,calendar_month_anomaly_only,False,False
2019-12-01,CP,1,0.059396573084667,-0.011100363454681,0.036003963854990,1.499748202944697,-0.154327169923075,-1.914656076618639,1.276495695114136,calendar_month_anomaly_only,False,False
2020-01-01,CP,1,0.083297497704423,0.000826144051934,0.034003847012355,1.346533108068571,-1.248659329750052,-2.790740841166288,-0.221274241805077,calendar_month_anomaly_only,False,False
2020-02-01,CP,0,0.091979291446100,0.028728109680956,0.031794375507338,0.888964147244101,-2.725280600687589,-3.851132127298808,-2.610347747802734,calendar_month_anomaly_only,False,False
2020-03-01,CP,1,-0.003220932504787,-0.004619508292493,0.009684220351752,0.528889454646557,0.064597490119640,-0.152561561796453,0.520446360111237,calendar_month_anomaly_only,False,False
2020-04-01,CP,0,-0.009641920934344,-0.001792722209428,0.006584242249475,0.484969184546722,0.166702653173142,0.341722240092475,0.838908791542053,calendar_month_anomaly_only,False,False
2020-05-01,CP,0,-0.037271444056718,0.002827443885961,-0.021747485530875,-0.852150320599933,-0.089309214606331,0.081111353846622,-1.093705296516418,calendar_month_anomaly_only,False,False
2020-06-01,CP,0,-0.016599705182769,0.006122114028163,-0.006210624864029,-0.244143643951722,0.578782063622782,0.452869016990753,0.497520506381989,calendar_month_anomaly_only,False,False
2020-07-01,CP,0,-0.000974092394425,-0.011155316854352,0.004206351407346,0.481618596909060,0.947741494545912,0.369635137023810,1.863788485527039,calendar_month_anomaly_only,False,False
2020-08-01,CP,-1,-0.038010030062878,0.004182578216078,-0.016824346158005,-0.438564712956305,0.113121848588641,0.777804146755531,-0.419616580009460,calendar_month_anomaly_only,False,False
2020-09-01,CP,-1,-0.023947541106048,0.006892214624832,-0.010189209208435,-0.000812377084404,0.177139054881399,0.221740122168482,0.103648975491524,calendar_month_anomaly_only,False,False
2020-10-01,CP,-1,-0.052822333969426,0.014746261925681,-0.035921460126184,-1.427350687482078,-0.215446673169266,0.906285535656302,-1.827509880065918,calendar_month_anomaly_only,False,False
2020-11-01,CP,-1,-0.065309475937485,0.009548351258347,-0.041654150296114,-1.681648568340928,0.413526135597867,1.589520467694015,-1.356765031814575,calendar_month_anomaly_only,False,False
2020-12-01,CP,-1,-0.109734882324411,0.024125523695882,-0.055254681167202,-1.383837735332944,-0.548300922988456,2.015606365027591,-1.848095059394836,calendar_month_anomaly_only,False,False
2021-01-01,CP,-1,-0.175590408935648,0.035116314317356,-0.069551852186299,-2.081054251519031,0.441333599388160,4.597237110706580,-1.376698136329651,calendar_month_anomaly_only,False,False
2021-02-01,CP,-1,-0.063506343904288,-0.010083331699797,-0.023088590636441,-0.934768461719810,0.133430540667042,1.281370594004516,-1.369976043701172,calendar_month_anomaly_only,False,False
2021-03-01,CP,-1,-0.060251557883654,0.010366402415026,-0.011430307872455,-0.322601141461040,-0.609043287005990,1.250351236497366,-1.019714355468750,calendar_month_anomaly_only,False,False
2021-04-01,CP,-1,0.009642148728729,0.014382422700182,0.009575224870543,-0.136068532995766,-1.731510904552289,-0.833410361154076,-2.305171489715576,calendar_month_anomaly_only,False,False
2021-05-01,CP,-1,0.001099351832823,0.002140589030261,-0.010785097045900,-0.314876104588119,-0.634874440291932,-0.677934218193227,-1.259553313255310,calendar_month_anomaly_only,False,False
2021-06-01,CP,0,-0.053455396400717,-0.003789301138121,-0.008785509180449,-0.157182485922654,0.040389788843135,0.920172761800950,0.077352292835712,calendar_month_anomaly_only,False,False
2021-07-01,CP,0,-0.026138844376265,-0.004139327326508,-0.016281785790899,-0.113178607271541,-0.055274575065877,0.110980222509118,-0.092941015958786,calendar_month_anomaly_only,False,False
2021-08-01,CP,-1,-0.054364235628665,0.010474189295385,-0.012875003466483,-0.286268191094987,0.257582020172628,1.384667313272452,0.074734471738338,calendar_month_anomaly_only,False,False
2021-09-01,CP,-1,-0.055177524209671,0.018876271879575,-0.028119037741133,-0.255928524282360,-0.162858756584709,1.247539948527357,-0.384085983037949,calendar_month_anomaly_only,False,False
2021-10-01,CP,-1,-0.056338566185654,0.019374813783664,-0.032250493997199,-1.396621266797118,-0.073587159992394,1.112936916752812,-1.828948855400085,calendar_month_anomaly_only,False,False
2021-11-01,CP,-1,-0.067360580189697,0.028056884879369,-0.035572429225439,-1.038460673819093,-0.041177594603056,1.481912761590939,-0.909608244895935,calendar_month_anomaly_only,False,False
2021-12-01,CP,-1,-0.033897332563612,0.006272344214002,-0.011627996768115,-0.688541377283513,-1.305739111125948,0.233458433647213,-2.557056665420532,calendar_month_anomaly_only,False,False
2022-01-01,CP,-1,-0.056279815103159,0.003436555934352,-0.017342043570846,-0.255556094025617,-0.592704686147218,0.720629740961272,-0.732210099697113,calendar_month_anomaly_only,False,False
2022-02-01,CP,-1,-0.119943194507184,0.021290882218455,-0.048350234282134,-1.122583133960945,0.355354054440062,3.265800299028431,-0.746194422245026,calendar_month_anomaly_only,False,False
2022-03-01,CP,-1,-0.097798305037390,-0.015792164472657,-0.051239648935448,-0.974203801704582,2.329379768482422,3.105041753303938,1.898291945457458,calendar_month_anomaly_only,False,False
2022-04-01,CP,-1,-0.078864720228567,-0.001159870887607,-0.031336812110971,-0.645036263595970,0.356952618057869,1.728464167155368,-0.496381491422653,calendar_month_anomaly_only,False,False
2022-05-01,CP,-1,-0.042061757136927,0.009104790673097,-0.020746750803825,-0.525479751844097,-0.228324568407314,0.500455600505526,-0.932038128376007,calendar_month_anomaly_only,False,False
2022-06-01,CP,-1,-0.060135285253564,0.027449044149936,-0.017417388129512,0.392752941533960,-0.991563490244183,0.614688128780063,-0.241161331534386,calendar_month_anomaly_only,False,False
2022-07-01,CP,-1,-0.059716324701763,0.014298341763640,-0.041211357728227,-0.937113778091939,-1.054875897448374,0.519847493416012,-1.851261615753174,calendar_month_anomaly_only,False,False
2022-08-01,CP,-1,-0.090974164751038,0.018097636665682,-0.049237977165846,-1.132698841619581,0.049130235117226,2.182164547523522,-1.174448013305664,calendar_month_anomaly_only,False,False
2022-09-01,CP,-1,-0.093665600928412,0.019212872333525,-0.046766217944074,-1.517026324597785,0.281974415270290,2.191597675957844,-1.410611033439636,calendar_month_anomaly_only,False,False
2022-10-01,CP,-1,-0.075512250902353,-0.001893974714413,-0.053290581606856,-1.627030648349123,0.965084747980917,2.300992584658461,-0.157869726419449,calendar_month_anomaly_only,False,False
2022-11-01,CP,-1,-0.102915602791244,0.025682884836693,-0.028237525557970,-0.738717542753816,0.174728539449227,2.583372169806553,-0.544908940792084,calendar_month_anomaly_only,False,False
2022-12-01,CP,-1,-0.107685594490912,0.000128301307295,-0.041811862305499,-1.151004346736550,0.822235594727241,2.990093712955893,-0.124927014112473,calendar_month_anomaly_only,False,False
2023-01-01,CP,-1,-0.139195661654803,0.026332192778392,-0.049252095797904,-1.353219807151921,0.074064677440479,3.676247425849414,-1.440856575965881,calendar_month_anomaly_only,False,False
2023-02-01,CP,-1,-0.090270457380504,-0.002305483590300,-0.032606939047445,-1.082312769540221,0.667626154650521,2.662004304421242,-1.265467166900635,calendar_month_anomaly_only,False,False
2002-07-01,EP,1,0.004821976227238,0.010595338707558,0.006548481943310,-0.559145717132100,-0.584713190747026,-0.506323328380101,-0.858182966709137,calendar_month_anomaly_only,False,False
2002-08-01,EP,1,0.000694681698191,-0.003080145658026,-0.014524208540411,-1.695226515430345,0.527106196784601,0.285516327307779,-0.718228697776794,calendar_month_anomaly_only,False,False
2002-09-01,EP,1,0.011188152464792,-0.011471418048879,0.014813515579726,1.858859291316179,0.287504238456050,-0.138078858597996,1.999262928962708,calendar_month_anomaly_only,False,False
2002-10-01,EP,1,0.027830189030300,0.001776003164388,0.015069466469114,0.718895398588135,-0.164441534318112,-0.504693254082857,0.951399683952332,calendar_month_anomaly_only,False,False
2002-11-01,EP,1,0.031036358467064,-0.000044539313040,0.023735453135069,2.445442041142165,-0.070298907525723,-0.839502078574199,2.280503749847412,calendar_month_anomaly_only,False,False
2002-12-01,EP,1,0.027017426756508,0.007028094500282,0.011362233198782,0.664171186794391,-0.943879032304713,-1.146218280989340,-0.667607605457306,calendar_month_anomaly_only,False,False
2003-01-01,EP,1,0.008585263268530,-0.006240942619241,-0.037734010971438,-2.547398853310217,0.146465089464157,-0.112846064914407,-2.293780803680420,calendar_month_anomaly_only,False,False
2003-02-01,EP,1,-0.016289603267245,-0.004694638378698,-0.020506154366964,-1.674266491344772,0.330912779961125,0.595097077411504,-0.626597046852112,calendar_month_anomaly_only,False,False
2003-03-01,EP,0,-0.024131468341305,0.016342013858388,-0.010390549857910,-0.799940181598679,-0.159922251351684,0.378433489729809,-1.166306614875793,calendar_month_anomaly_only,False,False
2003-04-01,EP,0,-0.023583315816413,0.007445358483911,-0.009116866584821,-0.811505041300356,-0.050475406929272,0.546977610059699,-0.984888136386871,calendar_month_anomaly_only,False,False
2003-05-01,EP,-1,-0.027776051145110,0.016924518315845,-0.029150751463404,-2.546080662694598,-0.055383587838902,0.799078731707209,-2.750427246093750,calendar_month_anomaly_only,False,False
2003-06-01,EP,0,-0.012115195314899,-0.000870635414126,-0.002348519664187,-0.765114272926549,0.195248698411715,0.340461887394444,-0.654324650764465,calendar_month_anomaly_only,False,False
2003-07-01,EP,0,-0.018404574945644,0.004785630674398,0.004597530600344,0.629219321143879,0.176979539468443,0.626358227451667,0.709977388381958,calendar_month_anomaly_only,False,False
2003-08-01,EP,0,-0.014760743290566,-0.002404926530271,-0.001058505773596,-0.445013012003471,0.299664837400131,0.553811970724502,0.281582593917847,calendar_month_anomaly_only,False,False
2003-09-01,EP,0,0.004066905090512,-0.013690167019397,0.027317119421256,1.846864941459774,0.700473483770031,0.255959394616015,2.495102882385254,calendar_month_anomaly_only,False,False
2003-10-01,EP,0,-0.006384361189388,-0.001051747221137,0.015247916866779,1.610482861963504,0.250809079215783,0.297432630706758,1.773751616477966,calendar_month_anomaly_only,False,False
2003-11-01,EP,0,0.010380210306234,0.002675674974015,0.019495519509379,1.187488421973640,-0.273974505272073,-0.196192262145015,1.108434081077576,calendar_month_anomaly_only,False,False
2003-12-01,EP,0,0.000323220056962,0.000685002369285,0.007265896239582,2.115825695963128,0.109578023893315,0.025523664938999,2.168853282928467,calendar_month_anomaly_only,False,False
2004-01-01,EP,0,0.006121046737058,-0.022830450350382,0.014196045999750,1.934879320678487,0.244503691045959,-0.061007321354081,2.414473772048950,calendar_month_anomaly_only,False,False
2004-02-01,EP,0,-0.015112367396442,0.013886648249747,-0.006836370434197,-0.101470296261603,0.361294057687937,0.469620629677349,1.124046564102173,calendar_month_anomaly_only,False,False
2004-03-01,EP,0,0.027219670064175,-0.002826922684767,-0.007480800861293,-1.110894809541829,-0.123482110896976,-0.649896661538494,-1.381003260612488,calendar_month_anomaly_only,False,False
2004-04-01,EP,0,-0.000381411941281,-0.013947837775191,0.002329660321694,0.144894978670619,0.586234827638629,0.335676020142646,0.856627762317657,calendar_month_anomaly_only,False,False
2004-05-01,EP,0,-0.012599955172076,0.003708770750838,-0.009712048021593,-1.190286823667211,-0.170227168592693,0.275579418782039,-1.305773854255676,calendar_month_anomaly_only,False,False
2004-06-01,EP,0,-0.012801895986656,-0.003791589910965,-0.024179373051788,-1.943168423452839,0.425754161376659,0.767105023127210,-1.608902931213379,calendar_month_anomaly_only,False,False
2004-07-01,EP,1,0.008420313584132,-0.012746418447957,0.002914489031951,0.167146641377631,0.649661910899517,0.246652011239470,1.324374556541443,calendar_month_anomaly_only,False,False
2004-08-01,EP,1,-0.002073928823755,-0.000400405268861,-0.017627772776422,-2.477580191101715,0.390027252116720,0.302339995307078,-1.504752874374390,calendar_month_anomaly_only,False,False
2004-09-01,EP,1,0.000375242961487,-0.007301727245448,0.013543660117230,1.729029362012238,0.533762438652669,0.301113760439087,2.692634105682373,calendar_month_anomaly_only,False,False
2004-10-01,EP,1,0.002176237085372,-0.001178329396719,0.007444332576906,1.732530595034273,0.264989363493085,0.195837911170074,1.624785900115967,calendar_month_anomaly_only,False,False
2004-11-01,EP,1,0.010784321069179,-0.000637092381990,0.027629649021578,2.465242000144809,0.092095155981478,-0.190039471847558,2.814608812332153,calendar_month_anomaly_only,False,False
2004-12-01,EP,1,0.013635652577964,0.004563241608138,0.023677900209645,2.406904190715970,-0.531969007778249,-0.606825010952861,1.793173432350159,calendar_month_anomaly_only,False,False
2005-01-01,EP,1,-0.024841348044641,0.008683039827888,-0.003139470379668,0.467017233009805,0.281347233574368,0.565980857035333,1.020115971565247,calendar_month_anomaly_only,False,False
2005-02-01,EP,0,-0.009362990738425,-0.007218277632386,-0.008977574997814,-0.736237604495832,0.309919788799070,0.503273538165781,-0.606602430343628,calendar_month_anomaly_only,False,False
2005-03-01,EP,1,-0.027116419620017,0.004436780642548,-0.003554243426581,-0.217824403254882,0.151284145894480,0.773562302435405,-0.771612524986267,calendar_month_anomaly_only,False,False
2005-04-01,EP,0,-0.012216827293291,0.007512844066224,-0.011230017674389,-0.985090939554992,-0.296492879007421,0.095350146739031,-1.452417135238647,calendar_month_anomaly_only,False,False
2005-05-01,EP,0,0.003854905499017,-0.006933082384074,-0.000470875296197,0.469578778593835,0.958801807826000,0.506785302112872,1.988200187683105,calendar_month_anomaly_only,False,False
2005-06-01,EP,0,-0.007140618550455,-0.002290113357709,0.005094924565546,-0.601101906754813,0.596895077758916,0.428008155446968,0.164334341883659,calendar_month_anomaly_only,False,False
2005-07-01,EP,0,-0.013618206329902,-0.006888338816516,-0.010468260285798,-1.098682089119279,0.750868673594469,0.876468857425775,-0.350471168756485,calendar_month_anomaly_only,False,False
2005-08-01,EP,0,-0.006439888968878,0.000801797340081,0.007537380035581,0.255345725998303,0.313788214825692,0.413484625774628,0.984868824481964,calendar_month_anomaly_only,False,False
2005-09-01,EP,0,0.011305618401670,0.005020320295822,0.013127986855462,0.769057819892218,-0.463369912023727,-0.542416755808780,0.379642814397812,calendar_month_anomaly_only,False,False
2005-10-01,EP,0,-0.021769144565156,-0.009912385754158,-0.012036916984496,0.043460057424184,0.735396652439887,0.949505108803372,0.547876358032227,calendar_month_anomaly_only,False,False
2005-11-01,EP,-1,-0.006841223810007,0.007049694964214,-0.013315220138843,-0.883314168101414,0.038925286782636,0.250973400564475,-0.943422615528107,calendar_month_anomaly_only,False,False
2005-12-01,EP,-1,-0.018946095873815,-0.003941920544000,0.019039597474870,2.435464008767511,0.162893931899211,0.457646981571792,2.627708435058594,calendar_month_anomaly_only,False,False
2006-01-01,EP,-1,0.017484497899491,0.009435930888862,0.032778506239408,2.572030566012602,-0.292937815870899,-0.512757437557912,2.338807344436646,calendar_month_anomaly_only,False,False
2006-02-01,EP,-1,0.006634957755718,-0.013699702735684,0.013892913719337,0.476666638221797,0.430366186869493,0.296385023559053,0.444944858551025,calendar_month_anomaly_only,False,False
2006-03-01,EP,-1,0.002020539188592,-0.012565356649803,0.000473741320184,0.332119968478152,0.433215233561779,0.401023492791871,1.359837055206299,calendar_month_anomaly_only,False,False
2006-04-01,EP,0,-0.004674988382438,-0.008228001243557,-0.003434426797794,-0.313793892064668,0.906060699818052,0.574720912811962,0.867364585399628,calendar_month_anomaly_only,False,False
2006-05-01,EP,0,0.005852601049919,-0.006780536912419,0.018250393856407,0.742287591783665,0.234337041112811,0.218784148342967,1.271274685859680,calendar_month_anomaly_only,False,False
2006-06-01,EP,0,-0.000514765133430,0.000067033794755,-0.016930486127085,-1.499914890174335,0.124354608246542,0.162120071009154,-1.091500163078308,calendar_month_anomaly_only,False,False
2006-07-01,EP,0,-0.000251290129552,0.004607980980315,0.020620174850705,1.213291025062428,-0.441819504537251,-0.330748533000126,0.426822900772095,calendar_month_anomaly_only,False,False
2006-08-01,EP,0,-0.009207611251128,-0.008571189549936,0.009492579103484,1.308993717717136,0.764577512104046,0.754106310234977,2.258333444595337,calendar_month_anomaly_only,False,False
2006-09-01,EP,1,0.004439559674535,-0.004993443451442,0.025315430341645,2.595349771975265,0.174485512530883,0.179897999736080,3.267064571380615,calendar_month_anomaly_only,False,False
2006-10-01,EP,1,0.047292083608911,-0.002974559446212,0.043127213325612,4.707119981955568,-0.519123245554736,-1.245683443236521,4.381434917449951,calendar_month_anomaly_only,False,False
2006-11-01,EP,1,0.012219916702379,0.011102471480642,0.045658945228147,5.563527895539771,-0.748600505310394,-0.694693006883783,4.309559822082520,calendar_month_anomaly_only,False,False
2006-12-01,EP,1,0.020072204341659,-0.004634880667007,0.021577112943312,2.381314152238147,-0.076565573644264,-0.590593881944375,2.364608526229858,calendar_month_anomaly_only,False,False
2007-01-01,EP,1,0.013463022444060,-0.012114594589750,-0.004624791994945,-0.980883944745862,-0.262820304155981,-0.292842579174026,-3.129992246627808,calendar_month_anomaly_only,False,False
2007-02-01,EP,0,-0.005176282567430,-0.007775569597201,-0.001967559712601,0.519749609389734,0.516478422878867,0.261705462884978,1.116379618644714,calendar_month_anomaly_only,False,False
2007-03-01,EP,0,-0.003249232047332,0.009610210804590,-0.008594354886688,-0.484380087189775,-0.137942481995233,-0.016490195524876,-0.510833919048309,calendar_month_anomaly_only,False,False
2007-04-01,EP,0,-0.009464928297087,0.008238804070843,-0.002147133198422,-0.595965540729619,-0.155039132770994,0.166943255365834,-0.679465234279633,calendar_month_anomaly_only,False,False
2007-05-01,EP,-1,-0.004429549144322,-0.000301223110514,-0.020411040300753,-2.011813941733299,0.334047457856980,0.232398771042948,-1.347206473350525,calendar_month_anomaly_only,False,False
2007-06-01,EP,0,-0.020378089521707,-0.006115408017245,-0.017137563220335,-1.047723662977425,0.802687561478292,1.006134435260486,0.094082027673721,calendar_month_anomaly_only,False,False
2007-07-01,EP,-1,-0.033346426363663,-0.004570797061615,-0.022801870515173,-1.906703433451455,0.558655615230191,1.075768920555107,-1.106916308403015,calendar_month_anomaly_only,False,False
2007-08-01,EP,-1,-0.027804680035578,0.011818519452195,-0.021974302728733,-1.583511481583276,-0.253067024985127,0.445200482661462,-2.264334678649902,calendar_month_anomaly_only,False,False
2007-09-01,EP,-1,-0.040462681334949,0.003550441902238,-0.050903555309457,-4.910327691984921,0.744556966374495,1.434220103474276,-3.755309104919434,calendar_month_anomaly_only,False,False
2007-10-01,EP,-1,-0.048447730902973,0.003450632385502,-0.043283086993994,-3.690056305207804,0.559354228715148,1.272385584361932,-3.580340862274170,calendar_month_anomaly_only,False,False
2007-11-01,EP,-1,-0.007352991445797,0.003925231771743,-0.055431142158379,-6.369460879029102,0.473244551189789,0.451912651006912,-5.730675697326660,calendar_month_anomaly_only,False,False
2007-12-01,EP,-1,-0.034206490632772,0.009849208355576,-0.033967598949769,-2.914966684026361,0.083829073734047,0.886696291490832,-3.227624654769897,calendar_month_anomaly_only,False,False
2008-01-01,EP,-1,-0.004521659471949,-0.021314998276884,-0.014379779412977,-1.555940511561932,0.745109688629200,0.801388467748398,-1.850182294845581,calendar_month_anomaly_only,False,False
2008-02-01,EP,-1,0.007182614477310,-0.000776019399533,0.011839260491600,1.362904929685866,0.362344551242060,-0.047378437825023,2.147714376449585,calendar_month_anomaly_only,False,False
2008-03-01,EP,-1,0.020179677611590,0.000139298149031,0.001456847274792,0.006421733419485,-0.582383227809061,-0.616766913844720,0.021288326010108,calendar_month_anomaly_only,False,False
2008-04-01,EP,-1,0.002291178853059,-0.004644748627705,0.017981294911885,1.184092367578629,0.154415976295457,0.274115275739762,1.133056402206421,calendar_month_anomaly_only,False,False
2008-05-01,EP,-1,-0.001458247488171,-0.009526421592325,0.024902469013926,1.487317748438221,0.633511164253264,0.339709266581567,2.060185670852661,calendar_month_anomaly_only,False,False
2008-06-01,EP,-1,-0.003493401136535,0.007459130838502,0.003739658469532,0.427380222315062,0.280689145804168,0.363928687656244,0.584534883499146,calendar_month_anomaly_only,False,False
2008-07-01,EP,0,0.014054218952768,-0.005410593601765,0.031795920029323,2.604841660708679,0.211802840019885,-0.126198306420163,2.837485313415527,calendar_month_anomaly_only,False,False
2008-08-01,EP,0,0.002679304557330,0.011935624202778,0.030155058375571,3.970405620576908,-0.745549546228312,-0.501287572734146,3.013900518417358,calendar_month_anomaly_only,False,False
2008-09-01,EP,0,0.031364195092119,-0.010500082186297,0.030097703481028,2.999265524063350,-0.298881071993995,-0.832218151001845,1.984300494194031,calendar_month_anomaly_only,False,False
2008-10-01,EP,0,-0.001632810720936,0.011343341981295,0.000675835179597,1.048564712486971,-0.755112021920366,-0.518570160558462,-0.261645466089249,calendar_month_anomaly_only,False,False
2008-11-01,EP,-1,-0.018195389899427,0.000343291483338,-0.020312379721952,-1.061705340955061,-0.171784668625507,0.215217100916503,-1.329572319984436,calendar_month_anomaly_only,False,False
2008-12-01,EP,-1,-0.008196476385281,-0.009527370763876,0.029060102822713,3.249505422438602,0.711624310215925,0.648837029030647,4.340633392333984,calendar_month_anomaly_only,False,False
2009-01-01,EP,-1,-0.001051546101520,-0.007676446005128,0.039104505286909,3.247485244398160,0.843629910102115,0.472183462023269,3.733300209045410,calendar_month_anomaly_only,False,False
2009-02-01,EP,-1,-0.000201300285979,-0.002356903296068,0.007506920070992,0.283363125350341,0.147735020811811,0.060054875033796,-0.562897443771362,calendar_month_anomaly_only,False,False
2009-03-01,EP,-1,-0.006303658597037,0.001058914189566,0.021276240932766,1.690739925518645,-0.117039269499662,0.239728989030144,1.684327960014343,calendar_month_anomaly_only,False,False
2009-04-01,EP,0,-0.025928581643425,-0.002180588042107,0.012680563304192,1.212628663297531,0.709459520480010,0.990982996999305,1.772939443588257,calendar_month_anomaly_only,False,False
2009-05-01,EP,0,-0.011954173490407,-0.015985225937861,0.033374502071676,2.844402997935017,1.100974996696100,1.040596549794576,4.914782524108887,calendar_month_anomaly_only,False,False
2009-06-01,EP,0,0.043948500403291,-0.022918559925319,0.046429065530494,2.902325637372730,0.536245734528920,-0.450681327581019,4.194524288177490,calendar_month_anomaly_only,False,False
2009-07-01,EP,1,0.001723493886160,0.001812681564935,0.003462034866533,0.849716123476522,0.066631333173812,0.086610556610608,1.036049723625183,calendar_month_anomaly_only,False,False
2009-08-01,EP,1,0.023164816101975,0.006377881839656,0.033038500669283,2.734182462576687,-0.632475084238224,-0.751281119520991,1.940203189849854,calendar_month_anomaly_only,False,False
2009-09-01,EP,1,-0.000304918627702,-0.003164605429748,0.000270390476280,0.255652927732541,0.428331600982735,0.389807066960797,0.766686975955963,calendar_month_anomaly_only,False,False
2009-10-01,EP,1,0.036583804341799,0.002924386811459,0.030817934865941,1.513115746820638,-0.572800696187400,-0.983720433866292,1.068431258201599,calendar_month_anomaly_only,False,False
2009-11-01,EP,1,0.005546864535492,-0.007558139564412,0.005154522092874,-0.797582288414166,0.012913498420115,-0.249175490940214,-1.077401518821716,calendar_month_anomaly_only,False,False
2009-12-01,EP,1,0.008920527889192,0.000311256161775,0.004166153846409,-0.940424208679623,-0.243027158127164,-0.396646804872545,-1.247197747230530,calendar_month_anomaly_only,False,False
2010-01-01,EP,1,-0.014408251911611,0.002886596215244,-0.051768743780375,-3.944680967387978,0.164731435858696,0.277734822362185,-3.422676086425781,calendar_month_anomaly_only,False,False
2010-02-01,EP,1,0.082442648382082,-0.011580906278726,-0.007713043936236,-2.825113033098701,-1.460620559550253,-2.705634843872502,-6.519642829895020,calendar_month_anomaly_only,False,False
2010-03-01,EP,1,0.042897605359827,-0.005672891118331,-0.022769245391219,-2.441415362729796,-1.152916539182105,-1.758677738095610,-4.380953788757324,calendar_month_anomaly_only,False,False
2010-04-01,EP,0,0.026612673498063,0.010341976766224,-0.015037268493967,-1.087584542758337,-1.098940301019038,-1.213836493739483,-2.664737224578857,calendar_month_anomaly_only,False,False
2010-05-01,EP,0,-0.012862842963607,0.013292185263976,-0.026553186776890,-1.674536093010108,-0.223588072723499,0.115374361303707,-2.365932464599609,calendar_month_anomaly_only,False,False
2010-06-01,EP,-1,-0.018449611211099,0.009454841599998,-0.030791009471120,-1.980469713921767,-0.852488977389180,-0.203535143672833,-3.711873292922974,calendar_month_anomaly_only,False,False
2010-07-01,EP,-1,-0.027093316751945,-0.000655556165227,-0.033156415373183,-2.148192918122980,0.128262135359825,0.623796374934249,-2.884056329727173,calendar_month_anomaly_only,False,False
2010-08-01,EP,-1,-0.009136867253367,0.010375130963486,-0.033927137315791,-2.882826680556075,-0.773129351281565,-0.315435919672541,-5.009662628173828,calendar_month_anomaly_only,False,False
2010-09-01,EP,-1,-0.004942698248622,0.015462379442025,-0.022569519140637,-1.987643113084925,-0.992307166011158,-0.505151866073591,-4.037378311157227,calendar_month_anomaly_only,False,False
2010-10-01,EP,-1,-0.050727356997272,-0.004588765608991,-0.056271126482085,-5.177094956398477,0.970754213353257,1.554214776825876,-4.843551158905029,calendar_month_anomaly_only,False,False
2010-11-01,EP,-1,-0.030289846484113,0.010542333468959,-0.026752961671426,-2.037903842230897,-0.115539314092297,0.666936354430459,-2.712023496627808,calendar_month_anomaly_only,False,False
2010-12-01,EP,-1,-0.034995212909235,-0.007188673764101,-0.034297445415173,-1.576995558870511,0.391347072858598,1.058952195404778,-1.825008034706116,calendar_month_anomaly_only,False,False
2011-01-01,EP,-1,0.012458188252783,-0.012024066258829,-0.013958138030446,-0.446661228419629,0.091442813778091,0.016809034643463,-0.279744595289230,calendar_month_anomaly_only,False,False
2011-02-01,EP,-1,-0.022285785636389,-0.006069969262642,-0.014767886346530,-0.001613251723406,0.680695564921712,0.963945796686322,0.208143323659897,calendar_month_anomaly_only,False,False
2011-03-01,EP,-1,-0.017342698289086,-0.007349445429276,-0.010550290133561,0.136087927225669,0.431842152784635,0.603378732237623,0.708973228931427,calendar_month_anomaly_only,False,False
2011-04-01,EP,-1,0.007370700023401,-0.005336855448177,-0.008723372509246,-0.253250531265154,0.249751646494148,0.113639855631584,0.019720468670130,calendar_month_anomaly_only,False,False
2011-05-01,EP,-1,0.007201157604818,0.001763145647961,-0.006580930617036,-0.237573262488679,-0.027791281669111,-0.198251435916697,-1.061341404914856,calendar_month_anomaly_only,False,False
2011-06-01,EP,0,-0.013648215620000,-0.007464624573344,-0.024231744313529,-1.470074940309658,0.591747887733606,0.570133115182315,-1.353550553321838,calendar_month_anomaly_only,False,False
2011-07-01,EP,0,-0.010470434836705,0.003085737875674,0.003673412266498,1.462977197547239,-0.234246175626725,-0.079920063417678,0.493264853954315,calendar_month_anomaly_only,False,False
2011-08-01,EP,-1,-0.035590800557026,-0.001713891355885,-0.028108491043824,-1.145517287270060,0.337713394916818,0.971998390311817,-1.672025680541992,calendar_month_anomaly_only,False,False
2011-09-01,EP,-1,-0.024940915408165,0.006536627662380,-0.034683536594452,-3.012103814823487,-0.034925562191887,0.543178003548141,-3.539320707321167,calendar_month_anomaly_only,False,False
2011-10-01,EP,-1,-0.012030455074719,-0.004680372601336,0.013137235802293,2.569325728988275,0.188970192945870,0.274975687240261,1.756568551063538,calendar_month_anomaly_only,False,False
2011-11-01,EP,-1,-0.027673220976276,-0.000405444839773,-0.020741803554094,-1.262346740086031,0.138746470119010,0.779020957562332,-1.454966425895691,calendar_month_anomaly_only,False,False
2011-12-01,EP,-1,-0.003232179092195,0.005454182583939,-0.011844991831564,-1.259013319252713,0.284256873852238,0.253455072309472,-1.389131665229797,calendar_month_anomaly_only,False,False
2012-01-01,EP,-1,-0.010925338094159,0.001374600749182,0.039220023510691,3.443075185922737,0.201803920317356,0.285550692141876,3.085701465606689,calendar_month_anomaly_only,False,False
2012-02-01,EP,-1,0.020065347149012,0.007674077951666,0.043395398271072,2.744305392944918,-0.639273735517129,-0.810895201283656,1.767632126808167,calendar_month_anomaly_only,False,False
2012-03-01,EP,-1,0.000610329671741,0.001339575830602,0.003215595023174,0.128088303657664,0.162405392851693,0.044726508549131,0.381772130727768,calendar_month_anomaly_only,False,False
2012-04-01,EP,-1,0.054195182305173,-0.026956523432147,0.027935763727171,2.041864786716113,0.582647761107128,-0.866835436106292,3.040143489837646,calendar_month_anomaly_only,False,False
2012-05-01,EP,0,-0.007765970543096,-0.005564790898400,0.016051572503882,1.404361464316244,0.404441548671365,0.552904138302967,1.606205582618713,calendar_month_anomaly_only,False,False
2012-06-01,EP,0,0.000162798887614,-0.017231042893815,0.039327278724521,2.597035355089352,0.766192605482944,0.240756610818346,3.557917356491089,calendar_month_anomaly_only,False,False
2012-07-01,EP,0,0.005519628361875,-0.003244114908101,0.008267871917743,1.034875148603387,0.056775547116312,0.024206179982703,1.328998208045959,calendar_month_anomaly_only,False,False
2012-08-01,EP,1,0.016266966029607,-0.007379143009429,0.012155790829466,1.879075238952016,0.120782171049128,-0.434075329309140,2.082257270812988,calendar_month_anomaly_only,False,False
2012-09-01,EP,0,-0.014662297127511,0.002037854911682,-0.003104323958930,0.255495310433062,0.315721027797862,0.534689228234408,0.760401308536530,calendar_month_anomaly_only,False,False
2012-10-01,EP,0,0.013132349614041,-0.006988129144106,0.013948034980403,1.936399010161438,-0.029809854914122,-0.377744805706343,1.884514093399048,calendar_month_anomaly_only,False,False
2012-11-01,EP,0,0.016730213849279,-0.010117338165644,0.000838448661086,-0.614113030341223,0.212807637471395,-0.291153342871532,-0.434356868267059,calendar_month_anomaly_only,False,False
2012-12-01,EP,0,0.000110693695189,0.001546167743028,0.000360627991382,0.250766616967482,0.007024261281032,-0.026975294887552,0.205405279994011,calendar_month_anomaly_only,False,False
2013-01-01,EP,-1,0.001615673773679,0.005387233971377,-0.017249005755789,-2.442444520811595,-0.360120512903631,-0.167103092232752,-2.958624839782715,calendar_month_anomaly_only,False,False
2013-02-01,EP,-1,-0.021334814503571,0.007993569330346,0.010854270540071,0.401956734763404,-0.085415290014566,0.367217639031754,-0.324322402477264,calendar_month_anomaly_only,False,False
2013-03-01,EP,0,0.024640774164908,-0.004319082586309,0.010321643351182,0.333856004052814,-0.579874926767782,-0.825423160120184,-1.231056928634644,calendar_month_anomaly_only,False,False
2013-04-01,EP,0,-0.001164618283060,-0.004937021226339,-0.017685920670668,-1.625983024043135,0.083754145579266,0.022323788855596,-1.537579536437988,calendar_month_anomaly_only,False,False
2013-05-01,EP,0,0.000076615328136,0.010247446700274,-0.011027577460283,-0.063013215498351,-0.115335913408373,-0.150525294245556,-0.084231801331043,calendar_month_anomaly_only,False,False
2013-06-01,EP,0,0.000018178332051,0.001452855612886,-0.027855477047626,-3.026163060000492,-0.278990046162146,-0.227450786512821,-2.887907981872559,calendar_month_anomaly_only,False,False
2013-07-01,EP,0,-0.010199441860934,-0.007542666681048,-0.030714472403319,-2.991938577183141,0.590947440993483,0.630887559671742,-1.911705374717712,calendar_month_anomaly_only,False,False
2013-08-01,EP,0,0.016547735236592,-0.008869353916705,-0.012291926756407,-1.851847587312946,0.154792742863761,-0.321505399832496,-1.496566891670227,calendar_month_anomaly_only,False,False
2013-09-01,EP,0,-0.024749030329206,-0.006748707294335,-0.020254439777451,-1.777355173740627,0.743825768994788,0.944276850135050,-1.327028393745422,calendar_month_anomaly_only,False,False
2013-10-01,EP,0,-0.002230412285797,0.002217414501630,-0.014493822427580,-2.283739282857020,-0.291267730625745,-0.077370024476624,-2.258073806762695,calendar_month_anomaly_only,False,False
2013-11-01,EP,0,-0.014183858109857,-0.008731546096011,-0.017015740799319,-1.215693837851191,0.095797081695684,0.263689521372544,-0.970961391925812,calendar_month_anomaly_only,False,False
2013-12-01,EP,0,-0.010866223736552,0.015934882349948,-0.002787039570558,-0.057375911782533,-0.566064141446159,-0.020783132953948,-0.459975153207779,calendar_month_anomaly_only,False,False
2014-01-01,EP,-1,-0.022647357414938,0.017633618085936,-0.013726936007229,-1.215180694050808,-0.415503774734869,0.294148028759050,-1.423784255981445,calendar_month_anomaly_only,False,False
2014-02-01,EP,-1,-0.011539007457398,-0.002740987874321,-0.020258403588577,-0.374451970996814,0.189003471512839,0.551934697180410,0.170850113034248,calendar_month_anomaly_only,False,False
2014-03-01,EP,0,-0.001326258787769,-0.018338643134346,0.007055958500155,0.714641610821374,0.657338769471866,0.416447868873294,1.823056340217590,calendar_month_anomaly_only,False,False
2014-04-01,EP,0,0.003384703340055,0.002543363322544,-0.024672173512800,-1.995995072572715,-0.438676473519485,-0.282466962756484,-2.429024934768677,calendar_month_anomaly_only,False,False
2014-05-01,EP,0,0.019261933627127,0.008800133965180,0.005778446453493,0.906847288636195,-1.154584791181211,-1.046123113035704,-0.433781862258911,calendar_month_anomaly_only,False,False
2014-06-01,EP,0,0.000504667253207,0.012070699850075,-0.010581546755748,-0.413267633579494,-0.778955521003706,-0.327687232390844,-1.438131332397461,calendar_month_anomaly_only,False,False
2014-07-01,EP,0,0.031526255398772,0.006725963431967,-0.000971917401446,-0.537921975511392,-0.741751362847208,-0.896594586250157,-1.453768968582153,calendar_month_anomaly_only,False,False
2014-08-01,EP,0,0.049638969311259,-0.001496361654538,0.047441596036092,3.214717418941540,-0.917972121292718,-1.505483273237473,2.379942417144775,calendar_month_anomaly_only,False,False
2014-09-01,EP,0,0.014880071547922,0.000024509518615,0.008428982415202,1.606247455769328,-0.507399555005636,-0.679024929564360,0.982300817966461,calendar_month_anomaly_only,False,False
2014-10-01,EP,1,0.015449255720518,0.004140722143758,0.015660025641217,0.928701978702449,-0.438409734816044,-0.502904836418814,0.813929915428162,calendar_month_anomaly_only,False,False
2014-11-01,EP,1,0.023941090910509,0.000012970741884,0.043580935571511,3.710925242614351,-0.438185225773994,-0.855359300590544,3.059143543243408,calendar_month_anomaly_only,False,False
2014-12-01,EP,1,0.012801373690316,-0.013894934032998,-0.005253099464001,-0.076831802590174,0.214326442060459,-0.253577021769397,-0.096286453306675,calendar_month_anomaly_only,False,False
2015-01-01,EP,1,-0.007740485832434,0.003318861283292,-0.001878014564983,-1.092471770489432,0.118707930102592,0.079629632928687,-0.570614695549011,calendar_month_anomaly_only,False,False
2015-02-01,EP,0,0.009364483151836,0.009456826368287,-0.001265791202632,-0.111168189501752,-0.481106612992570,-0.449576402977365,0.079580344259739,calendar_month_anomaly_only,False,False
2015-03-01,EP,1,-0.013218650622727,0.000134018012043,-0.000319824917064,-0.232352819335658,0.471340417283894,0.356186738670858,0.109732128679752,calendar_month_anomaly_only,False,False
2015-04-01,EP,1,0.024839676268123,0.005993876330642,0.025999717984471,1.578543509572425,-0.840292577817261,-0.827975717959733,0.576649188995361,calendar_month_anomaly_only,False,False
2015-05-01,EP,1,0.113832474284413,-0.013847308300665,0.052640543233967,2.930930904013991,-1.564183582989585,-3.360009955875216,1.323186159133911,calendar_month_anomaly_only,False,False
2015-06-01,EP,1,0.085873121355569,-0.017354578733951,0.038949753559695,2.666271375599125,0.256969063963252,-1.740096844036219,3.431412220001221,calendar_month_anomaly_only,False,False
2015-07-01,EP,1,0.113679475921273,-0.010375723950208,0.077894100325451,5.238786278913819,-0.573603993711787,-2.907739298112204,5.197761058807373,calendar_month_anomaly_only,False,False
2015-08-01,EP,1,0.068547676117510,-0.013437841889929,0.049555651116420,3.812370142428811,-0.076138524253419,-1.448749227575632,4.232459545135498,calendar_month_anomaly_only,False,False
2015-09-01,EP,1,0.100531643021772,-0.017049148851567,0.077955447533105,5.389451386030270,-0.564568675585086,-2.490393057976154,5.816164493560791,calendar_month_anomaly_only,False,False
2015-10-01,EP,1,0.098085366091698,-0.013279062350641,0.090565768689965,6.789448021323018,-0.869464247158673,-2.709144108001732,6.324609279632568,calendar_month_anomaly_only,False,False
2015-11-01,EP,1,0.095061675148004,-0.012616017044609,0.075365241826264,6.478055154892530,-0.685916015995426,-2.429715610872810,5.703149318695068,calendar_month_anomaly_only,False,False
2015-12-01,EP,1,0.090980896764424,0.003198489304899,0.062834756617009,3.020380980374529,-0.924485395776026,-2.465820173463072,1.576635360717773,calendar_month_anomaly_only,False,False
2016-01-01,EP,1,0.086159638270366,-0.006424545035116,0.052701725307803,3.278026540083257,-1.394545917183894,-2.901436942675542,1.668482065200806,calendar_month_anomaly_only,False,False
2016-02-01,EP,1,0.068058503256401,-0.000234842914632,0.011033860200662,0.386039367999524,-0.815178257030929,-2.256524842453640,-0.751677453517914,calendar_month_anomaly_only,False,False
2016-03-01,EP,1,0.051052593247737,-0.004119601623689,0.024767043417844,0.964239274432256,-0.502448879309966,-1.600130424689815,0.292263478040695,calendar_month_anomaly_only,False,False
2016-04-01,EP,1,0.021309823105287,-0.003343315965528,0.016840016034584,0.892623383985963,-0.063302058647515,-0.657363580871166,0.506140887737274,calendar_month_anomaly_only,False,False
2016-05-01,EP,0,0.002453063717841,-0.016916140129757,0.014643695203200,0.304250657013123,0.773892125852285,0.225302851884432,1.740476131439209,calendar_month_anomaly_only,False,False
2016-06-01,EP,0,0.015690376764499,-0.006946204652422,0.057364831871982,4.570200564532847,0.101847346737195,-0.238927544797904,4.970811843872070,calendar_month_anomaly_only,False,False
2016-07-01,EP,-1,-0.003338803757807,0.003601836420267,0.033314433903205,2.542033804164575,-0.052029234971561,0.094079923309550,2.859797954559326,calendar_month_anomaly_only,False,False
2016-08-01,EP,-1,-0.023482589373034,-0.006716274287746,0.007673019900888,0.984807861704507,0.854290385673397,0.989010939119275,2.099138498306274,calendar_month_anomaly_only,False,False
2016-09-01,EP,-1,-0.005230104593890,0.000722853827638,0.017496314328148,0.609018999101387,0.004068975629164,-0.061587552325514,1.131105303764343,calendar_month_anomaly_only,False,False
2016-10-01,EP,-1,-0.016523303386016,-0.000402958119392,0.023824950539304,1.492855553631141,0.282996668584482,0.508678176927887,2.093084573745728,calendar_month_anomaly_only,False,False
2016-11-01,EP,-1,0.006924855761665,0.002051872370912,0.043224410549012,3.322153027455780,-0.005260281041008,-0.053028574382292,3.676914453506470,calendar_month_anomaly_only,False,False
2016-12-01,EP,-1,-0.007050885104893,-0.005286835935522,0.024752437111404,2.234239352837598,0.420974226673667,0.504403098597451,3.502169132232666,calendar_month_anomaly_only,False,False
2017-01-01,EP,0,-0.026012445850319,-0.000193309499980,0.046351946018000,3.735073935873256,0.579491940362549,0.799687928031113,5.105044364929199,calendar_month_anomaly_only,False,False
2017-02-01,EP,0,-0.012698720173952,0.001285202829055,0.033763375238349,2.691665717562687,0.231710840572768,0.213843321642130,4.585264682769775,calendar_month_anomaly_only,False,False
2017-03-01,EP,0,0.018920544662208,0.005233044793505,0.031624030121667,2.762105402020975,-0.604201332532522,-0.669509804334232,3.123706340789795,calendar_month_anomaly_only,False,False
2017-04-01,EP,0,0.033686407032125,-0.015168434940570,0.033062916887592,2.314274078018830,0.393393517205966,-0.682826476352085,3.310354232788086,calendar_month_anomaly_only,False,False
2017-05-01,EP,0,-0.001261271339999,-0.002814673081310,0.008210459391009,1.356839037803605,-0.413494261335389,-0.361026921222444,0.624386489391327,calendar_month_anomaly_only,False,False
2017-06-01,EP,0,-0.011292636701853,0.005320643943005,0.002095708992729,0.873125083712983,-0.017912124709146,0.125940855556398,0.915163159370422,calendar_month_anomaly_only,False,False
2017-07-01,EP,0,-0.013260289647125,0.009000694528400,-0.003720026059814,-0.329546712111672,-0.452828464708025,0.019816587096793,-0.985795140266418,calendar_month_anomaly_only,False,False
2017-08-01,EP,0,-0.004128132612382,0.002682239926715,0.002647294248336,0.609262099227902,-0.076136932296119,0.068108439428212,0.533701717853546,calendar_month_anomaly_only,False,False
2017-09-01,EP,0,-0.011347953908457,0.011235148916535,-0.009586486676755,-0.520562316029871,-0.395556804764399,0.079809084871474,-1.624695539474487,calendar_month_anomaly_only,False,False
2017-10-01,EP,-1,-0.012372428473582,0.005286267499434,-0.033265194984497,-3.596778713662545,0.076815428434216,0.211460401016637,-3.286192417144775,calendar_month_anomaly_only,False,False
2017-11-01,EP,-1,-0.031212505710308,-0.000179428840851,-0.016105209587091,-1.750285281740176,0.345603691174159,0.814839697839045,-0.882284462451935,calendar_month_anomaly_only,False,False
2017-12-01,EP,-1,-0.016472464771969,0.002443691765273,-0.028332013785879,-4.312496124845413,0.188396132527850,0.560921914715907,-3.833847284317017,calendar_month_anomaly_only,False,False
2018-01-01,EP,-1,-0.014243850743952,0.014681769787237,-0.005039689651896,-0.486856686531219,0.084706375972918,0.267690183326711,0.678419888019562,calendar_month_anomaly_only,False,False
2018-02-01,EP,-1,-0.014528583179582,-0.008862719399755,-0.005400962081731,-0.608269257059273,0.369855499684764,0.649605662565443,-0.459029167890549,calendar_month_anomaly_only,False,False
2018-03-01,EP,-1,-0.032712800647603,-0.003149090117647,-0.023220647206015,-1.251351035028602,0.903191956686991,1.187503447613369,-0.194253906607628,calendar_month_anomaly_only,False,False
2018-04-01,EP,-1,-0.028551749201445,0.003974305266481,-0.003250484310400,0.316410456004098,0.578853896362446,0.973762975412851,1.582869172096252,calendar_month_anomaly_only,False,False
2018-05-01,EP,0,-0.027824512278092,0.004514886444595,-0.008506923975853,-0.676955692409022,-0.096775306188000,0.617251079872288,-0.689308583736420,calendar_month_anomaly_only,False,False
2018-06-01,EP,0,0.014048950135631,0.019175499356800,0.011283763789172,0.479567555853421,-1.351618599347542,-1.032046459325935,-1.298156619071960,calendar_month_anomaly_only,False,False
2018-07-01,EP,0,-0.011754567516842,0.011437954007138,-0.013098920749104,-1.213357144694154,-0.283368961960138,-0.001846140888184,-1.834235429763794,calendar_month_anomaly_only,False,False
2018-08-01,EP,0,-0.008598932441396,0.009423135593179,-0.011115740237203,-1.674057834619461,-0.244961620887203,0.202424788586034,-1.588791012763977,calendar_month_anomaly_only,False,False
2018-09-01,EP,1,-0.005144665430580,0.005980114945930,-0.000827543494739,-0.783654569666055,-0.143264318151535,0.139333536782122,-0.207820221781731,calendar_month_anomaly_only,False,False
2018-10-01,EP,1,0.014687823460620,0.001999988729079,0.028900793561980,2.631463497241185,-0.414020425302548,-0.585851499283728,1.890434503555298,calendar_month_anomaly_only,False,False
2018-11-01,EP,1,0.017001814890435,-0.010636217435855,-0.003823315427681,-0.181671360648942,0.186589716284385,-0.292503370534822,0.058063104748726,calendar_month_anomaly_only,False,False
2018-12-01,EP,1,-0.001761620123297,0.011148399666724,-0.001660113037378,0.506494644213500,-0.529833707199106,-0.225746624871692,0.013351792469621,calendar_month_anomaly_only,False,False
2019-01-01,EP,1,-0.006802116309133,0.004040518093316,-0.006028480071446,0.156829748002000,0.029773425411214,0.199590641138236,-0.364127159118652,calendar_month_anomaly_only,False,False
2019-02-01,EP,1,-0.026754596571787,0.005334487763662,0.004156133905012,-0.094027102419524,0.034754003995511,0.590024211805281,0.245205923914909,calendar_month_anomaly_only,False,False
2019-03-01,EP,1,0.001982584965501,-0.003664989398624,0.002595424753233,0.273810966581806,0.377000915368773,0.002601969108909,1.193840265274048,calendar_month_anomaly_only,False,False
2019-04-01,EP,1,-0.022047753884074,0.005582649010767,0.006883868878521,1.062303596538152,0.049338396428884,0.469223425205366,1.134626507759094,calendar_month_anomaly_only,False,False
2019-05-01,EP,1,0.033976859904814,-0.008289749789992,0.017441211637622,1.532111368057008,-0.244084355546208,-1.091803902236893,1.624067187309265,calendar_month_anomaly_only,False,False
2019-06-01,EP,1,0.002584016926531,-0.009880392123565,-0.013102685536796,-1.232408959257050,0.327803964167581,-0.008521370451880,-0.560585975646973,calendar_month_anomaly_only,False,False
2019-07-01,EP,0,0.009922608697369,0.003601120088315,0.004278165339412,0.449153245559813,-0.372081543932555,-0.551738317898580,0.454657226800919,calendar_month_anomaly_only,False,False
2019-08-01,EP,0,-0.015155602822753,0.001358635799462,-0.025385744171077,-2.819091686449639,0.310963431325161,0.464013761223196,-2.029011011123657,calendar_month_anomaly_only,False,False
2019-09-01,EP,0,0.028080088996681,0.006422369993719,0.014820215411806,0.578209949910157,-0.642558548188757,-1.131042466889906,0.344316035509109,calendar_month_anomaly_only,False,False
2019-10-01,EP,1,-0.003540489429256,0.003556278741503,0.004325601803356,-0.157413831044689,-0.119522706844308,0.084604250224020,0.048081837594509,calendar_month_anomaly_only,False,False
2019-11-01,EP,1,-0.009040329801962,-0.002558756068911,-0.009858501753321,-1.091578598363832,0.416254509726415,0.401238723792385,-0.344507366418839,calendar_month_anomaly_only,False,False
2019-12-01,EP,1,0.003736449422487,0.003586726849424,0.001519465582354,-0.227471093645814,-0.064049779481853,-0.218591606861616,-0.066437698900700,calendar_month_anomaly_only,False,False
2020-01-01,EP,1,0.029442267262156,0.002658650313670,-0.006763942397024,-1.956655356057311,-0.546647722323715,-1.011205332550421,-2.494047164916992,calendar_month_anomaly_only,False,False
2020-02-01,EP,0,0.002754382485869,0.012337180767967,-0.026200233438444,-2.166017332896525,-0.509635680529114,-0.487550042474242,-2.662528276443481,calendar_month_anomaly_only,False,False
2020-03-01,EP,1,-0.052296935447587,0.008971985941581,-0.004942500238640,-0.656431983417924,0.455400017248295,1.471285947163472,-0.452547013759613,calendar_month_anomaly_only,False,False
2020-04-01,EP,0,-0.019749278586842,0.010286119105726,0.010356056249468,0.942482450572276,-0.367106533814191,0.113620068000109,0.571268439292908,calendar_month_anomaly_only,False,False
2020-05-01,EP,0,-0.002885747661135,0.012048511920822,-0.004994529819737,-0.198411046975330,-0.540683645059519,-0.312304430518942,-1.016961336135864,calendar_month_anomaly_only,False,False
2020-06-01,EP,0,-0.010194732291517,0.016544259475007,-0.010335011150154,-0.301883083689756,-0.587574395248080,-0.129071002808488,-0.979082524776459,calendar_month_anomaly_only,False,False
2020-07-01,EP,0,-0.004505450127604,-0.009377227401289,-0.020435384229229,-2.103403060469230,0.388700195259973,0.227606103058696,-1.485356450080872,calendar_month_anomaly_only,False,False
2020-08-01,EP,-1,0.003336252212461,-0.003290900466142,-0.016900476126159,-1.699881637454734,-0.224423897077256,-0.548765394483082,-2.318288564682007,calendar_month_anomaly_only,False,False
2020-09-01,EP,-1,-0.029889512282655,0.000639478712839,-0.040156175380071,-3.457800910012264,0.387566421750566,0.861361520133597,-2.950327873229980,calendar_month_anomaly_only,False,False
2020-10-01,EP,-1,-0.026684876742797,-0.003460466440648,-0.063519844328604,-5.365571795154203,0.486641090090316,0.827916058694179,-4.719789505004883,calendar_month_anomaly_only,False,False
2020-11-01,EP,-1,-0.032146291487968,-0.000729254488375,-0.036842159997572,-2.446664056454331,0.389078513682845,0.938999862324490,-2.068920135498047,calendar_month_anomaly_only,False,False
2020-12-01,EP,-1,-0.002065093347875,0.002911160633045,-0.028256471603559,-2.465755657351028,-0.073478816030610,-0.024249022642556,-2.713622093200684,calendar_month_anomaly_only,False,False
2021-01-01,EP,-1,0.019200591524404,0.013856463102781,-0.014420617054582,-0.915691939911898,-0.494821522337452,-0.662361373006582,-1.310940504074097,calendar_month_anomaly_only,False,False
2021-02-01,EP,-1,-0.009628089329144,-0.010533139037313,-0.028726588258200,-1.966046521267140,0.374290443682294,0.594550390060380,-1.167161822319031,calendar_month_anomaly_only,False,False
2021-03-01,EP,-1,-0.002463835392988,0.003945574008371,-0.007953034524518,-0.296571016140328,0.164291868556885,0.114967856720298,-0.136483296751976,calendar_month_anomaly_only,False,False
2021-04-01,EP,-1,0.015231546796192,0.001892193862659,-0.015871297953780,-1.030825873987132,-0.173472992394565,-0.509419896696057,-1.289535641670227,calendar_month_anomaly_only,False,False
2021-05-01,EP,-1,-0.050621431284818,0.005446164715349,-0.026488115360022,-1.595805094025133,0.413635837015763,1.341863995069847,-1.357899785041809,calendar_month_anomaly_only,False,False
2021-06-01,EP,0,-0.017474279878474,0.009090826560002,-0.002669356864700,0.604453745743335,-0.617663934956422,-0.016094499230083,-0.390070974826813,calendar_month_anomaly_only,False,False
2021-07-01,EP,0,-0.015345823869629,0.001644751943932,-0.026019251336606,-1.613980551674743,-0.006580536217010,0.207926293152881,-1.914793610572815,calendar_month_anomaly_only,False,False
2021-08-01,EP,-1,-0.002212754314791,0.001866749685349,0.017392395842235,1.991406119028568,-0.403814175676540,-0.335897267070362,1.048568606376648,calendar_month_anomaly_only,False,False
2021-09-01,EP,-1,-0.030578005961585,0.008016251316766,-0.025892262369796,-0.908851803085458,0.212007394454192,0.779868344108500,-0.718478798866272,calendar_month_anomaly_only,False,False
2021-10-01,EP,-1,-0.020087990600112,0.008503858287936,-0.036574650199203,-2.765298215892102,-0.109098071512371,0.357230956739086,-2.355914354324341,calendar_month_anomaly_only,False,False
2021-11-01,EP,-1,-0.027864885223684,0.005583097979136,-0.023933675668083,-1.348987236822708,0.173842028564762,0.661389311979316,-1.246625304222107,calendar_month_anomaly_only,False,False
2021-12-01,EP,-1,-0.023215753144622,-0.009287124991378,-0.056416270042473,-5.701250322452232,0.771912247969003,0.990510273908975,-4.513795852661133,calendar_month_anomaly_only,False,False
2022-01-01,EP,-1,-0.021538129130436,0.002437626531197,-0.024228674879252,-1.891256296743620,-0.111885816786603,0.642555347552833,-1.982594847679138,calendar_month_anomaly_only,False,False
2022-02-01,EP,-1,-0.037908509361801,0.009775837608940,-0.006976410335496,0.831132264465410,0.099871629358445,0.920342045728896,1.420518159866333,calendar_month_anomaly_only,False,False
2022-03-01,EP,-1,-0.009362361142828,0.010794606512568,-0.003011033251508,0.149050582028657,-0.247099850364295,0.147047555223743,-0.473747164011002,calendar_month_anomaly_only,False,False
2022-04-01,EP,-1,-0.041158437892123,0.020931836415300,-0.042900896593290,-2.990123812678531,-0.810112031490244,0.363388233517561,-4.334110736846924,calendar_month_anomaly_only,False,False
2022-05-01,EP,-1,-0.025069858505252,0.010213388412476,-0.047397314273414,-3.784452004089149,-0.247510012752079,0.254416438254042,-4.739900588989258,calendar_month_anomaly_only,False,False
2022-06-01,EP,-1,-0.035327168711766,0.014227358571431,-0.024122212300602,-0.839068993174692,-0.521232256873568,0.369523369356454,-1.938692331314087,calendar_month_anomaly_only,False,False
2022-07-01,EP,-1,-0.028079344892235,-0.000088253189173,-0.035980096720801,-1.689168267087844,0.163737738143376,0.660930979877950,-1.883906722068787,calendar_month_anomaly_only,False,False
2022-08-01,EP,-1,-0.022283869520269,0.000720718784566,-0.034174960687734,-2.486012493370655,0.273962139157018,0.712464472756892,-2.253297090530396,calendar_month_anomaly_only,False,False
2022-09-01,EP,-1,-0.013978693998166,0.009270948080924,-0.035208923258598,-3.134203347268198,-0.489472215477265,-0.063601254801402,-4.458626270294189,calendar_month_anomaly_only,False,False
2022-10-01,EP,-1,-0.032805748585255,0.003317881837356,-0.043300467902006,-4.686410044103891,0.466343351882383,0.971441022921280,-3.853396177291870,calendar_month_anomaly_only,False,False
2022-11-01,EP,-1,-0.024826778690839,0.010927135004627,-0.040551015117157,-4.111527122723963,-0.066338717456254,0.647144927854313,-3.814657926559448,calendar_month_anomaly_only,False,False
2022-12-01,EP,-1,-0.016589950072194,-0.014898763192454,-0.002801240337106,0.267514432185539,0.607190014822799,0.589080334240104,1.447996735572815,calendar_month_anomaly_only,False,False
2023-01-01,EP,-1,-0.039797660527437,0.002424443785329,-0.009412457410509,0.641704996041216,0.347569931677827,1.018611045774567,2.036762952804565,calendar_month_anomaly_only,False,False
2023-02-01,EP,-1,0.006317713810918,0.008799844937290,0.013154846262327,0.960897270681658,-0.448002126344134,-0.280040600546642,0.370179593563080,calendar_month_anomaly_only,False,False
2002-07-01,WP,1,-0.081238711855048,-0.004625378599404,-0.023166699651073,-0.738736874347424,0.071869770971126,1.083506779160153,-0.367238342761993,calendar_month_anomaly_only,False,False
2002-08-01,WP,1,0.009615641986820,-0.001140190683118,0.007369931993021,0.543959481069709,0.500283457030180,-0.648900742277176,1.442943811416626,calendar_month_anomaly_only,False,False
2002-09-01,WP,1,-0.101558336900941,-0.026188971407856,-0.025195891238449,-0.412510899880187,2.185312562766707,3.359233809682536,2.082711935043335,calendar_month_anomaly_only,False,False
2002-10-01,WP,1,-0.074344650764469,-0.017599380324580,-0.005042757158199,0.223468527055591,2.286611993346188,2.631140085174115,3.071836471557617,calendar_month_anomaly_only,False,False
2002-11-01,WP,1,-0.035723523098768,-0.001819223988530,-0.012887409834348,-0.837530847682041,0.873954230031047,1.445275486585967,0.022045902907848,calendar_month_anomaly_only,False,False
2002-12-01,WP,1,-0.213634774175588,-0.022260749729504,-0.056753334470930,-2.274105816047415,2.614806893873544,6.050287375420587,0.400314062833786,calendar_month_anomaly_only,False,False
2003-01-01,WP,1,-0.054652093824778,-0.023671100075893,-0.019668369804446,-1.166970930326396,1.045158368493827,1.483710583617661,-0.699351668357849,calendar_month_anomaly_only,False,False
2003-02-01,WP,1,-0.065897276263448,0.007236503051088,-0.024189306475182,-1.562946234907630,0.771202228837650,2.198203094253076,-1.188887357711792,calendar_month_anomaly_only,False,False
2003-03-01,WP,0,-0.031732818345303,0.012859020370627,-0.003876473909804,-0.487324604148829,-0.682801382203633,0.524687889078297,-1.875257015228271,calendar_month_anomaly_only,False,False
2003-04-01,WP,0,-0.053345510793760,-0.012019645261413,-0.012259140207045,-0.646602344413681,1.417004082652417,1.898753575216453,1.289498925209045,calendar_month_anomaly_only,False,False
2003-05-01,WP,-1,0.018692725486786,0.021582305489167,0.005812896866680,-0.065772592951634,-1.156812417404468,-1.271362177469261,-1.565655231475830,calendar_month_anomaly_only,False,False
2003-06-01,WP,0,-0.090353221053379,-0.009703129084895,-0.015374864222700,-0.242063294698222,0.817395575294063,2.007773352360134,1.098086595535278,calendar_month_anomaly_only,False,False
2003-07-01,WP,0,0.002016919708708,0.013936330707801,0.006831473397886,0.102622270307833,-0.380961067437647,0.053294714671816,-0.456964850425720,calendar_month_anomaly_only,False,False
2003-08-01,WP,0,-0.025388535670320,-0.003391405154812,-0.016218254550629,-0.768731601708386,0.072389381638367,0.790293112521260,-0.588054060935974,calendar_month_anomaly_only,False,False
2003-09-01,WP,0,0.046837725040102,0.017082763314508,0.011048153388084,0.537081415678103,-1.077099431753219,-1.239910412618116,-0.548767030239105,calendar_month_anomaly_only,False,False
2003-10-01,WP,0,0.012888165690778,-0.007397900670105,0.012779238581603,0.520410203600924,0.493908060272387,-0.130772134209382,1.080905437469482,calendar_month_anomaly_only,False,False
2003-11-01,WP,0,0.014596636442310,-0.015240506612800,-0.001871077295451,-0.345551834076031,1.287648264367894,0.112561101023930,0.987911343574524,calendar_month_anomaly_only,False,False
2003-12-01,WP,0,0.078011736903379,0.041722781528450,0.022127201323863,0.573931336386191,-2.348656933181363,-2.124206100332540,-2.071927547454834,calendar_month_anomaly_only,False,False
2004-01-01,WP,0,-0.103422210339787,-0.067585067179670,-0.037055220236282,-1.690012470070822,1.989308675184763,4.125414827907683,0.815738439559937,calendar_month_anomaly_only,False,False
2004-02-01,WP,0,0.095259275218639,0.060386774729730,0.039229755287348,1.195577776720617,-4.060359130203191,-3.390822143851510,-2.790310621261597,calendar_month_anomaly_only,False,False
2004-03-01,WP,0,0.042595193760596,0.028556052841730,0.020942615188761,0.762959885141799,0.936096192314287,-0.498469576220799,2.325199127197266,calendar_month_anomaly_only,False,False
2004-04-01,WP,0,-0.048535665298089,-0.019731696631356,-0.014477331887540,-0.460549341299665,1.188950261997791,1.805677900208707,1.283455729484558,calendar_month_anomaly_only,False,False
2004-05-01,WP,0,0.058241851006900,0.024368358767256,0.019726757478558,0.781603390958997,-1.053027611719343,-1.755862496969300,-0.223078534007072,calendar_month_anomaly_only,False,False
2004-06-01,WP,0,0.052445105293222,0.033593842515042,0.015327401904043,0.549530203357040,-1.009417283220739,-2.134853377077926,-0.901347100734711,calendar_month_anomaly_only,False,False
2004-07-01,WP,1,-0.059176615531591,-0.044350388161389,-0.025886424478127,-1.109310659895550,2.126285652971772,2.666298909398899,1.929592370986938,calendar_month_anomaly_only,False,False
2004-08-01,WP,1,0.012935255289547,0.030004440786691,0.002743682647665,0.293861108658909,0.057990903646586,-1.343559265475282,0.856784701347351,calendar_month_anomaly_only,False,False
2004-09-01,WP,1,-0.058434296023521,-0.016676781949185,-0.021444664314911,-1.420055812805947,1.965937086313534,2.567508470541071,1.192620635032654,calendar_month_anomaly_only,False,False
2004-10-01,WP,1,-0.027529958869014,-0.004993711827882,-0.014092437705505,-0.051030740213033,2.207265939112174,1.337888997636229,2.344121456146240,calendar_month_anomaly_only,False,False
2004-11-01,WP,1,-0.050498924558283,-0.004983799182791,-0.009562398269400,-0.383750368920964,1.161636555969091,1.569717647520195,0.923604130744934,calendar_month_anomaly_only,False,False
2004-12-01,WP,1,-0.058956097191706,-0.035476215683663,-0.011629238263010,-0.565505628282922,2.636935290493175,2.599426036604465,2.297363281250000,calendar_month_anomaly_only,False,False
2005-01-01,WP,1,0.014382438290707,0.040758398364223,0.002940237358609,-0.188158512566775,-1.427922275738810,-0.771837160778016,-2.872639417648315,calendar_month_anomaly_only,False,False
2005-02-01,WP,0,-0.142287921510287,-0.007462842195361,-0.049425273883945,-2.406508245625889,2.542868357979800,3.893045861954532,0.102477841079235,calendar_month_anomaly_only,False,False
2005-03-01,WP,1,-0.081345535823693,0.028546719616672,-0.028519850172905,-1.632633591263334,-1.190899603373205,1.471274661088586,-3.594453096389771,calendar_month_anomaly_only,False,False
2005-04-01,WP,0,0.000656790008363,0.056810915072717,-0.014046363369746,-0.501209098004400,-0.256274561707058,-0.691714750491258,-1.480423688888550,calendar_month_anomaly_only,False,False
2005-05-01,WP,0,-0.055571736850576,0.025309578972412,-0.020268240758822,-1.089186497416556,-0.738198581446708,0.761293944486784,-2.554698467254639,calendar_month_anomaly_only,False,False
2005-06-01,WP,0,-0.049259135835735,-0.022233609840841,-0.021980830650016,-0.574568101718834,0.396758087753888,1.537056298028489,0.109454944729805,calendar_month_anomaly_only,False,False
2005-07-01,WP,0,0.033149682416457,0.005279614794196,0.013157730525148,0.590801467759132,-0.472519990320700,-0.756373471405530,-0.448744386434555,calendar_month_anomaly_only,False,False
2005-08-01,WP,0,0.005492780866042,0.039761969851512,-0.003012666420266,-0.028992138343442,-2.042221368249669,-1.035161201552558,-2.828874111175537,calendar_month_anomaly_only,False,False
2005-09-01,WP,0,0.036498551251100,0.023533403588481,0.008833791740219,0.564450662301038,-1.972321994292307,-1.557055117652597,-1.731895208358765,calendar_month_anomaly_only,False,False
2005-10-01,WP,0,0.022290304635497,-0.045309190928191,0.008575328031866,0.136768296685612,1.331229470482404,0.383622600132332,1.710072636604309,calendar_month_anomaly_only,False,False
2005-11-01,WP,-1,0.094775588997687,-0.013300627033623,0.030325368556350,0.932720438877952,-0.235959160963279,-1.931506953181831,0.355421692132950,calendar_month_anomaly_only,False,False
2005-12-01,WP,-1,0.102922507071890,0.008605523617721,0.035610080323820,1.158267180267872,-1.345352319164381,-2.383868881431868,-0.178717851638794,calendar_month_anomaly_only,False,False
2006-01-01,WP,-1,0.076056042236683,0.030433141005739,0.025089647202824,0.877937856802996,-1.261072944024620,-1.913168026742593,0.211541861295700,calendar_month_anomaly_only,False,False
2006-02-01,WP,-1,-0.010952030236500,-0.016347572433272,-0.006506688901086,-0.534040530456156,1.295685401059091,0.450326384961427,0.471626698970795,calendar_month_anomaly_only,False,False
2006-03-01,WP,-1,0.077140767025542,0.023692445494942,0.021250804604393,0.850068168072013,-2.020493440123496,-2.725716438979312,-1.179067611694336,calendar_month_anomaly_only,False,False
2006-04-01,WP,0,0.122633531596061,0.018841898392667,0.037990967517132,1.552328966968104,-0.433309539405458,-2.727360664748343,1.565547227859497,calendar_month_anomaly_only,False,False
2006-05-01,WP,0,0.015339473259424,-0.024064349468906,0.014823989510835,0.541460362639477,1.353276312325250,0.623387124879173,2.449539184570312,calendar_month_anomaly_only,False,False
2006-06-01,WP,0,0.050845085535107,0.030105088221292,0.017119455575363,0.534737321866960,0.452179474410480,-0.453522772152603,1.247655510902405,calendar_month_anomaly_only,False,False
2006-07-01,WP,0,-0.012749112003286,0.054350738417389,-0.004982887470894,-0.324780264793830,-3.084025521032604,-1.333327136215523,-4.142563819885254,calendar_month_anomaly_only,False,False
2006-08-01,WP,0,-0.012619319237594,0.028730284656433,-0.003390347453267,-0.332046988450049,-0.754054589298502,-0.105685418471200,-2.006052255630493,calendar_month_anomaly_only,False,False
2006-09-01,WP,1,-0.024267348383262,-0.005605185959382,-0.005996701455138,-0.802858440979004,0.476271985196459,0.890559702572142,-0.461090207099915,calendar_month_anomaly_only,False,False
2006-10-01,WP,1,-0.051802732847156,0.044409607737768,-0.041191317646751,-1.772493705236813,-0.112125299677076,0.918454380994044,-2.635251998901367,calendar_month_anomaly_only,False,False
2006-11-01,WP,1,-0.127394254967419,0.013983246902294,-0.034301600509336,-1.029699066613233,1.431685659596308,3.334935569184243,0.693325459957123,calendar_month_anomaly_only,False,False
2006-12-01,WP,1,-0.111715335270311,0.007682666956864,-0.039272513601881,-1.729951194163267,1.967414828788267,3.496927526847276,0.559559166431427,calendar_month_anomaly_only,False,False
2007-01-01,WP,1,-0.002526893480606,0.022768521809039,-0.009091225621108,-0.456759333911263,0.468412478032138,-0.151657252062410,-0.467438757419586,calendar_month_anomaly_only,False,False
2007-02-01,WP,0,0.009619935623561,0.000063235662758,0.008455856145928,0.579103536925650,0.422398836640323,0.007693208386398,1.116739511489868,calendar_month_anomaly_only,False,False
2007-03-01,WP,0,0.009973250610918,0.026699001759570,-0.001576196251263,-0.345851691341831,-1.212738941379373,-0.671354106303852,-2.224853754043579,calendar_month_anomaly_only,False,False
2007-04-01,WP,0,-0.028648563345381,-0.002874768291488,-0.012848701181505,-0.598333566398274,0.733183941772644,1.283695632583637,-0.066729418933392,calendar_month_anomaly_only,False,False
2007-05-01,WP,-1,-0.000808224756363,-0.001268190005572,0.005722754859413,0.418642320599377,0.617695704873110,0.326414404575852,1.393141984939575,calendar_month_anomaly_only,False,False
2007-06-01,WP,0,-0.029721516418592,-0.002741615974213,-0.012730087744517,-1.090569484086281,0.663220564487842,1.577369189130172,-0.784283816814423,calendar_month_anomaly_only,False,False
2007-07-01,WP,-1,-0.008720492193607,-0.010208583032423,-0.013448513835184,-0.948163977894332,0.928680721630791,0.530217072411272,0.095164880156517,calendar_month_anomaly_only,False,False
2007-08-01,WP,-1,0.016152695254763,0.010000911964942,0.004506907457315,-0.471607785036082,-0.647886499335845,-0.278095732234901,-1.719746947288513,calendar_month_anomaly_only,False,False
2007-09-01,WP,-1,0.042828279467101,0.039277975982504,0.019236758873509,0.547548103524074,-1.139153238295287,-1.102919394353719,-1.157402634620667,calendar_month_anomaly_only,False,False
2007-10-01,WP,-1,0.013048383523411,-0.028933800261422,0.009661793756002,0.299491743970411,0.608053320271356,0.537610511604871,1.311139941215515,calendar_month_anomaly_only,False,False
2007-11-01,WP,-1,0.136965024751901,0.053999233624997,0.038179983080322,1.309133884242343,-1.128448582972917,-3.627834546690323,0.325105905532837,calendar_month_anomaly_only,False,False
2007-12-01,WP,-1,-0.027195838224472,-0.006537339875345,-0.010644703524674,-0.283911470414559,0.447309927650427,1.325031062550529,0.335638254880905,calendar_month_anomaly_only,False,False
2008-01-01,WP,-1,0.040161153259490,-0.025808190047990,0.011717811259759,0.754152386848420,1.573849510823283,-0.634336436759011,2.775236129760742,calendar_month_anomaly_only,False,False
2008-02-01,WP,-1,0.084057267024506,0.023103626637787,0.029753054638477,1.308802905571960,-3.587389557538295,-2.964168190020130,-2.625573635101318,calendar_month_anomaly_only,False,False
2008-03-01,WP,-1,-0.012723643895363,-0.057396275673387,-0.005785160002475,0.059788192594293,1.899165796271288,1.828546004341478,2.951320171356201,calendar_month_anomaly_only,False,False
2008-04-01,WP,-1,0.020465911323614,0.011946452878054,0.009357492336590,0.513654523792175,-0.612779018156101,-0.593647390619029,-0.332046926021576,calendar_month_anomaly_only,False,False
2008-05-01,WP,-1,0.033975463285398,0.038518512696775,0.015609590639823,0.679048703908734,-2.377595911184691,-2.048922666287135,-2.058054924011230,calendar_month_anomaly_only,False,False
2008-06-01,WP,-1,-0.010414686857299,0.028404613738137,-0.011852267867381,-0.248921804327441,-0.905174959773666,-0.006310769709312,-1.640137672424316,calendar_month_anomaly_only,False,False
2008-07-01,WP,0,-0.038217116389890,-0.032263161479665,-0.009544156201618,-0.317924979965722,1.750537690328912,2.194103987973557,1.804817557334900,calendar_month_anomaly_only,False,False
2008-08-01,WP,0,0.003247997863015,0.004164603565696,-0.011865611997119,-1.042519654235862,-0.416975935658758,0.152991908697624,-1.198906540870667,calendar_month_anomaly_only,False,False
2008-09-01,WP,0,0.011794807874731,0.017245706175886,0.010534655363058,0.578311503040758,-0.803011777135112,-0.403483628087741,-0.113991081714630,calendar_month_anomaly_only,False,False
2008-10-01,WP,0,0.017049689459875,0.038018758267837,0.004624579490801,-0.070446591696803,-2.519336900490184,-1.167575929818527,-2.610370635986328,calendar_month_anomaly_only,False,False
2008-11-01,WP,-1,0.021658565519679,-0.003987875241514,0.006425903436716,0.391593884395010,-0.786741769907106,-0.471028901608868,-0.260759085416794,calendar_month_anomaly_only,False,False
2008-12-01,WP,-1,0.066065196639758,-0.007435354133045,0.017871771302520,0.703191268982849,-1.867450833147997,-1.432280507761867,-0.983551025390625,calendar_month_anomaly_only,False,False
2009-01-01,WP,-1,0.037891574676691,-0.032328484765318,0.015382331322693,0.738075863080299,0.275313798194659,-0.160725657412929,1.335137724876404,calendar_month_anomaly_only,False,False
2009-02-01,WP,-1,0.117765469760371,0.068614507270100,0.042378807359564,2.038668439298446,-4.016517076742012,-4.263151431009684,-2.159695386886597,calendar_month_anomaly_only,False,False
2009-03-01,WP,-1,0.040953746480144,-0.004403402737135,0.022707915351223,1.124120960871111,0.679897144393787,-1.279070631247041,2.489467144012451,calendar_month_anomaly_only,False,False
2009-04-01,WP,0,-0.016809872568397,0.001231685080451,-0.000230984984873,0.031891969336588,0.381807118155642,0.399086824568382,0.624588906764984,calendar_month_anomaly_only,False,False
2009-05-01,WP,0,0.037514955097928,-0.015740753820063,0.021190612774361,0.763767215742381,0.256463768267477,-0.314515827310025,1.007417917251587,calendar_month_anomaly_only,False,False
2009-06-01,WP,0,0.025335541018186,-0.010227099811040,0.028791637732635,1.363883691463743,-0.193914153283219,-0.658818479244841,0.956297457218170,calendar_month_anomaly_only,False,False
2009-07-01,WP,1,0.070211587567594,0.045960697738639,0.037027575403746,1.295520481747880,-2.629693765035533,-2.817322882198219,-2.208432912826538,calendar_month_anomaly_only,False,False
2009-08-01,WP,1,-0.040621242710619,-0.010286439954921,-0.002724101926312,0.238416116901469,1.387145506011225,1.683573596735194,1.829704046249390,calendar_month_anomaly_only,False,False
2009-09-01,WP,1,0.013909302190773,0.059051369930601,0.004831191546565,0.330452599568596,-2.225283321920462,-1.658072802361307,-2.477476596832275,calendar_month_anomaly_only,False,False
2009-10-01,WP,1,0.007785224860290,0.019359823582864,0.009420469204509,0.567951024755556,-0.789694523771553,-1.063849813159960,-0.849044024944305,calendar_month_anomaly_only,False,False
2009-11-01,WP,1,-0.027149699652046,0.049583606160696,-0.007534473648788,-0.480261002914467,-1.896311508919361,-0.571678154866360,-3.188267946243286,calendar_month_anomaly_only,False,False
2009-12-01,WP,1,-0.058384588914374,-0.033065164314228,-0.022095013461970,-1.116437143862008,1.646464926370656,1.610946392011833,-0.101262710988522,calendar_month_anomaly_only,False,False
2010-01-01,WP,1,0.032224300295730,0.036894173402110,0.001771165728625,-0.166331305963781,-1.772976411190710,-2.205592435746553,-2.749299287796021,calendar_month_anomaly_only,False,False
2010-02-01,WP,1,-0.238515091877591,-0.018837807705020,-0.090133583931130,-3.963844361696450,3.268677225903077,7.041062183951794,-0.224458724260330,calendar_month_anomaly_only,False,False
2010-03-01,WP,1,-0.087912091941250,-0.000964608246337,-0.037334998242449,-1.541279256288859,0.869324671236812,2.506610466977776,-1.270695328712463,calendar_month_anomaly_only,False,False
2010-04-01,WP,0,-0.011777806981138,-0.000481249497865,-0.014927347833471,-0.583112013967460,-0.227854815158626,0.502817365399901,-0.992262780666351,calendar_month_anomaly_only,False,False
2010-05-01,WP,0,-0.022536032594251,-0.022283634676181,-0.018287534011891,-0.885403479231866,0.763465516507593,1.013144992919507,-0.163858890533447,calendar_month_anomaly_only,False,False
2010-06-01,WP,-1,-0.043133716956028,-0.036993263324436,-0.016288860903256,-0.505486153019344,1.641189245110504,1.831875782672959,1.513396620750427,calendar_month_anomaly_only,False,False
2010-07-01,WP,-1,0.003185361942237,-0.023228253173239,-0.007394540912385,0.035889000689388,1.624327620661703,0.938333962643776,2.415366649627686,calendar_month_anomaly_only,False,False
2010-08-01,WP,-1,0.053335527758446,-0.006424831769799,0.011222105905477,0.854674334563974,0.404964072748544,-0.468711510923331,1.861631870269775,calendar_month_anomaly_only,False,False
2010-09-01,WP,-1,-0.019942413205921,-0.052712851141102,-0.014946206431542,-0.246040268743668,2.407206092320911,2.193352337290717,3.208376407623291,calendar_month_anomaly_only,False,False
2010-10-01,WP,-1,0.047899048852575,-0.001789398965068,0.015549294663343,0.364689444246226,-1.551381556146085,-1.328912347719781,-1.276440978050232,calendar_month_anomaly_only,False,False
2010-11-01,WP,-1,-0.010271890828502,-0.032585451809626,0.001586088689877,0.269984499623272,0.064634824642366,0.468473555826737,0.128111466765404,calendar_month_anomaly_only,False,False
2010-12-01,WP,-1,0.018270925340895,0.007884335403523,0.017184747152677,0.767840840264433,-1.691092581494062,-0.962606287726462,-0.760565280914307,calendar_month_anomaly_only,False,False
2011-01-01,WP,-1,-0.023803672966818,0.003717750952458,0.000997636597046,0.317481858660869,-0.341508867400546,1.243225457447117,0.446979820728302,calendar_month_anomaly_only,False,False
2011-02-01,WP,-1,0.041903335927829,0.017218631925873,0.031239940215765,1.451369445745083,-2.772781019991376,-1.980785200072118,-0.800683617591858,calendar_month_anomaly_only,False,False
2011-03-01,WP,-1,0.067895990485874,0.038727331534960,0.022428250157414,0.665099001921940,-3.008438652081099,-1.957699371415329,-2.329333782196045,calendar_month_anomaly_only,False,False
2011-04-01,WP,-1,0.081464110198667,0.012975483895607,0.030263288506751,0.856754138596950,-1.606504232296689,-1.768968497096985,-1.126006722450256,calendar_month_anomaly_only,False,False
2011-05-01,WP,-1,0.091047422415514,0.015897808394531,0.013981688650774,0.431118374053467,-1.585166029462319,-2.852764809529663,-1.173789739608765,calendar_month_anomaly_only,False,False
2011-06-01,WP,0,0.054118337736658,0.063327424829770,0.001776311269373,-0.460340679518052,-2.397156371701498,-2.160502593029689,-3.579513072967529,calendar_month_anomaly_only,False,False
2011-07-01,WP,0,0.066095907470987,0.041153249528288,0.011399114326004,0.173145222292096,-0.901526915098385,-2.031756869774011,-0.949177384376526,calendar_month_anomaly_only,False,False
2011-08-01,WP,-1,0.025328230855684,0.001136720380258,0.011284231079433,0.099115073157918,-1.326220685543462,-1.045438235666062,-2.233339786529541,calendar_month_anomaly_only,False,False
2011-09-01,WP,-1,0.052050086104574,0.039201600393555,0.010819131907422,-0.186506688918800,-3.070791296478446,-2.755378633120289,-4.414245605468750,calendar_month_anomaly_only,False,False
2011-10-01,WP,-1,-0.051584961355457,0.016100441955466,0.000185875437806,0.022314270104812,-0.698811995797818,1.229259017537920,-0.645273983478546,calendar_month_anomaly_only,False,False
2011-11-01,WP,-1,-0.025987265008528,0.021444563980731,-0.009980027599964,-0.616373588721693,-1.572744074257777,0.573836703310185,-2.246137142181396,calendar_month_anomaly_only,False,False
2011-12-01,WP,-1,0.054824622820318,0.013236562131245,0.013890385295009,0.897287961971920,-2.047238574758988,-2.168236944292676,-1.248101472854614,calendar_month_anomaly_only,False,False
2012-01-01,WP,-1,-0.002601717705728,-0.033315304464703,0.000157840987143,0.412075451591416,-0.113331397041585,-0.002103371755954,0.352255642414093,calendar_month_anomaly_only,False,False
2012-02-01,WP,-1,0.016289855968826,-0.065188348301842,0.015246781733477,0.905167794830704,2.620228004529713,0.981799090320465,4.368300437927246,calendar_month_anomaly_only,False,False
2012-03-01,WP,-1,0.096563086120319,0.049483470860724,0.028741333786747,1.303583491507879,-3.212496231636433,-3.593575393299098,-2.352646112442017,calendar_month_anomaly_only,False,False
2012-04-01,WP,-1,-0.033964911928286,-0.026546066957398,-0.007774523928825,-0.236449292018407,1.113174068160971,1.560975930074024,1.128236293792725,calendar_month_anomaly_only,False,False
2012-05-01,WP,0,0.119284399445203,0.012675187618913,0.041654935016435,1.341984534037552,-1.579891894056652,-2.675909089557457,-0.366198480129242,calendar_month_anomaly_only,False,False
2012-06-01,WP,0,0.034789798590091,0.038790629162209,0.014581021579549,0.598151431935905,-1.862441141221963,-1.934883932655893,-1.446151256561279,calendar_month_anomaly_only,False,False
2012-07-01,WP,0,0.050207303535729,0.004387281332830,0.008592087915744,-0.155470700983924,-0.655031594912751,-0.729147028075184,-1.158640503883362,calendar_month_anomaly_only,False,False
2012-08-01,WP,1,0.032078193243239,0.006871835426530,0.006738541805079,-0.377750371479063,-1.771939624588538,-1.591518448899491,-3.144385814666748,calendar_month_anomaly_only,False,False
2012-09-01,WP,0,0.055355770423728,0.028203857987029,0.030489420431741,1.209233325122540,-2.125897723727859,-2.288570853302845,-1.914758443832397,calendar_month_anomaly_only,False,False
2012-10-01,WP,0,-0.006585969691083,0.022512797949050,-0.000411656426314,-0.379904701296815,-1.213076350303213,-0.220758171627518,-1.990591883659363,calendar_month_anomaly_only,False,False
2012-11-01,WP,0,-0.001026759302412,-0.011365747713239,-0.013669696222678,-0.214701208634937,1.015591169591902,-0.310802289487421,0.762651205062866,calendar_month_anomaly_only,False,False
2012-12-01,WP,0,-0.047583981841367,-0.054805580410962,-0.021084614023173,-0.522889859826345,2.952490394271368,2.027142833884874,2.565598011016846,calendar_month_anomaly_only,False,False
2013-01-01,WP,-1,0.049115658784153,0.007095242545672,0.011982576586925,0.300984756972174,-0.975478399424301,-2.006214446500863,-0.994748950004578,calendar_month_anomaly_only,False,False
2013-02-01,WP,-1,-0.011178633771307,0.006559692330668,-0.002969679491347,0.027722098690086,0.184668834117672,0.185253537042151,-0.301845222711563,calendar_month_anomaly_only,False,False
2013-03-01,WP,0,-0.002695499384409,-0.006159299022506,-0.001752775492323,-0.002185512608635,0.174714984433526,0.315552231419650,0.074129648506641,calendar_month_anomaly_only,False,False
2013-04-01,WP,0,0.031260806645660,-0.001485252163642,0.013605137880006,0.634029398810539,-0.880967409309318,-1.029038266772345,-0.141078397631645,calendar_month_anomaly_only,False,False
2013-05-01,WP,0,0.005578280441299,-0.024586779743013,-0.002403222636835,0.033527192504452,1.133430615415465,0.689697709290336,1.282668828964233,calendar_month_anomaly_only,False,False
2013-06-01,WP,0,0.060164312963577,0.009048716894390,0.018592786068721,0.709453906540205,-1.459215743831282,-1.572261672515681,-1.241482734680176,calendar_month_anomaly_only,False,False
2013-07-01,WP,0,0.030010805206455,-0.017537645811941,0.002201294587638,0.115920700903375,0.601444443241103,-0.084969485828998,0.631285607814789,calendar_month_anomaly_only,False,False
2013-08-01,WP,0,0.014651560245585,0.001410999924248,0.005042913891020,0.411544362486235,0.017126117122005,-0.073128450547882,0.671473085880280,calendar_month_anomaly_only,False,False
2013-09-01,WP,0,0.016822821325068,-0.017682475791216,-0.003786740038257,-0.071858233223401,0.376193128305364,-0.210729521983192,0.343543112277985,calendar_month_anomaly_only,False,False
2013-10-01,WP,0,0.072014479466979,-0.008376102121352,0.013805119823435,0.464409743169225,-0.406787888287204,-2.400928663440849,-0.426970988512039,calendar_month_anomaly_only,False,False
2013-11-01,WP,0,0.008825415256028,0.014444759383494,0.005049368319236,0.203323020017208,-1.611291810356607,-0.599610120787672,-1.574740409851074,calendar_month_anomaly_only,False,False
2013-12-01,WP,0,0.008303680585976,-0.012865927167112,-0.001610198722745,-0.349428591614538,-0.438045474170009,-0.528325838871396,-1.012589335441589,calendar_month_anomaly_only,False,False
2014-01-01,WP,-1,0.087676901085088,0.081278976896058,0.033476200016031,1.264679000475864,-1.495129440856227,-3.092227594339704,-0.553917884826660,calendar_month_anomaly_only,False,False
2014-02-01,WP,-1,0.028062204136237,0.005479781886252,0.018515139104421,0.831992703206985,-0.776632823310133,-0.680899081984476,0.389437913894653,calendar_month_anomaly_only,False,False
2014-03-01,WP,0,-0.069927601610372,-0.035721162733444,-0.025805937292293,-1.139984740532835,2.786478401842098,2.811070992335310,1.839286327362061,calendar_month_anomaly_only,False,False
2014-04-01,WP,0,0.027420323506434,0.006688093645674,0.011860196994093,0.302284656197723,-0.382750566786120,-0.849180277365168,0.199115321040154,calendar_month_anomaly_only,False,False
2014-05-01,WP,0,-0.029114822402468,-0.023483398138860,-0.010639202503328,-0.278339752510153,1.266203658235529,1.227887378525963,1.504436731338501,calendar_month_anomaly_only,False,False
2014-06-01,WP,0,-0.003086582723349,-0.013926304015426,0.003935360525453,-0.224044032510744,-0.600897124135424,-0.196910749564989,-1.218338012695312,calendar_month_anomaly_only,False,False
2014-07-01,WP,0,0.039489134225288,0.031769314680239,0.006261286205670,0.274129775600976,-2.652638085628311,-2.707964809414804,-2.927263498306274,calendar_month_anomaly_only,False,False
2014-08-01,WP,0,-0.049723061914333,-0.021901408309981,-0.016439407096342,-1.289448164461007,0.765795880158872,1.848497271583824,-0.653049886226654,calendar_month_anomaly_only,False,False
2014-09-01,WP,0,0.049099672990242,0.018720723532217,0.024991374250748,1.004161674814015,-2.055119999517931,-2.522100220482248,-1.411611318588257,calendar_month_anomaly_only,False,False
2014-10-01,WP,1,-0.014390902811363,0.005756677228829,-0.004608908507135,-0.057886489830794,-0.315786604790377,0.165254420540359,-0.534004628658295,calendar_month_anomaly_only,False,False
2014-11-01,WP,1,-0.049698594128383,-0.014791222557415,-0.012937229631427,-0.421019928208769,0.545700439611554,1.596150585290012,0.255043089389801,calendar_month_anomaly_only,False,False
2014-12-01,WP,1,0.031317798965134,-0.037245703542095,0.011192561419717,0.385085039494316,0.464748693940333,-0.274065468798350,0.954711616039276,calendar_month_anomaly_only,False,False
2015-01-01,WP,1,0.016048894820641,0.037121646991763,0.007129078399058,0.235789304119548,-0.600789832327774,-0.969429607008998,0.178664058446884,calendar_month_anomaly_only,False,False
2015-02-01,WP,0,0.033873032472084,0.028952842246161,0.003627951502633,-0.328073326348239,-1.587444771878462,-1.319358917849955,-2.354172706604004,calendar_month_anomaly_only,False,False
2015-03-01,WP,1,-0.061746810146388,-0.032829156201155,-0.020776043673559,-0.871171717624342,2.969211157329521,2.115808362459521,1.960697293281555,calendar_month_anomaly_only,False,False
2015-04-01,WP,1,-0.043840546384056,-0.054484482132298,-0.021704251731502,-0.862364609186272,2.058398711925741,1.926587438823784,1.680491328239441,calendar_month_anomaly_only,False,False
2015-05-01,WP,1,-0.052740379330213,-0.018616233467573,-0.018322823875269,-0.645306058846710,1.881951428414355,1.664208368641829,1.234207749366760,calendar_month_anomaly_only,False,False
2015-06-01,WP,1,0.026490421270430,0.012162652524394,0.000561699974759,-0.153505287642264,-0.073798334107960,-1.044607403423338,-0.008942266926169,calendar_month_anomaly_only,False,False
2015-07-01,WP,1,-0.147365674255986,-0.030498077521672,-0.050360550209391,-1.754732279909636,2.412121309082769,3.762982509743131,1.310323953628540,calendar_month_anomaly_only,False,False
2015-08-01,WP,1,-0.064817225691171,-0.028772172967879,-0.027597935515702,-1.009683532708235,1.957095270603843,1.918584016408245,1.682186841964722,calendar_month_anomaly_only,False,False
2015-09-01,WP,1,-0.138673594136877,0.014299154219409,-0.038968562115101,-1.453458366194295,0.793467474105304,3.203976758336458,-0.419985115528107,calendar_month_anomaly_only,False,False
2015-10-01,WP,1,-0.191128078366860,0.023052811771892,-0.082539444285447,-2.867973092956819,1.797307773231153,4.787900594647281,-1.035060524940491,calendar_month_anomaly_only,False,False
2015-11-01,WP,1,-0.153014412223453,0.018685417015504,-0.043462431414894,-1.647063363857773,0.294977856489930,3.526882063442734,-0.926172673702240,calendar_month_anomaly_only,False,False
2015-12-01,WP,1,-0.097278594926630,0.002483152780311,-0.040824260142510,-1.444690168249213,0.801299693007753,1.733392744055937,-0.995315492153168,calendar_month_anomaly_only,False,False
2016-01-01,WP,1,-0.303836537831520,-0.006116155397064,-0.095547282729788,-3.813502344937482,3.451225570601447,7.884110072955327,-0.824336349964142,calendar_month_anomaly_only,False,False
2016-02-01,WP,1,-0.116753718451298,-0.055371891768860,-0.049469821299163,-2.166901057406510,3.482728160069732,4.269128469518124,0.808222174644470,calendar_month_anomaly_only,False,False
2016-03-01,WP,1,-0.104852828426300,-0.035254133155247,-0.034043954867204,-1.486305724096856,2.766854482593183,3.393430299770376,1.520976662635803,calendar_month_anomaly_only,False,False
2016-04-01,WP,1,-0.136086504763989,0.007307781389415,-0.045555714561982,-1.795651048707040,0.644198647488930,3.161237841111868,-1.617276668548584,calendar_month_anomaly_only,False,False
2016-05-01,WP,0,-0.054707760937886,-0.007586381126261,-0.009904584793425,-0.124731833356373,0.530685099523791,1.724011492941290,0.192918032407761,calendar_month_anomaly_only,False,False
2016-06-01,WP,0,-0.005278551250895,-0.054391644917377,0.002035043607180,0.379007110313394,2.370046625641722,1.058648798375945,3.748577356338501,calendar_month_anomaly_only,False,False
2016-07-01,WP,-1,-0.019623421072080,-0.015275325675452,0.008350844935340,0.600239231970439,1.708424335824081,1.163143129901437,2.691233396530151,calendar_month_anomaly_only,False,False
2016-08-01,WP,-1,0.022013407034069,-0.032100816389483,0.013819123423953,1.028110316123221,1.163789275343889,-0.261691845177898,2.418778181076050,calendar_month_anomaly_only,False,False
2016-09-01,WP,-1,0.055488209778586,-0.028211608454659,0.020914805549625,0.997060739144321,0.644647336875422,-0.796167312617881,2.366735219955444,calendar_month_anomaly_only,False,False
2016-10-01,WP,-1,0.087497159511660,0.004711900518753,0.022787387036813,0.855330921331981,-1.313944235340676,-2.476668913292917,-0.766280174255371,calendar_month_anomaly_only,False,False
2016-11-01,WP,-1,0.115939384530838,-0.065389844777856,0.027844891980766,1.193494194972458,2.611989093570915,-2.597650645626880,3.874943494796753,calendar_month_anomaly_only,False,False
2016-12-01,WP,-1,0.042189894865686,0.048085273093844,0.013581354891095,0.604929414271833,-2.280966931154034,-2.006601447882705,-2.067180156707764,calendar_month_anomaly_only,False,False
2017-01-01,WP,0,0.044145181313402,0.004448696346893,0.020026791320106,0.768154890390143,-1.057207114863810,-0.565222247359447,-0.096799507737160,calendar_month_anomaly_only,False,False
2017-02-01,WP,0,0.074705262709054,0.030668815961610,0.032438051422484,1.099444480792116,-1.950509981685514,-2.120157323822836,-0.668777227401733,calendar_month_anomaly_only,False,False
2017-03-01,WP,0,0.089949377041723,0.021316844366472,0.036150565532256,1.304341939898454,-2.078904949678098,-3.045979063145154,-0.869903624057770,calendar_month_anomaly_only,False,False
2017-04-01,WP,0,0.070236665180550,0.010156004833594,0.022327135207624,0.766744231934147,-0.486991224433512,-2.036711533567267,0.292216986417770,calendar_month_anomaly_only,False,False
2017-05-01,WP,0,-0.024427820218965,-0.015142956647979,-0.014470142614985,-0.454657860302196,0.561245843973436,0.792920993629382,0.267561435699463,calendar_month_anomaly_only,False,False
2017-06-01,WP,0,0.007403813356790,0.021390727702281,0.008803256222410,0.288950584599756,-0.749551926434918,-0.605061493407225,-0.779895961284637,calendar_month_anomaly_only,False,False
2017-07-01,WP,0,0.070035150582702,0.025694772486956,0.021745355720458,1.042647168351768,-1.064006429034156,-1.893499570228304,-0.033982481807470,calendar_month_anomaly_only,False,False
2017-08-01,WP,0,-0.016948914302728,-0.026056570428990,-0.008249391625892,-0.507939099136195,1.497672709531931,1.234829306275364,1.676365017890930,calendar_month_anomaly_only,False,False
2017-09-01,WP,0,0.042220152359195,0.006936595064665,0.005465944225843,-0.262501116501580,-1.196222880041832,-1.821010756665222,-1.892110109329224,calendar_month_anomaly_only,False,False
2017-10-01,WP,-1,0.066308481411788,0.024707035043157,0.018032616213098,0.331369441591151,-2.098927109652693,-2.336100499955679,-2.063175916671753,calendar_month_anomaly_only,False,False
2017-11-01,WP,-1,0.041919509258162,-0.022486015384534,0.010449421760774,0.103155676265528,-0.439569604021394,-0.782113571894797,-0.634819984436035,calendar_month_anomaly_only,False,False
2017-12-01,WP,-1,0.030909749825731,0.038164067308022,0.019290677030238,0.557626810161060,-1.486099971492048,-1.415395951051476,-1.252660393714905,calendar_month_anomaly_only,False,False
2018-01-01,WP,-1,0.033420548026988,-0.002421776451160,0.022593173063552,0.975121066573792,-1.431447471467036,-0.694002523806653,-0.016808077692986,calendar_month_anomaly_only,False,False
2018-02-01,WP,-1,-0.019145215462633,-0.007087303473556,0.004811759236703,0.099024572381079,0.433667100512677,0.610116352658119,0.586796939373016,calendar_month_anomaly_only,False,False
2018-03-01,WP,-1,0.042910875341669,-0.014099879546863,0.011267479774707,0.612938007291225,0.708474376379103,-1.212894421765379,1.304501414299011,calendar_month_anomaly_only,False,False
2018-04-01,WP,-1,-0.006955408438041,-0.047145550151957,-0.004059462459069,-0.082238827437267,1.447015967504905,0.880097438284526,1.823423981666565,calendar_month_anomaly_only,False,False
2018-05-01,WP,0,-0.032905596944177,-0.005686421767853,-0.007020502438666,-0.517042457018306,-0.061876804761278,0.715170637981688,-0.417010873556137,calendar_month_anomaly_only,False,False
2018-06-01,WP,0,-0.038401949149829,-0.004336590008140,-0.013659451603278,-0.640596841245647,-0.474085793773876,0.316831947598100,-1.530356645584106,calendar_month_anomaly_only,False,False
2018-07-01,WP,0,0.027321330264184,0.021699297124151,0.018697247437879,0.799595724224462,-1.547282972216618,-1.740083889247227,-1.439225435256958,calendar_month_anomaly_only,False,False
2018-08-01,WP,0,0.045278132831036,0.027383904486760,0.017509004222275,1.035182417955257,-1.383377514342825,-2.126610582301504,-0.530665576457977,calendar_month_anomaly_only,False,False
2018-09-01,WP,1,0.006202010999522,0.002787731903819,0.005786563974264,0.382594922823403,-0.010290135277062,-0.517314970470819,0.307450413703918,calendar_month_anomaly_only,False,False
2018-10-01,WP,1,-0.047795445535909,-0.013511672967574,-0.008329549622763,-0.353741386280833,1.382031139377721,1.435356893202021,1.406484603881836,calendar_month_anomaly_only,False,False
2018-11-01,WP,1,-0.003088886601497,-0.002523700147145,-0.007346306794871,-0.297000729088052,-0.429191400894625,-0.397572369705317,-0.817487239837646,calendar_month_anomaly_only,False,False
2018-12-01,WP,1,0.021955157141185,0.006203669078230,0.008600899724188,0.484228352678307,0.070631693549474,-0.459775308326162,1.058375716209412,calendar_month_anomaly_only,False,False
2019-01-01,WP,1,0.025160597644303,-0.000580446225617,0.000831015400043,-0.511718326136406,-0.503940169375285,-0.996151198913001,-1.814127564430237,calendar_month_anomaly_only,False,False
2019-02-01,WP,1,-0.112232808137482,-0.090156818646710,-0.050528151725351,-1.675614445780182,5.990430587013156,4.805827440899453,4.704014301300049,calendar_month_anomaly_only,False,False
2019-03-01,WP,1,0.007485719661917,-0.001570954682048,-0.001251587141950,-0.382350929593825,-0.658278705403462,-1.302684384226943,-1.525501966476440,calendar_month_anomaly_only,False,False
2019-04-01,WP,1,-0.004429759950763,0.019348179552261,-0.007280300097930,-0.557015974205703,-0.118406165367604,-0.318362903976865,-1.604894042015076,calendar_month_anomaly_only,False,False
2019-05-01,WP,1,-0.064721069850877,-0.002264935354533,-0.009974195100198,-0.351464241588184,1.518700670772454,1.617387445822450,1.390029668807983,calendar_month_anomaly_only,False,False
2019-06-01,WP,1,0.009136569475541,0.022318761179468,-0.008743404506647,-1.025668874338514,-1.367737480848521,-1.133432215523827,-3.808298110961914,calendar_month_anomaly_only,False,False
2019-07-01,WP,0,-0.053051560497449,0.017269676156238,-0.010219654305315,-0.577940793137252,-0.473449290915584,0.725968666517819,-1.668260931968689,calendar_month_anomaly_only,False,False
2019-08-01,WP,0,0.007448250820846,0.047254564028906,0.006786299157161,0.027131463946767,-3.180838916201094,-2.063247318608122,-4.522409439086914,calendar_month_anomaly_only,False,False
2019-09-01,WP,0,-0.107684234434021,0.013697836836927,-0.031960676755790,-1.628643142282240,1.013518273269619,2.375188596932594,-1.107349991798401,calendar_month_anomaly_only,False,False
2019-10-01,WP,1,-0.047508201642171,-0.007962100761426,-0.002503422419627,-0.253424098093568,0.175585054277855,1.158693528721210,-0.135806918144226,calendar_month_anomaly_only,False,False
2019-11-01,WP,1,0.007320583275904,0.049244248995853,0.016198231751299,0.661939471653230,-0.251428786070804,-0.587692241059504,0.063320092856884,calendar_month_anomaly_only,False,False
2019-12-01,WP,1,-0.103026973634114,-0.031318209922254,-0.038195687315731,-1.238560043034609,3.254022221031846,3.103011536210321,2.271672248840332,calendar_month_anomaly_only,False,False
2020-01-01,WP,1,-0.130460627061814,-0.024165798671258,-0.049076445984359,-1.995105271195763,2.262963575186348,3.499048767334560,0.475938856601715,calendar_month_anomaly_only,False,False
2020-02-01,WP,0,-0.069568311225251,-0.061963154136239,-0.043228722779258,-1.657081959766749,2.594245353805449,3.000369389819873,0.713632106781006,calendar_month_anomaly_only,False,False
2020-03-01,WP,1,-0.036177778144979,-0.010051691142777,-0.011349750622994,-0.084747792469979,0.986001159156299,0.907378142214601,0.877104222774506,calendar_month_anomaly_only,False,False
2020-04-01,WP,0,-0.056929991292628,0.001176494990220,-0.016015576410824,-0.412660810912975,0.528650958685534,1.080301436009208,0.056218817830086,calendar_month_anomaly_only,False,False
2020-05-01,WP,0,-0.033494821427482,0.006029720938312,-0.025364069116251,-1.199963675902606,-0.281529814319373,0.350062152729562,-2.144625186920166,calendar_month_anomaly_only,False,False
2020-06-01,WP,0,-0.024298731245137,-0.013972325782971,-0.017418518075740,-0.415026398490898,0.762774598450810,0.593148843206585,0.925599038600922,calendar_month_anomaly_only,False,False
2020-07-01,WP,0,-0.049787799178631,-0.028107241687977,-0.018755885375145,-0.846676049340502,1.652368061592473,2.109535181831868,1.428239583969116,calendar_month_anomaly_only,False,False
2020-08-01,WP,-1,-0.040657115891189,-0.002263585773806,0.002571984299315,0.353813493188737,0.689109791032169,1.065171792171828,1.053295731544495,calendar_month_anomaly_only,False,False
2020-09-01,WP,-1,-0.032870779316128,-0.046155823605471,-0.011943291331820,-0.682854787481082,2.030738053592221,1.800542416355995,1.844161868095398,calendar_month_anomaly_only,False,False
2020-10-01,WP,-1,0.076066312024950,0.005834779295915,0.013582222968814,0.292414018946986,-1.283611242455848,-2.455975225464103,-1.200726866722107,calendar_month_anomaly_only,False,False
2020-11-01,WP,-1,0.003148151869525,0.037681340682295,0.007975127002642,0.457109136160283,-1.767930419383793,-0.984322013122020,-1.321898102760315,calendar_month_anomaly_only,False,False
2020-12-01,WP,-1,0.030318057061897,0.025206658223344,0.016468534032825,0.796318939425970,-2.065815317908609,-1.112205516447313,-1.310171604156494,calendar_month_anomaly_only,False,False
2021-01-01,WP,-1,0.057476904698395,-0.020364263386794,0.022887859516915,1.327079026676293,-1.002695016742223,-1.486697455113138,0.538388669490814,calendar_month_anomaly_only,False,False
2021-02-01,WP,-1,0.092171095833549,0.005410146668813,0.039304541714440,1.637225046228401,-2.343185528638269,-3.795427330143523,-1.258938193321228,calendar_month_anomaly_only,False,False
2021-03-01,WP,-1,0.001861475206552,-0.012286736140421,0.008646793363111,0.699083120175851,-0.593226225205181,0.414697255572840,0.705570161342621,calendar_month_anomaly_only,False,False
2021-04-01,WP,-1,0.028270683601812,0.015272503864117,0.029343061905211,1.007178548105925,-1.974132237212248,-1.758854753840769,-1.404460430145264,calendar_month_anomaly_only,False,False
2021-05-01,WP,-1,0.033208750225208,0.035874265557471,0.002404791975259,0.136856954238806,-1.402878560986159,-1.536457004531742,-1.283337473869324,calendar_month_anomaly_only,False,False
2021-06-01,WP,0,-0.019170449384019,-0.051730814240716,-0.003355664389570,0.183684643418029,1.589691031810652,1.159729261339674,2.572820425033569,calendar_month_anomaly_only,False,False
2021-07-01,WP,0,0.040365346446874,-0.022957860220503,0.026914748555566,1.655479122293995,0.353810385275914,-0.847854271270545,2.329850673675537,calendar_month_anomaly_only,False,False
2021-08-01,WP,-1,0.002916092131973,-0.027216838236058,0.001509126628903,0.602382845151343,1.052964061090710,1.059521674663394,2.694117307662964,calendar_month_anomaly_only,False,False
2021-09-01,WP,-1,0.050772742750349,-0.006640229404464,0.000182229219289,0.145907116170623,-0.096778801024541,-0.890821318636382,0.096838332712650,calendar_month_anomaly_only,False,False
2021-10-01,WP,-1,0.017540800765299,-0.022874805407271,0.014985563081800,0.952666000775845,0.379994135199798,-0.307524592208708,1.673197865486145,calendar_month_anomaly_only,False,False
2021-11-01,WP,-1,0.016022450659667,-0.037524923830670,0.002398867851451,0.102977765672097,0.567999422842129,0.413014418323606,1.151139259338379,calendar_month_anomaly_only,False,False
2021-12-01,WP,-1,0.129052674280010,0.027452824224319,0.035070359501145,1.315830386883634,-0.149118844503545,-3.933605396483813,1.257519125938416,calendar_month_anomaly_only,False,False
2022-01-01,WP,-1,0.028476610630709,-0.040060423095963,0.006960925759264,0.597856468965419,1.241978004918987,-0.906025683425966,2.122578382492065,calendar_month_anomaly_only,False,False
2022-02-01,WP,-1,0.088134839252145,0.016002640791150,0.024478485952430,1.538935865584418,-0.580568939495202,-2.955111974014118,1.047394633293152,calendar_month_anomaly_only,False,False
2022-03-01,WP,-1,0.011785125982802,-0.019143587564376,-0.000063030089393,0.591852792494772,-0.117940234865928,-0.001612918655518,1.173459649085999,calendar_month_anomaly_only,False,False
2022-04-01,WP,-1,0.058915719683368,0.003013217492639,0.016432418306905,1.071320492808994,-2.532413988511834,-2.725392343802474,-1.177613973617554,calendar_month_anomaly_only,False,False
2022-05-01,WP,-1,-0.041855055350402,-0.019531704218044,-0.004273499922469,0.483859400441346,0.353859007032530,0.950207425230765,1.228386402130127,calendar_month_anomaly_only,False,False
2022-06-01,WP,-1,-0.007610444365340,-0.038886059766927,0.009879975503623,0.973392058101212,2.400135109373099,1.818731985593264,4.766860961914062,calendar_month_anomaly_only,False,False
2022-07-01,WP,-1,0.037841973610353,-0.032449057603063,0.002580553428052,0.087746414126831,0.631265640051655,-0.285085500595395,1.164619684219360,calendar_month_anomaly_only,False,False
2022-08-01,WP,-1,0.000281649236890,-0.037165975403130,-0.001606135925090,0.340528322354798,1.957188707260369,1.288286073078668,3.238203287124634,calendar_month_anomaly_only,False,False
2022-09-01,WP,-1,0.003550869845600,-0.080164791216267,0.001108713210640,0.870485694822730,3.878678606718501,1.373172850640861,6.208246231079102,calendar_month_anomaly_only,False,False
2022-10-01,WP,-1,0.072282851680382,-0.045716569116660,0.014730005481848,0.775617169371157,1.641496821141692,-0.696114739292968,3.571240901947021,calendar_month_anomaly_only,False,False
2022-11-01,WP,-1,0.022682899807591,-0.033067478466122,0.007119398791726,0.647519966838585,0.263799601034525,-0.179035322476604,1.427659153938293,calendar_month_anomaly_only,False,False
2022-12-01,WP,-1,0.103634182676704,0.014282730432334,0.031220991529525,1.280942384706485,-1.136286782001816,-3.144991858179168,0.281292825937271,calendar_month_anomaly_only,False,False
2023-01-01,WP,-1,0.079066947448073,0.011900461447478,0.026494253857390,1.419170563951449,-0.324710640982536,-1.680118611537132,1.837006926536560,calendar_month_anomaly_only,False,False
2023-02-01,WP,-1,0.104689433008994,0.052718539498870,0.026971104172792,1.581975496012246,-1.931411260985879,-3.972943420997060,0.064700491726398,calendar_month_anomaly_only,False,False
