month,region,phase_index,relationship_id,predictor_name,response_name,predictor_value,response_value,panel_letter,panel_title,row_label,x_label,y_label,R2,slope,intercept,slope_ci_low_95,slope_ci_high_95,slope_significant,delta_adjusted_R2_vs_HCCF
2002-07-01,WP,1,HCCF_comparator,HCCF_anom,NetPath_high_total_anom,-0.081238711855048,0.071869770971126,(a),Western Pacific,HCCF → High-cloud pathway,HCCF anomaly,High-cloud Net CRE contribution (W m$^{-2}$),0.410931956000000,-16.070272304800000,0.000000000000000,-20.571603154900000,-13.664922615100000,True,
2002-08-01,WP,1,HCCF_comparator,HCCF_anom,NetPath_high_total_anom,0.009615641986820,0.500283457030180,(a),Western Pacific,HCCF → High-cloud pathway,HCCF anomaly,High-cloud Net CRE contribution (W m$^{-2}$),0.410931956000000,-16.070272304800000,0.000000000000000,-20.571603154900000,-13.664922615100000,True,
2002-09-01,WP,1,HCCF_comparator,HCCF_anom,NetPath_high_total_anom,-0.101558336900941,2.185312562766707,(a),Western Pacific,HCCF → High-cloud pathway,HCCF anomaly,High-cloud Net CRE contribution (W m$^{-2}$),0.410931956000000,-16.070272304800000,0.000000000000000,-20.571603154900000,-13.664922615100000,True,
2002-10-01,WP,1,HCCF_comparator,HCCF_anom,NetPath_high_total_anom,-0.074344650764469,2.286611993346188,(a),Western Pacific,HCCF → High-cloud pathway,HCCF anomaly,High-cloud Net CRE contribution (W m$^{-2}$),0.410931956000000,-16.070272304800000,0.000000000000000,-20.571603154900000,-13.664922615100000,True,
2002-11-01,WP,1,HCCF_comparator,HCCF_anom,NetPath_high_total_anom,-0.035723523098768,0.873954230031047,(a),Western Pacific,HCCF → High-cloud pathway,HCCF anomaly,High-cloud Net CRE contribution (W m$^{-2}$),0.410931956000000,-16.070272304800000,0.000000000000000,-20.571603154900000,-13.664922615100000,True,
2002-12-01,WP,1,HCCF_comparator,HCCF_anom,NetPath_high_total_anom,-0.213634774175588,2.614806893873544,(a),Western Pacific,HCCF → High-cloud pathway,HCCF anomaly,High-cloud Net CRE contribution (W m$^{-2}$),0.410931956000000,-16.070272304800000,0.000000000000000,-20.571603154900000,-13.664922615100000,True,
2003-01-01,WP,1,HCCF_comparator,HCCF_anom,NetPath_high_total_anom,-0.054652093824778,1.045158368493827,(a),Western Pacific,HCCF → High-cloud pathway,HCCF anomaly,High-cloud Net CRE contribution (W m$^{-2}$),0.410931956000000,-16.070272304800000,0.000000000000000,-20.571603154900000,-13.664922615100000,True,
2003-02-01,WP,1,HCCF_comparator,HCCF_anom,NetPath_high_total_anom,-0.065897276263448,0.771202228837650,(a),Western Pacific,HCCF → High-cloud pathway,HCCF anomaly,High-cloud Net CRE contribution (W m$^{-2}$),0.410931956000000,-16.070272304800000,0.000000000000000,-20.571603154900000,-13.664922615100000,True,
2003-03-01,WP,0,HCCF_comparator,HCCF_anom,NetPath_high_total_anom,-0.031732818345303,-0.682801382203633,(a),Western Pacific,HCCF → High-cloud pathway,HCCF anomaly,High-cloud Net CRE contribution (W m$^{-2}$),0.410931956000000,-16.070272304800000,0.000000000000000,-20.571603154900000,-13.664922615100000,True,
2003-04-01,WP,0,HCCF_comparator,HCCF_anom,NetPath_high_total_anom,-0.053345510793760,1.417004082652417,(a),Western Pacific,HCCF → High-cloud pathway,HCCF anomaly,High-cloud Net CRE contribution (W m$^{-2}$),0.410931956000000,-16.070272304800000,0.000000000000000,-20.571603154900000,-13.664922615100000,True,
2003-05-01,WP,-1,HCCF_comparator,HCCF_anom,NetPath_high_total_anom,0.018692725486786,-1.156812417404468,(a),Western Pacific,HCCF → High-cloud pathway,HCCF anomaly,High-cloud Net CRE contribution (W m$^{-2}$),0.410931956000000,-16.070272304800000,0.000000000000000,-20.571603154900000,-13.664922615100000,True,
2003-06-01,WP,0,HCCF_comparator,HCCF_anom,NetPath_high_total_anom,-0.090353221053379,0.817395575294063,(a),Western Pacific,HCCF → High-cloud pathway,HCCF anomaly,High-cloud Net CRE contribution (W m$^{-2}$),0.410931956000000,-16.070272304800000,0.000000000000000,-20.571603154900000,-13.664922615100000,True,
2003-07-01,WP,0,HCCF_comparator,HCCF_anom,NetPath_high_total_anom,0.002016919708708,-0.380961067437647,(a),Western Pacific,HCCF → High-cloud pathway,HCCF anomaly,High-cloud Net CRE contribution (W m$^{-2}$),0.410931956000000,-16.070272304800000,0.000000000000000,-20.571603154900000,-13.664922615100000,True,
2003-08-01,WP,0,HCCF_comparator,HCCF_anom,NetPath_high_total_anom,-0.025388535670320,0.072389381638367,(a),Western Pacific,HCCF → High-cloud pathway,HCCF anomaly,High-cloud Net CRE contribution (W m$^{-2}$),0.410931956000000,-16.070272304800000,0.000000000000000,-20.571603154900000,-13.664922615100000,True,
2003-09-01,WP,0,HCCF_comparator,HCCF_anom,NetPath_high_total_anom,0.046837725040102,-1.077099431753219,(a),Western Pacific,HCCF → High-cloud pathway,HCCF anomaly,High-cloud Net CRE contribution (W m$^{-2}$),0.410931956000000,-16.070272304800000,0.000000000000000,-20.571603154900000,-13.664922615100000,True,
2003-10-01,WP,0,HCCF_comparator,HCCF_anom,NetPath_high_total_anom,0.012888165690778,0.493908060272387,(a),Western Pacific,HCCF → High-cloud pathway,HCCF anomaly,High-cloud Net CRE contribution (W m$^{-2}$),0.410931956000000,-16.070272304800000,0.000000000000000,-20.571603154900000,-13.664922615100000,True,
2003-11-01,WP,0,HCCF_comparator,HCCF_anom,NetPath_high_total_anom,0.014596636442310,1.287648264367894,(a),Western Pacific,HCCF → High-cloud pathway,HCCF anomaly,High-cloud Net CRE contribution (W m$^{-2}$),0.410931956000000,-16.070272304800000,0.000000000000000,-20.571603154900000,-13.664922615100000,True,
2003-12-01,WP,0,HCCF_comparator,HCCF_anom,NetPath_high_total_anom,0.078011736903379,-2.348656933181363,(a),Western Pacific,HCCF → High-cloud pathway,HCCF anomaly,High-cloud Net CRE contribution (W m$^{-2}$),0.410931956000000,-16.070272304800000,0.000000000000000,-20.571603154900000,-13.664922615100000,True,
2004-01-01,WP,0,HCCF_comparator,HCCF_anom,NetPath_high_total_anom,-0.103422210339787,1.989308675184763,(a),Western Pacific,HCCF → High-cloud pathway,HCCF anomaly,High-cloud Net CRE contribution (W m$^{-2}$),0.410931956000000,-16.070272304800000,0.000000000000000,-20.571603154900000,-13.664922615100000,True,
2004-02-01,WP,0,HCCF_comparator,HCCF_anom,NetPath_high_total_anom,0.095259275218639,-4.060359130203191,(a),Western Pacific,HCCF → High-cloud pathway,HCCF anomaly,High-cloud Net CRE contribution (W m$^{-2}$),0.410931956000000,-16.070272304800000,0.000000000000000,-20.571603154900000,-13.664922615100000,True,
2004-03-01,WP,0,HCCF_comparator,HCCF_anom,NetPath_high_total_anom,0.042595193760596,0.936096192314287,(a),Western Pacific,HCCF → High-cloud pathway,HCCF anomaly,High-cloud Net CRE contribution (W m$^{-2}$),0.410931956000000,-16.070272304800000,0.000000000000000,-20.571603154900000,-13.664922615100000,True,
2004-04-01,WP,0,HCCF_comparator,HCCF_anom,NetPath_high_total_anom,-0.048535665298089,1.188950261997791,(a),Western Pacific,HCCF → High-cloud pathway,HCCF anomaly,High-cloud Net CRE contribution (W m$^{-2}$),0.410931956000000,-16.070272304800000,0.000000000000000,-20.571603154900000,-13.664922615100000,True,
2004-05-01,WP,0,HCCF_comparator,HCCF_anom,NetPath_high_total_anom,0.058241851006900,-1.053027611719343,(a),Western Pacific,HCCF → High-cloud pathway,HCCF anomaly,High-cloud Net CRE contribution (W m$^{-2}$),0.410931956000000,-16.070272304800000,0.000000000000000,-20.571603154900000,-13.664922615100000,True,
2004-06-01,WP,0,HCCF_comparator,HCCF_anom,NetPath_high_total_anom,0.052445105293222,-1.009417283220739,(a),Western Pacific,HCCF → High-cloud pathway,HCCF anomaly,High-cloud Net CRE contribution (W m$^{-2}$),0.410931956000000,-16.070272304800000,0.000000000000000,-20.571603154900000,-13.664922615100000,True,
2004-07-01,WP,1,HCCF_comparator,HCCF_anom,NetPath_high_total_anom,-0.059176615531591,2.126285652971772,(a),Western Pacific,HCCF → High-cloud pathway,HCCF anomaly,High-cloud Net CRE contribution (W m$^{-2}$),0.410931956000000,-16.070272304800000,0.000000000000000,-20.571603154900000,-13.664922615100000,True,
2004-08-01,WP,1,HCCF_comparator,HCCF_anom,NetPath_high_total_anom,0.012935255289547,0.057990903646586,(a),Western Pacific,HCCF → High-cloud pathway,HCCF anomaly,High-cloud Net CRE contribution (W m$^{-2}$),0.410931956000000,-16.070272304800000,0.000000000000000,-20.571603154900000,-13.664922615100000,True,
2004-09-01,WP,1,HCCF_comparator,HCCF_anom,NetPath_high_total_anom,-0.058434296023521,1.965937086313534,(a),Western Pacific,HCCF → High-cloud pathway,HCCF anomaly,High-cloud Net CRE contribution (W m$^{-2}$),0.410931956000000,-16.070272304800000,0.000000000000000,-20.571603154900000,-13.664922615100000,True,
2004-10-01,WP,1,HCCF_comparator,HCCF_anom,NetPath_high_total_anom,-0.027529958869014,2.207265939112174,(a),Western Pacific,HCCF → High-cloud pathway,HCCF anomaly,High-cloud Net CRE contribution (W m$^{-2}$),0.410931956000000,-16.070272304800000,0.000000000000000,-20.571603154900000,-13.664922615100000,True,
2004-11-01,WP,1,HCCF_comparator,HCCF_anom,NetPath_high_total_anom,-0.050498924558283,1.161636555969091,(a),Western Pacific,HCCF → High-cloud pathway,HCCF anomaly,High-cloud Net CRE contribution (W m$^{-2}$),0.410931956000000,-16.070272304800000,0.000000000000000,-20.571603154900000,-13.664922615100000,True,
2004-12-01,WP,1,HCCF_comparator,HCCF_anom,NetPath_high_total_anom,-0.058956097191706,2.636935290493175,(a),Western Pacific,HCCF → High-cloud pathway,HCCF anomaly,High-cloud Net CRE contribution (W m$^{-2}$),0.410931956000000,-16.070272304800000,0.000000000000000,-20.571603154900000,-13.664922615100000,True,
2005-01-01,WP,1,HCCF_comparator,HCCF_anom,NetPath_high_total_anom,0.014382438290707,-1.427922275738810,(a),Western Pacific,HCCF → High-cloud pathway,HCCF anomaly,High-cloud Net CRE contribution (W m$^{-2}$),0.410931956000000,-16.070272304800000,0.000000000000000,-20.571603154900000,-13.664922615100000,True,
2005-02-01,WP,0,HCCF_comparator,HCCF_anom,NetPath_high_total_anom,-0.142287921510287,2.542868357979800,(a),Western Pacific,HCCF → High-cloud pathway,HCCF anomaly,High-cloud Net CRE contribution (W m$^{-2}$),0.410931956000000,-16.070272304800000,0.000000000000000,-20.571603154900000,-13.664922615100000,True,
2005-03-01,WP,1,HCCF_comparator,HCCF_anom,NetPath_high_total_anom,-0.081345535823693,-1.190899603373205,(a),Western Pacific,HCCF → High-cloud pathway,HCCF anomaly,High-cloud Net CRE contribution (W m$^{-2}$),0.410931956000000,-16.070272304800000,0.000000000000000,-20.571603154900000,-13.664922615100000,True,
2005-04-01,WP,0,HCCF_comparator,HCCF_anom,NetPath_high_total_anom,0.000656790008363,-0.256274561707058,(a),Western Pacific,HCCF → High-cloud pathway,HCCF anomaly,High-cloud Net CRE contribution (W m$^{-2}$),0.410931956000000,-16.070272304800000,0.000000000000000,-20.571603154900000,-13.664922615100000,True,
2005-05-01,WP,0,HCCF_comparator,HCCF_anom,NetPath_high_total_anom,-0.055571736850576,-0.738198581446708,(a),Western Pacific,HCCF → High-cloud pathway,HCCF anomaly,High-cloud Net CRE contribution (W m$^{-2}$),0.410931956000000,-16.070272304800000,0.000000000000000,-20.571603154900000,-13.664922615100000,True,
2005-06-01,WP,0,HCCF_comparator,HCCF_anom,NetPath_high_total_anom,-0.049259135835735,0.396758087753888,(a),Western Pacific,HCCF → High-cloud pathway,HCCF anomaly,High-cloud Net CRE contribution (W m$^{-2}$),0.410931956000000,-16.070272304800000,0.000000000000000,-20.571603154900000,-13.664922615100000,True,
2005-07-01,WP,0,HCCF_comparator,HCCF_anom,NetPath_high_total_anom,0.033149682416457,-0.472519990320700,(a),Western Pacific,HCCF → High-cloud pathway,HCCF anomaly,High-cloud Net CRE contribution (W m$^{-2}$),0.410931956000000,-16.070272304800000,0.000000000000000,-20.571603154900000,-13.664922615100000,True,
2005-08-01,WP,0,HCCF_comparator,HCCF_anom,NetPath_high_total_anom,0.005492780866042,-2.042221368249669,(a),Western Pacific,HCCF → High-cloud pathway,HCCF anomaly,High-cloud Net CRE contribution (W m$^{-2}$),0.410931956000000,-16.070272304800000,0.000000000000000,-20.571603154900000,-13.664922615100000,True,
2005-09-01,WP,0,HCCF_comparator,HCCF_anom,NetPath_high_total_anom,0.036498551251100,-1.972321994292307,(a),Western Pacific,HCCF → High-cloud pathway,HCCF anomaly,High-cloud Net CRE contribution (W m$^{-2}$),0.410931956000000,-16.070272304800000,0.000000000000000,-20.571603154900000,-13.664922615100000,True,
2005-10-01,WP,0,HCCF_comparator,HCCF_anom,NetPath_high_total_anom,0.022290304635497,1.331229470482404,(a),Western Pacific,HCCF → High-cloud pathway,HCCF anomaly,High-cloud Net CRE contribution (W m$^{-2}$),0.410931956000000,-16.070272304800000,0.000000000000000,-20.571603154900000,-13.664922615100000,True,
2005-11-01,WP,-1,HCCF_comparator,HCCF_anom,NetPath_high_total_anom,0.094775588997687,-0.235959160963279,(a),Western Pacific,HCCF → High-cloud pathway,HCCF anomaly,High-cloud Net CRE contribution (W m$^{-2}$),0.410931956000000,-16.070272304800000,0.000000000000000,-20.571603154900000,-13.664922615100000,True,
2005-12-01,WP,-1,HCCF_comparator,HCCF_anom,NetPath_high_total_anom,0.102922507071890,-1.345352319164381,(a),Western Pacific,HCCF → High-cloud pathway,HCCF anomaly,High-cloud Net CRE contribution (W m$^{-2}$),0.410931956000000,-16.070272304800000,0.000000000000000,-20.571603154900000,-13.664922615100000,True,
2006-01-01,WP,-1,HCCF_comparator,HCCF_anom,NetPath_high_total_anom,0.076056042236683,-1.261072944024620,(a),Western Pacific,HCCF → High-cloud pathway,HCCF anomaly,High-cloud Net CRE contribution (W m$^{-2}$),0.410931956000000,-16.070272304800000,0.000000000000000,-20.571603154900000,-13.664922615100000,True,
2006-02-01,WP,-1,HCCF_comparator,HCCF_anom,NetPath_high_total_anom,-0.010952030236500,1.295685401059091,(a),Western Pacific,HCCF → High-cloud pathway,HCCF anomaly,High-cloud Net CRE contribution (W m$^{-2}$),0.410931956000000,-16.070272304800000,0.000000000000000,-20.571603154900000,-13.664922615100000,True,
2006-03-01,WP,-1,HCCF_comparator,HCCF_anom,NetPath_high_total_anom,0.077140767025542,-2.020493440123496,(a),Western Pacific,HCCF → High-cloud pathway,HCCF anomaly,High-cloud Net CRE contribution (W m$^{-2}$),0.410931956000000,-16.070272304800000,0.000000000000000,-20.571603154900000,-13.664922615100000,True,
2006-04-01,WP,0,HCCF_comparator,HCCF_anom,NetPath_high_total_anom,0.122633531596061,-0.433309539405458,(a),Western Pacific,HCCF → High-cloud pathway,HCCF anomaly,High-cloud Net CRE contribution (W m$^{-2}$),0.410931956000000,-16.070272304800000,0.000000000000000,-20.571603154900000,-13.664922615100000,True,
2006-05-01,WP,0,HCCF_comparator,HCCF_anom,NetPath_high_total_anom,0.015339473259424,1.353276312325250,(a),Western Pacific,HCCF → High-cloud pathway,HCCF anomaly,High-cloud Net CRE contribution (W m$^{-2}$),0.410931956000000,-16.070272304800000,0.000000000000000,-20.571603154900000,-13.664922615100000,True,
2006-06-01,WP,0,HCCF_comparator,HCCF_anom,NetPath_high_total_anom,0.050845085535107,0.452179474410480,(a),Western Pacific,HCCF → High-cloud pathway,HCCF anomaly,High-cloud Net CRE contribution (W m$^{-2}$),0.410931956000000,-16.070272304800000,0.000000000000000,-20.571603154900000,-13.664922615100000,True,
2006-07-01,WP,0,HCCF_comparator,HCCF_anom,NetPath_high_total_anom,-0.012749112003286,-3.084025521032604,(a),Western Pacific,HCCF → High-cloud pathway,HCCF anomaly,High-cloud Net CRE contribution (W m$^{-2}$),0.410931956000000,-16.070272304800000,0.000000000000000,-20.571603154900000,-13.664922615100000,True,
2006-08-01,WP,0,HCCF_comparator,HCCF_anom,NetPath_high_total_anom,-0.012619319237594,-0.754054589298502,(a),Western Pacific,HCCF → High-cloud pathway,HCCF anomaly,High-cloud Net CRE contribution (W m$^{-2}$),0.410931956000000,-16.070272304800000,0.000000000000000,-20.571603154900000,-13.664922615100000,True,
2006-09-01,WP,1,HCCF_comparator,HCCF_anom,NetPath_high_total_anom,-0.024267348383262,0.476271985196459,(a),Western Pacific,HCCF → High-cloud pathway,HCCF anomaly,High-cloud Net CRE contribution (W m$^{-2}$),0.410931956000000,-16.070272304800000,0.000000000000000,-20.571603154900000,-13.664922615100000,True,
2006-10-01,WP,1,HCCF_comparator,HCCF_anom,NetPath_high_total_anom,-0.051802732847156,-0.112125299677076,(a),Western Pacific,HCCF → High-cloud pathway,HCCF anomaly,High-cloud Net CRE contribution (W m$^{-2}$),0.410931956000000,-16.070272304800000,0.000000000000000,-20.571603154900000,-13.664922615100000,True,
2006-11-01,WP,1,HCCF_comparator,HCCF_anom,NetPath_high_total_anom,-0.127394254967419,1.431685659596308,(a),Western Pacific,HCCF → High-cloud pathway,HCCF anomaly,High-cloud Net CRE contribution (W m$^{-2}$),0.410931956000000,-16.070272304800000,0.000000000000000,-20.571603154900000,-13.664922615100000,True,
2006-12-01,WP,1,HCCF_comparator,HCCF_anom,NetPath_high_total_anom,-0.111715335270311,1.967414828788267,(a),Western Pacific,HCCF → High-cloud pathway,HCCF anomaly,High-cloud Net CRE contribution (W m$^{-2}$),0.410931956000000,-16.070272304800000,0.000000000000000,-20.571603154900000,-13.664922615100000,True,
2007-01-01,WP,1,HCCF_comparator,HCCF_anom,NetPath_high_total_anom,-0.002526893480606,0.468412478032138,(a),Western Pacific,HCCF → High-cloud pathway,HCCF anomaly,High-cloud Net CRE contribution (W m$^{-2}$),0.410931956000000,-16.070272304800000,0.000000000000000,-20.571603154900000,-13.664922615100000,True,
2007-02-01,WP,0,HCCF_comparator,HCCF_anom,NetPath_high_total_anom,0.009619935623561,0.422398836640323,(a),Western Pacific,HCCF → High-cloud pathway,HCCF anomaly,High-cloud Net CRE contribution (W m$^{-2}$),0.410931956000000,-16.070272304800000,0.000000000000000,-20.571603154900000,-13.664922615100000,True,
2007-03-01,WP,0,HCCF_comparator,HCCF_anom,NetPath_high_total_anom,0.009973250610918,-1.212738941379373,(a),Western Pacific,HCCF → High-cloud pathway,HCCF anomaly,High-cloud Net CRE contribution (W m$^{-2}$),0.410931956000000,-16.070272304800000,0.000000000000000,-20.571603154900000,-13.664922615100000,True,
2007-04-01,WP,0,HCCF_comparator,HCCF_anom,NetPath_high_total_anom,-0.028648563345381,0.733183941772644,(a),Western Pacific,HCCF → High-cloud pathway,HCCF anomaly,High-cloud Net CRE contribution (W m$^{-2}$),0.410931956000000,-16.070272304800000,0.000000000000000,-20.571603154900000,-13.664922615100000,True,
2007-05-01,WP,-1,HCCF_comparator,HCCF_anom,NetPath_high_total_anom,-0.000808224756363,0.617695704873110,(a),Western Pacific,HCCF → High-cloud pathway,HCCF anomaly,High-cloud Net CRE contribution (W m$^{-2}$),0.410931956000000,-16.070272304800000,0.000000000000000,-20.571603154900000,-13.664922615100000,True,
2007-06-01,WP,0,HCCF_comparator,HCCF_anom,NetPath_high_total_anom,-0.029721516418592,0.663220564487842,(a),Western Pacific,HCCF → High-cloud pathway,HCCF anomaly,High-cloud Net CRE contribution (W m$^{-2}$),0.410931956000000,-16.070272304800000,0.000000000000000,-20.571603154900000,-13.664922615100000,True,
2007-07-01,WP,-1,HCCF_comparator,HCCF_anom,NetPath_high_total_anom,-0.008720492193607,0.928680721630791,(a),Western Pacific,HCCF → High-cloud pathway,HCCF anomaly,High-cloud Net CRE contribution (W m$^{-2}$),0.410931956000000,-16.070272304800000,0.000000000000000,-20.571603154900000,-13.664922615100000,True,
2007-08-01,WP,-1,HCCF_comparator,HCCF_anom,NetPath_high_total_anom,0.016152695254763,-0.647886499335845,(a),Western Pacific,HCCF → High-cloud pathway,HCCF anomaly,High-cloud Net CRE contribution (W m$^{-2}$),0.410931956000000,-16.070272304800000,0.000000000000000,-20.571603154900000,-13.664922615100000,True,
2007-09-01,WP,-1,HCCF_comparator,HCCF_anom,NetPath_high_total_anom,0.042828279467101,-1.139153238295287,(a),Western Pacific,HCCF → High-cloud pathway,HCCF anomaly,High-cloud Net CRE contribution (W m$^{-2}$),0.410931956000000,-16.070272304800000,0.000000000000000,-20.571603154900000,-13.664922615100000,True,
2007-10-01,WP,-1,HCCF_comparator,HCCF_anom,NetPath_high_total_anom,0.013048383523411,0.608053320271356,(a),Western Pacific,HCCF → High-cloud pathway,HCCF anomaly,High-cloud Net CRE contribution (W m$^{-2}$),0.410931956000000,-16.070272304800000,0.000000000000000,-20.571603154900000,-13.664922615100000,True,
2007-11-01,WP,-1,HCCF_comparator,HCCF_anom,NetPath_high_total_anom,0.136965024751901,-1.128448582972917,(a),Western Pacific,HCCF → High-cloud pathway,HCCF anomaly,High-cloud Net CRE contribution (W m$^{-2}$),0.410931956000000,-16.070272304800000,0.000000000000000,-20.571603154900000,-13.664922615100000,True,
2007-12-01,WP,-1,HCCF_comparator,HCCF_anom,NetPath_high_total_anom,-0.027195838224472,0.447309927650427,(a),Western Pacific,HCCF → High-cloud pathway,HCCF anomaly,High-cloud Net CRE contribution (W m$^{-2}$),0.410931956000000,-16.070272304800000,0.000000000000000,-20.571603154900000,-13.664922615100000,True,
2008-01-01,WP,-1,HCCF_comparator,HCCF_anom,NetPath_high_total_anom,0.040161153259490,1.573849510823283,(a),Western Pacific,HCCF → High-cloud pathway,HCCF anomaly,High-cloud Net CRE contribution (W m$^{-2}$),0.410931956000000,-16.070272304800000,0.000000000000000,-20.571603154900000,-13.664922615100000,True,
2008-02-01,WP,-1,HCCF_comparator,HCCF_anom,NetPath_high_total_anom,0.084057267024506,-3.587389557538295,(a),Western Pacific,HCCF → High-cloud pathway,HCCF anomaly,High-cloud Net CRE contribution (W m$^{-2}$),0.410931956000000,-16.070272304800000,0.000000000000000,-20.571603154900000,-13.664922615100000,True,
2008-03-01,WP,-1,HCCF_comparator,HCCF_anom,NetPath_high_total_anom,-0.012723643895363,1.899165796271288,(a),Western Pacific,HCCF → High-cloud pathway,HCCF anomaly,High-cloud Net CRE contribution (W m$^{-2}$),0.410931956000000,-16.070272304800000,0.000000000000000,-20.571603154900000,-13.664922615100000,True,
2008-04-01,WP,-1,HCCF_comparator,HCCF_anom,NetPath_high_total_anom,0.020465911323614,-0.612779018156101,(a),Western Pacific,HCCF → High-cloud pathway,HCCF anomaly,High-cloud Net CRE contribution (W m$^{-2}$),0.410931956000000,-16.070272304800000,0.000000000000000,-20.571603154900000,-13.664922615100000,True,
2008-05-01,WP,-1,HCCF_comparator,HCCF_anom,NetPath_high_total_anom,0.033975463285398,-2.377595911184691,(a),Western Pacific,HCCF → High-cloud pathway,HCCF anomaly,High-cloud Net CRE contribution (W m$^{-2}$),0.410931956000000,-16.070272304800000,0.000000000000000,-20.571603154900000,-13.664922615100000,True,
2008-06-01,WP,-1,HCCF_comparator,HCCF_anom,NetPath_high_total_anom,-0.010414686857299,-0.905174959773666,(a),Western Pacific,HCCF → High-cloud pathway,HCCF anomaly,High-cloud Net CRE contribution (W m$^{-2}$),0.410931956000000,-16.070272304800000,0.000000000000000,-20.571603154900000,-13.664922615100000,True,
2008-07-01,WP,0,HCCF_comparator,HCCF_anom,NetPath_high_total_anom,-0.038217116389890,1.750537690328912,(a),Western Pacific,HCCF → High-cloud pathway,HCCF anomaly,High-cloud Net CRE contribution (W m$^{-2}$),0.410931956000000,-16.070272304800000,0.000000000000000,-20.571603154900000,-13.664922615100000,True,
2008-08-01,WP,0,HCCF_comparator,HCCF_anom,NetPath_high_total_anom,0.003247997863015,-0.416975935658758,(a),Western Pacific,HCCF → High-cloud pathway,HCCF anomaly,High-cloud Net CRE contribution (W m$^{-2}$),0.410931956000000,-16.070272304800000,0.000000000000000,-20.571603154900000,-13.664922615100000,True,
2008-09-01,WP,0,HCCF_comparator,HCCF_anom,NetPath_high_total_anom,0.011794807874731,-0.803011777135112,(a),Western Pacific,HCCF → High-cloud pathway,HCCF anomaly,High-cloud Net CRE contribution (W m$^{-2}$),0.410931956000000,-16.070272304800000,0.000000000000000,-20.571603154900000,-13.664922615100000,True,
2008-10-01,WP,0,HCCF_comparator,HCCF_anom,NetPath_high_total_anom,0.017049689459875,-2.519336900490184,(a),Western Pacific,HCCF → High-cloud pathway,HCCF anomaly,High-cloud Net CRE contribution (W m$^{-2}$),0.410931956000000,-16.070272304800000,0.000000000000000,-20.571603154900000,-13.664922615100000,True,
2008-11-01,WP,-1,HCCF_comparator,HCCF_anom,NetPath_high_total_anom,0.021658565519679,-0.786741769907106,(a),Western Pacific,HCCF → High-cloud pathway,HCCF anomaly,High-cloud Net CRE contribution (W m$^{-2}$),0.410931956000000,-16.070272304800000,0.000000000000000,-20.571603154900000,-13.664922615100000,True,
2008-12-01,WP,-1,HCCF_comparator,HCCF_anom,NetPath_high_total_anom,0.066065196639758,-1.867450833147997,(a),Western Pacific,HCCF → High-cloud pathway,HCCF anomaly,High-cloud Net CRE contribution (W m$^{-2}$),0.410931956000000,-16.070272304800000,0.000000000000000,-20.571603154900000,-13.664922615100000,True,
2009-01-01,WP,-1,HCCF_comparator,HCCF_anom,NetPath_high_total_anom,0.037891574676691,0.275313798194659,(a),Western Pacific,HCCF → High-cloud pathway,HCCF anomaly,High-cloud Net CRE contribution (W m$^{-2}$),0.410931956000000,-16.070272304800000,0.000000000000000,-20.571603154900000,-13.664922615100000,True,
2009-02-01,WP,-1,HCCF_comparator,HCCF_anom,NetPath_high_total_anom,0.117765469760371,-4.016517076742012,(a),Western Pacific,HCCF → High-cloud pathway,HCCF anomaly,High-cloud Net CRE contribution (W m$^{-2}$),0.410931956000000,-16.070272304800000,0.000000000000000,-20.571603154900000,-13.664922615100000,True,
2009-03-01,WP,-1,HCCF_comparator,HCCF_anom,NetPath_high_total_anom,0.040953746480144,0.679897144393787,(a),Western Pacific,HCCF → High-cloud pathway,HCCF anomaly,High-cloud Net CRE contribution (W m$^{-2}$),0.410931956000000,-16.070272304800000,0.000000000000000,-20.571603154900000,-13.664922615100000,True,
2009-04-01,WP,0,HCCF_comparator,HCCF_anom,NetPath_high_total_anom,-0.016809872568397,0.381807118155642,(a),Western Pacific,HCCF → High-cloud pathway,HCCF anomaly,High-cloud Net CRE contribution (W m$^{-2}$),0.410931956000000,-16.070272304800000,0.000000000000000,-20.571603154900000,-13.664922615100000,True,
2009-05-01,WP,0,HCCF_comparator,HCCF_anom,NetPath_high_total_anom,0.037514955097928,0.256463768267477,(a),Western Pacific,HCCF → High-cloud pathway,HCCF anomaly,High-cloud Net CRE contribution (W m$^{-2}$),0.410931956000000,-16.070272304800000,0.000000000000000,-20.571603154900000,-13.664922615100000,True,
2009-06-01,WP,0,HCCF_comparator,HCCF_anom,NetPath_high_total_anom,0.025335541018186,-0.193914153283219,(a),Western Pacific,HCCF → High-cloud pathway,HCCF anomaly,High-cloud Net CRE contribution (W m$^{-2}$),0.410931956000000,-16.070272304800000,0.000000000000000,-20.571603154900000,-13.664922615100000,True,
2009-07-01,WP,1,HCCF_comparator,HCCF_anom,NetPath_high_total_anom,0.070211587567594,-2.629693765035533,(a),Western Pacific,HCCF → High-cloud pathway,HCCF anomaly,High-cloud Net CRE contribution (W m$^{-2}$),0.410931956000000,-16.070272304800000,0.000000000000000,-20.571603154900000,-13.664922615100000,True,
2009-08-01,WP,1,HCCF_comparator,HCCF_anom,NetPath_high_total_anom,-0.040621242710619,1.387145506011225,(a),Western Pacific,HCCF → High-cloud pathway,HCCF anomaly,High-cloud Net CRE contribution (W m$^{-2}$),0.410931956000000,-16.070272304800000,0.000000000000000,-20.571603154900000,-13.664922615100000,True,
2009-09-01,WP,1,HCCF_comparator,HCCF_anom,NetPath_high_total_anom,0.013909302190773,-2.225283321920462,(a),Western Pacific,HCCF → High-cloud pathway,HCCF anomaly,High-cloud Net CRE contribution (W m$^{-2}$),0.410931956000000,-16.070272304800000,0.000000000000000,-20.571603154900000,-13.664922615100000,True,
2009-10-01,WP,1,HCCF_comparator,HCCF_anom,NetPath_high_total_anom,0.007785224860290,-0.789694523771553,(a),Western Pacific,HCCF → High-cloud pathway,HCCF anomaly,High-cloud Net CRE contribution (W m$^{-2}$),0.410931956000000,-16.070272304800000,0.000000000000000,-20.571603154900000,-13.664922615100000,True,
2009-11-01,WP,1,HCCF_comparator,HCCF_anom,NetPath_high_total_anom,-0.027149699652046,-1.896311508919361,(a),Western Pacific,HCCF → High-cloud pathway,HCCF anomaly,High-cloud Net CRE contribution (W m$^{-2}$),0.410931956000000,-16.070272304800000,0.000000000000000,-20.571603154900000,-13.664922615100000,True,
2009-12-01,WP,1,HCCF_comparator,HCCF_anom,NetPath_high_total_anom,-0.058384588914374,1.646464926370656,(a),Western Pacific,HCCF → High-cloud pathway,HCCF anomaly,High-cloud Net CRE contribution (W m$^{-2}$),0.410931956000000,-16.070272304800000,0.000000000000000,-20.571603154900000,-13.664922615100000,True,
2010-01-01,WP,1,HCCF_comparator,HCCF_anom,NetPath_high_total_anom,0.032224300295730,-1.772976411190710,(a),Western Pacific,HCCF → High-cloud pathway,HCCF anomaly,High-cloud Net CRE contribution (W m$^{-2}$),0.410931956000000,-16.070272304800000,0.000000000000000,-20.571603154900000,-13.664922615100000,True,
2010-02-01,WP,1,HCCF_comparator,HCCF_anom,NetPath_high_total_anom,-0.238515091877591,3.268677225903077,(a),Western Pacific,HCCF → High-cloud pathway,HCCF anomaly,High-cloud Net CRE contribution (W m$^{-2}$),0.410931956000000,-16.070272304800000,0.000000000000000,-20.571603154900000,-13.664922615100000,True,
2010-03-01,WP,1,HCCF_comparator,HCCF_anom,NetPath_high_total_anom,-0.087912091941250,0.869324671236812,(a),Western Pacific,HCCF → High-cloud pathway,HCCF anomaly,High-cloud Net CRE contribution (W m$^{-2}$),0.410931956000000,-16.070272304800000,0.000000000000000,-20.571603154900000,-13.664922615100000,True,
2010-04-01,WP,0,HCCF_comparator,HCCF_anom,NetPath_high_total_anom,-0.011777806981138,-0.227854815158626,(a),Western Pacific,HCCF → High-cloud pathway,HCCF anomaly,High-cloud Net CRE contribution (W m$^{-2}$),0.410931956000000,-16.070272304800000,0.000000000000000,-20.571603154900000,-13.664922615100000,True,
2010-05-01,WP,0,HCCF_comparator,HCCF_anom,NetPath_high_total_anom,-0.022536032594251,0.763465516507593,(a),Western Pacific,HCCF → High-cloud pathway,HCCF anomaly,High-cloud Net CRE contribution (W m$^{-2}$),0.410931956000000,-16.070272304800000,0.000000000000000,-20.571603154900000,-13.664922615100000,True,
2010-06-01,WP,-1,HCCF_comparator,HCCF_anom,NetPath_high_total_anom,-0.043133716956028,1.641189245110504,(a),Western Pacific,HCCF → High-cloud pathway,HCCF anomaly,High-cloud Net CRE contribution (W m$^{-2}$),0.410931956000000,-16.070272304800000,0.000000000000000,-20.571603154900000,-13.664922615100000,True,
2010-07-01,WP,-1,HCCF_comparator,HCCF_anom,NetPath_high_total_anom,0.003185361942237,1.624327620661703,(a),Western Pacific,HCCF → High-cloud pathway,HCCF anomaly,High-cloud Net CRE contribution (W m$^{-2}$),0.410931956000000,-16.070272304800000,0.000000000000000,-20.571603154900000,-13.664922615100000,True,
2010-08-01,WP,-1,HCCF_comparator,HCCF_anom,NetPath_high_total_anom,0.053335527758446,0.404964072748544,(a),Western Pacific,HCCF → High-cloud pathway,HCCF anomaly,High-cloud Net CRE contribution (W m$^{-2}$),0.410931956000000,-16.070272304800000,0.000000000000000,-20.571603154900000,-13.664922615100000,True,
2010-09-01,WP,-1,HCCF_comparator,HCCF_anom,NetPath_high_total_anom,-0.019942413205921,2.407206092320911,(a),Western Pacific,HCCF → High-cloud pathway,HCCF anomaly,High-cloud Net CRE contribution (W m$^{-2}$),0.410931956000000,-16.070272304800000,0.000000000000000,-20.571603154900000,-13.664922615100000,True,
2010-10-01,WP,-1,HCCF_comparator,HCCF_anom,NetPath_high_total_anom,0.047899048852575,-1.551381556146085,(a),Western Pacific,HCCF → High-cloud pathway,HCCF anomaly,High-cloud Net CRE contribution (W m$^{-2}$),0.410931956000000,-16.070272304800000,0.000000000000000,-20.571603154900000,-13.664922615100000,True,
2010-11-01,WP,-1,HCCF_comparator,HCCF_anom,NetPath_high_total_anom,-0.010271890828502,0.064634824642366,(a),Western Pacific,HCCF → High-cloud pathway,HCCF anomaly,High-cloud Net CRE contribution (W m$^{-2}$),0.410931956000000,-16.070272304800000,0.000000000000000,-20.571603154900000,-13.664922615100000,True,
2010-12-01,WP,-1,HCCF_comparator,HCCF_anom,NetPath_high_total_anom,0.018270925340895,-1.691092581494062,(a),Western Pacific,HCCF → High-cloud pathway,HCCF anomaly,High-cloud Net CRE contribution (W m$^{-2}$),0.410931956000000,-16.070272304800000,0.000000000000000,-20.571603154900000,-13.664922615100000,True,
2011-01-01,WP,-1,HCCF_comparator,HCCF_anom,NetPath_high_total_anom,-0.023803672966818,-0.341508867400546,(a),Western Pacific,HCCF → High-cloud pathway,HCCF anomaly,High-cloud Net CRE contribution (W m$^{-2}$),0.410931956000000,-16.070272304800000,0.000000000000000,-20.571603154900000,-13.664922615100000,True,
2011-02-01,WP,-1,HCCF_comparator,HCCF_anom,NetPath_high_total_anom,0.041903335927829,-2.772781019991376,(a),Western Pacific,HCCF → High-cloud pathway,HCCF anomaly,High-cloud Net CRE contribution (W m$^{-2}$),0.410931956000000,-16.070272304800000,0.000000000000000,-20.571603154900000,-13.664922615100000,True,
2011-03-01,WP,-1,HCCF_comparator,HCCF_anom,NetPath_high_total_anom,0.067895990485874,-3.008438652081099,(a),Western Pacific,HCCF → High-cloud pathway,HCCF anomaly,High-cloud Net CRE contribution (W m$^{-2}$),0.410931956000000,-16.070272304800000,0.000000000000000,-20.571603154900000,-13.664922615100000,True,
2011-04-01,WP,-1,HCCF_comparator,HCCF_anom,NetPath_high_total_anom,0.081464110198667,-1.606504232296689,(a),Western Pacific,HCCF → High-cloud pathway,HCCF anomaly,High-cloud Net CRE contribution (W m$^{-2}$),0.410931956000000,-16.070272304800000,0.000000000000000,-20.571603154900000,-13.664922615100000,True,
2011-05-01,WP,-1,HCCF_comparator,HCCF_anom,NetPath_high_total_anom,0.091047422415514,-1.585166029462319,(a),Western Pacific,HCCF → High-cloud pathway,HCCF anomaly,High-cloud Net CRE contribution (W m$^{-2}$),0.410931956000000,-16.070272304800000,0.000000000000000,-20.571603154900000,-13.664922615100000,True,
2011-06-01,WP,0,HCCF_comparator,HCCF_anom,NetPath_high_total_anom,0.054118337736658,-2.397156371701498,(a),Western Pacific,HCCF → High-cloud pathway,HCCF anomaly,High-cloud Net CRE contribution (W m$^{-2}$),0.410931956000000,-16.070272304800000,0.000000000000000,-20.571603154900000,-13.664922615100000,True,
2011-07-01,WP,0,HCCF_comparator,HCCF_anom,NetPath_high_total_anom,0.066095907470987,-0.901526915098385,(a),Western Pacific,HCCF → High-cloud pathway,HCCF anomaly,High-cloud Net CRE contribution (W m$^{-2}$),0.410931956000000,-16.070272304800000,0.000000000000000,-20.571603154900000,-13.664922615100000,True,
2011-08-01,WP,-1,HCCF_comparator,HCCF_anom,NetPath_high_total_anom,0.025328230855684,-1.326220685543462,(a),Western Pacific,HCCF → High-cloud pathway,HCCF anomaly,High-cloud Net CRE contribution (W m$^{-2}$),0.410931956000000,-16.070272304800000,0.000000000000000,-20.571603154900000,-13.664922615100000,True,
2011-09-01,WP,-1,HCCF_comparator,HCCF_anom,NetPath_high_total_anom,0.052050086104574,-3.070791296478446,(a),Western Pacific,HCCF → High-cloud pathway,HCCF anomaly,High-cloud Net CRE contribution (W m$^{-2}$),0.410931956000000,-16.070272304800000,0.000000000000000,-20.571603154900000,-13.664922615100000,True,
2011-10-01,WP,-1,HCCF_comparator,HCCF_anom,NetPath_high_total_anom,-0.051584961355457,-0.698811995797818,(a),Western Pacific,HCCF → High-cloud pathway,HCCF anomaly,High-cloud Net CRE contribution (W m$^{-2}$),0.410931956000000,-16.070272304800000,0.000000000000000,-20.571603154900000,-13.664922615100000,True,
2011-11-01,WP,-1,HCCF_comparator,HCCF_anom,NetPath_high_total_anom,-0.025987265008528,-1.572744074257777,(a),Western Pacific,HCCF → High-cloud pathway,HCCF anomaly,High-cloud Net CRE contribution (W m$^{-2}$),0.410931956000000,-16.070272304800000,0.000000000000000,-20.571603154900000,-13.664922615100000,True,
2011-12-01,WP,-1,HCCF_comparator,HCCF_anom,NetPath_high_total_anom,0.054824622820318,-2.047238574758988,(a),Western Pacific,HCCF → High-cloud pathway,HCCF anomaly,High-cloud Net CRE contribution (W m$^{-2}$),0.410931956000000,-16.070272304800000,0.000000000000000,-20.571603154900000,-13.664922615100000,True,
2012-01-01,WP,-1,HCCF_comparator,HCCF_anom,NetPath_high_total_anom,-0.002601717705728,-0.113331397041585,(a),Western Pacific,HCCF → High-cloud pathway,HCCF anomaly,High-cloud Net CRE contribution (W m$^{-2}$),0.410931956000000,-16.070272304800000,0.000000000000000,-20.571603154900000,-13.664922615100000,True,
2012-02-01,WP,-1,HCCF_comparator,HCCF_anom,NetPath_high_total_anom,0.016289855968826,2.620228004529713,(a),Western Pacific,HCCF → High-cloud pathway,HCCF anomaly,High-cloud Net CRE contribution (W m$^{-2}$),0.410931956000000,-16.070272304800000,0.000000000000000,-20.571603154900000,-13.664922615100000,True,
2012-03-01,WP,-1,HCCF_comparator,HCCF_anom,NetPath_high_total_anom,0.096563086120319,-3.212496231636433,(a),Western Pacific,HCCF → High-cloud pathway,HCCF anomaly,High-cloud Net CRE contribution (W m$^{-2}$),0.410931956000000,-16.070272304800000,0.000000000000000,-20.571603154900000,-13.664922615100000,True,
2012-04-01,WP,-1,HCCF_comparator,HCCF_anom,NetPath_high_total_anom,-0.033964911928286,1.113174068160971,(a),Western Pacific,HCCF → High-cloud pathway,HCCF anomaly,High-cloud Net CRE contribution (W m$^{-2}$),0.410931956000000,-16.070272304800000,0.000000000000000,-20.571603154900000,-13.664922615100000,True,
2012-05-01,WP,0,HCCF_comparator,HCCF_anom,NetPath_high_total_anom,0.119284399445203,-1.579891894056652,(a),Western Pacific,HCCF → High-cloud pathway,HCCF anomaly,High-cloud Net CRE contribution (W m$^{-2}$),0.410931956000000,-16.070272304800000,0.000000000000000,-20.571603154900000,-13.664922615100000,True,
2012-06-01,WP,0,HCCF_comparator,HCCF_anom,NetPath_high_total_anom,0.034789798590091,-1.862441141221963,(a),Western Pacific,HCCF → High-cloud pathway,HCCF anomaly,High-cloud Net CRE contribution (W m$^{-2}$),0.410931956000000,-16.070272304800000,0.000000000000000,-20.571603154900000,-13.664922615100000,True,
2012-07-01,WP,0,HCCF_comparator,HCCF_anom,NetPath_high_total_anom,0.050207303535729,-0.655031594912751,(a),Western Pacific,HCCF → High-cloud pathway,HCCF anomaly,High-cloud Net CRE contribution (W m$^{-2}$),0.410931956000000,-16.070272304800000,0.000000000000000,-20.571603154900000,-13.664922615100000,True,
2012-08-01,WP,1,HCCF_comparator,HCCF_anom,NetPath_high_total_anom,0.032078193243239,-1.771939624588538,(a),Western Pacific,HCCF → High-cloud pathway,HCCF anomaly,High-cloud Net CRE contribution (W m$^{-2}$),0.410931956000000,-16.070272304800000,0.000000000000000,-20.571603154900000,-13.664922615100000,True,
2012-09-01,WP,0,HCCF_comparator,HCCF_anom,NetPath_high_total_anom,0.055355770423728,-2.125897723727859,(a),Western Pacific,HCCF → High-cloud pathway,HCCF anomaly,High-cloud Net CRE contribution (W m$^{-2}$),0.410931956000000,-16.070272304800000,0.000000000000000,-20.571603154900000,-13.664922615100000,True,
2012-10-01,WP,0,HCCF_comparator,HCCF_anom,NetPath_high_total_anom,-0.006585969691083,-1.213076350303213,(a),Western Pacific,HCCF → High-cloud pathway,HCCF anomaly,High-cloud Net CRE contribution (W m$^{-2}$),0.410931956000000,-16.070272304800000,0.000000000000000,-20.571603154900000,-13.664922615100000,True,
2012-11-01,WP,0,HCCF_comparator,HCCF_anom,NetPath_high_total_anom,-0.001026759302412,1.015591169591902,(a),Western Pacific,HCCF → High-cloud pathway,HCCF anomaly,High-cloud Net CRE contribution (W m$^{-2}$),0.410931956000000,-16.070272304800000,0.000000000000000,-20.571603154900000,-13.664922615100000,True,
2012-12-01,WP,0,HCCF_comparator,HCCF_anom,NetPath_high_total_anom,-0.047583981841367,2.952490394271368,(a),Western Pacific,HCCF → High-cloud pathway,HCCF anomaly,High-cloud Net CRE contribution (W m$^{-2}$),0.410931956000000,-16.070272304800000,0.000000000000000,-20.571603154900000,-13.664922615100000,True,
2013-01-01,WP,-1,HCCF_comparator,HCCF_anom,NetPath_high_total_anom,0.049115658784153,-0.975478399424301,(a),Western Pacific,HCCF → High-cloud pathway,HCCF anomaly,High-cloud Net CRE contribution (W m$^{-2}$),0.410931956000000,-16.070272304800000,0.000000000000000,-20.571603154900000,-13.664922615100000,True,
2013-02-01,WP,-1,HCCF_comparator,HCCF_anom,NetPath_high_total_anom,-0.011178633771307,0.184668834117672,(a),Western Pacific,HCCF → High-cloud pathway,HCCF anomaly,High-cloud Net CRE contribution (W m$^{-2}$),0.410931956000000,-16.070272304800000,0.000000000000000,-20.571603154900000,-13.664922615100000,True,
2013-03-01,WP,0,HCCF_comparator,HCCF_anom,NetPath_high_total_anom,-0.002695499384409,0.174714984433526,(a),Western Pacific,HCCF → High-cloud pathway,HCCF anomaly,High-cloud Net CRE contribution (W m$^{-2}$),0.410931956000000,-16.070272304800000,0.000000000000000,-20.571603154900000,-13.664922615100000,True,
2013-04-01,WP,0,HCCF_comparator,HCCF_anom,NetPath_high_total_anom,0.031260806645660,-0.880967409309318,(a),Western Pacific,HCCF → High-cloud pathway,HCCF anomaly,High-cloud Net CRE contribution (W m$^{-2}$),0.410931956000000,-16.070272304800000,0.000000000000000,-20.571603154900000,-13.664922615100000,True,
2013-05-01,WP,0,HCCF_comparator,HCCF_anom,NetPath_high_total_anom,0.005578280441299,1.133430615415465,(a),Western Pacific,HCCF → High-cloud pathway,HCCF anomaly,High-cloud Net CRE contribution (W m$^{-2}$),0.410931956000000,-16.070272304800000,0.000000000000000,-20.571603154900000,-13.664922615100000,True,
2013-06-01,WP,0,HCCF_comparator,HCCF_anom,NetPath_high_total_anom,0.060164312963577,-1.459215743831282,(a),Western Pacific,HCCF → High-cloud pathway,HCCF anomaly,High-cloud Net CRE contribution (W m$^{-2}$),0.410931956000000,-16.070272304800000,0.000000000000000,-20.571603154900000,-13.664922615100000,True,
2013-07-01,WP,0,HCCF_comparator,HCCF_anom,NetPath_high_total_anom,0.030010805206455,0.601444443241103,(a),Western Pacific,HCCF → High-cloud pathway,HCCF anomaly,High-cloud Net CRE contribution (W m$^{-2}$),0.410931956000000,-16.070272304800000,0.000000000000000,-20.571603154900000,-13.664922615100000,True,
2013-08-01,WP,0,HCCF_comparator,HCCF_anom,NetPath_high_total_anom,0.014651560245585,0.017126117122005,(a),Western Pacific,HCCF → High-cloud pathway,HCCF anomaly,High-cloud Net CRE contribution (W m$^{-2}$),0.410931956000000,-16.070272304800000,0.000000000000000,-20.571603154900000,-13.664922615100000,True,
2013-09-01,WP,0,HCCF_comparator,HCCF_anom,NetPath_high_total_anom,0.016822821325068,0.376193128305364,(a),Western Pacific,HCCF → High-cloud pathway,HCCF anomaly,High-cloud Net CRE contribution (W m$^{-2}$),0.410931956000000,-16.070272304800000,0.000000000000000,-20.571603154900000,-13.664922615100000,True,
2013-10-01,WP,0,HCCF_comparator,HCCF_anom,NetPath_high_total_anom,0.072014479466979,-0.406787888287204,(a),Western Pacific,HCCF → High-cloud pathway,HCCF anomaly,High-cloud Net CRE contribution (W m$^{-2}$),0.410931956000000,-16.070272304800000,0.000000000000000,-20.571603154900000,-13.664922615100000,True,
2013-11-01,WP,0,HCCF_comparator,HCCF_anom,NetPath_high_total_anom,0.008825415256028,-1.611291810356607,(a),Western Pacific,HCCF → High-cloud pathway,HCCF anomaly,High-cloud Net CRE contribution (W m$^{-2}$),0.410931956000000,-16.070272304800000,0.000000000000000,-20.571603154900000,-13.664922615100000,True,
2013-12-01,WP,0,HCCF_comparator,HCCF_anom,NetPath_high_total_anom,0.008303680585976,-0.438045474170009,(a),Western Pacific,HCCF → High-cloud pathway,HCCF anomaly,High-cloud Net CRE contribution (W m$^{-2}$),0.410931956000000,-16.070272304800000,0.000000000000000,-20.571603154900000,-13.664922615100000,True,
2014-01-01,WP,-1,HCCF_comparator,HCCF_anom,NetPath_high_total_anom,0.087676901085088,-1.495129440856227,(a),Western Pacific,HCCF → High-cloud pathway,HCCF anomaly,High-cloud Net CRE contribution (W m$^{-2}$),0.410931956000000,-16.070272304800000,0.000000000000000,-20.571603154900000,-13.664922615100000,True,
2014-02-01,WP,-1,HCCF_comparator,HCCF_anom,NetPath_high_total_anom,0.028062204136237,-0.776632823310133,(a),Western Pacific,HCCF → High-cloud pathway,HCCF anomaly,High-cloud Net CRE contribution (W m$^{-2}$),0.410931956000000,-16.070272304800000,0.000000000000000,-20.571603154900000,-13.664922615100000,True,
2014-03-01,WP,0,HCCF_comparator,HCCF_anom,NetPath_high_total_anom,-0.069927601610372,2.786478401842098,(a),Western Pacific,HCCF → High-cloud pathway,HCCF anomaly,High-cloud Net CRE contribution (W m$^{-2}$),0.410931956000000,-16.070272304800000,0.000000000000000,-20.571603154900000,-13.664922615100000,True,
2014-04-01,WP,0,HCCF_comparator,HCCF_anom,NetPath_high_total_anom,0.027420323506434,-0.382750566786120,(a),Western Pacific,HCCF → High-cloud pathway,HCCF anomaly,High-cloud Net CRE contribution (W m$^{-2}$),0.410931956000000,-16.070272304800000,0.000000000000000,-20.571603154900000,-13.664922615100000,True,
2014-05-01,WP,0,HCCF_comparator,HCCF_anom,NetPath_high_total_anom,-0.029114822402468,1.266203658235529,(a),Western Pacific,HCCF → High-cloud pathway,HCCF anomaly,High-cloud Net CRE contribution (W m$^{-2}$),0.410931956000000,-16.070272304800000,0.000000000000000,-20.571603154900000,-13.664922615100000,True,
2014-06-01,WP,0,HCCF_comparator,HCCF_anom,NetPath_high_total_anom,-0.003086582723349,-0.600897124135424,(a),Western Pacific,HCCF → High-cloud pathway,HCCF anomaly,High-cloud Net CRE contribution (W m$^{-2}$),0.410931956000000,-16.070272304800000,0.000000000000000,-20.571603154900000,-13.664922615100000,True,
2014-07-01,WP,0,HCCF_comparator,HCCF_anom,NetPath_high_total_anom,0.039489134225288,-2.652638085628311,(a),Western Pacific,HCCF → High-cloud pathway,HCCF anomaly,High-cloud Net CRE contribution (W m$^{-2}$),0.410931956000000,-16.070272304800000,0.000000000000000,-20.571603154900000,-13.664922615100000,True,
2014-08-01,WP,0,HCCF_comparator,HCCF_anom,NetPath_high_total_anom,-0.049723061914333,0.765795880158872,(a),Western Pacific,HCCF → High-cloud pathway,HCCF anomaly,High-cloud Net CRE contribution (W m$^{-2}$),0.410931956000000,-16.070272304800000,0.000000000000000,-20.571603154900000,-13.664922615100000,True,
2014-09-01,WP,0,HCCF_comparator,HCCF_anom,NetPath_high_total_anom,0.049099672990242,-2.055119999517931,(a),Western Pacific,HCCF → High-cloud pathway,HCCF anomaly,High-cloud Net CRE contribution (W m$^{-2}$),0.410931956000000,-16.070272304800000,0.000000000000000,-20.571603154900000,-13.664922615100000,True,
2014-10-01,WP,1,HCCF_comparator,HCCF_anom,NetPath_high_total_anom,-0.014390902811363,-0.315786604790377,(a),Western Pacific,HCCF → High-cloud pathway,HCCF anomaly,High-cloud Net CRE contribution (W m$^{-2}$),0.410931956000000,-16.070272304800000,0.000000000000000,-20.571603154900000,-13.664922615100000,True,
2014-11-01,WP,1,HCCF_comparator,HCCF_anom,NetPath_high_total_anom,-0.049698594128383,0.545700439611554,(a),Western Pacific,HCCF → High-cloud pathway,HCCF anomaly,High-cloud Net CRE contribution (W m$^{-2}$),0.410931956000000,-16.070272304800000,0.000000000000000,-20.571603154900000,-13.664922615100000,True,
2014-12-01,WP,1,HCCF_comparator,HCCF_anom,NetPath_high_total_anom,0.031317798965134,0.464748693940333,(a),Western Pacific,HCCF → High-cloud pathway,HCCF anomaly,High-cloud Net CRE contribution (W m$^{-2}$),0.410931956000000,-16.070272304800000,0.000000000000000,-20.571603154900000,-13.664922615100000,True,
2015-01-01,WP,1,HCCF_comparator,HCCF_anom,NetPath_high_total_anom,0.016048894820641,-0.600789832327774,(a),Western Pacific,HCCF → High-cloud pathway,HCCF anomaly,High-cloud Net CRE contribution (W m$^{-2}$),0.410931956000000,-16.070272304800000,0.000000000000000,-20.571603154900000,-13.664922615100000,True,
2015-02-01,WP,0,HCCF_comparator,HCCF_anom,NetPath_high_total_anom,0.033873032472084,-1.587444771878462,(a),Western Pacific,HCCF → High-cloud pathway,HCCF anomaly,High-cloud Net CRE contribution (W m$^{-2}$),0.410931956000000,-16.070272304800000,0.000000000000000,-20.571603154900000,-13.664922615100000,True,
2015-03-01,WP,1,HCCF_comparator,HCCF_anom,NetPath_high_total_anom,-0.061746810146388,2.969211157329521,(a),Western Pacific,HCCF → High-cloud pathway,HCCF anomaly,High-cloud Net CRE contribution (W m$^{-2}$),0.410931956000000,-16.070272304800000,0.000000000000000,-20.571603154900000,-13.664922615100000,True,
2015-04-01,WP,1,HCCF_comparator,HCCF_anom,NetPath_high_total_anom,-0.043840546384056,2.058398711925741,(a),Western Pacific,HCCF → High-cloud pathway,HCCF anomaly,High-cloud Net CRE contribution (W m$^{-2}$),0.410931956000000,-16.070272304800000,0.000000000000000,-20.571603154900000,-13.664922615100000,True,
2015-05-01,WP,1,HCCF_comparator,HCCF_anom,NetPath_high_total_anom,-0.052740379330213,1.881951428414355,(a),Western Pacific,HCCF → High-cloud pathway,HCCF anomaly,High-cloud Net CRE contribution (W m$^{-2}$),0.410931956000000,-16.070272304800000,0.000000000000000,-20.571603154900000,-13.664922615100000,True,
2015-06-01,WP,1,HCCF_comparator,HCCF_anom,NetPath_high_total_anom,0.026490421270430,-0.073798334107960,(a),Western Pacific,HCCF → High-cloud pathway,HCCF anomaly,High-cloud Net CRE contribution (W m$^{-2}$),0.410931956000000,-16.070272304800000,0.000000000000000,-20.571603154900000,-13.664922615100000,True,
2015-07-01,WP,1,HCCF_comparator,HCCF_anom,NetPath_high_total_anom,-0.147365674255986,2.412121309082769,(a),Western Pacific,HCCF → High-cloud pathway,HCCF anomaly,High-cloud Net CRE contribution (W m$^{-2}$),0.410931956000000,-16.070272304800000,0.000000000000000,-20.571603154900000,-13.664922615100000,True,
2015-08-01,WP,1,HCCF_comparator,HCCF_anom,NetPath_high_total_anom,-0.064817225691171,1.957095270603843,(a),Western Pacific,HCCF → High-cloud pathway,HCCF anomaly,High-cloud Net CRE contribution (W m$^{-2}$),0.410931956000000,-16.070272304800000,0.000000000000000,-20.571603154900000,-13.664922615100000,True,
2015-09-01,WP,1,HCCF_comparator,HCCF_anom,NetPath_high_total_anom,-0.138673594136877,0.793467474105304,(a),Western Pacific,HCCF → High-cloud pathway,HCCF anomaly,High-cloud Net CRE contribution (W m$^{-2}$),0.410931956000000,-16.070272304800000,0.000000000000000,-20.571603154900000,-13.664922615100000,True,
2015-10-01,WP,1,HCCF_comparator,HCCF_anom,NetPath_high_total_anom,-0.191128078366860,1.797307773231153,(a),Western Pacific,HCCF → High-cloud pathway,HCCF anomaly,High-cloud Net CRE contribution (W m$^{-2}$),0.410931956000000,-16.070272304800000,0.000000000000000,-20.571603154900000,-13.664922615100000,True,
2015-11-01,WP,1,HCCF_comparator,HCCF_anom,NetPath_high_total_anom,-0.153014412223453,0.294977856489930,(a),Western Pacific,HCCF → High-cloud pathway,HCCF anomaly,High-cloud Net CRE contribution (W m$^{-2}$),0.410931956000000,-16.070272304800000,0.000000000000000,-20.571603154900000,-13.664922615100000,True,
2015-12-01,WP,1,HCCF_comparator,HCCF_anom,NetPath_high_total_anom,-0.097278594926630,0.801299693007753,(a),Western Pacific,HCCF → High-cloud pathway,HCCF anomaly,High-cloud Net CRE contribution (W m$^{-2}$),0.410931956000000,-16.070272304800000,0.000000000000000,-20.571603154900000,-13.664922615100000,True,
2016-01-01,WP,1,HCCF_comparator,HCCF_anom,NetPath_high_total_anom,-0.303836537831520,3.451225570601447,(a),Western Pacific,HCCF → High-cloud pathway,HCCF anomaly,High-cloud Net CRE contribution (W m$^{-2}$),0.410931956000000,-16.070272304800000,0.000000000000000,-20.571603154900000,-13.664922615100000,True,
2016-02-01,WP,1,HCCF_comparator,HCCF_anom,NetPath_high_total_anom,-0.116753718451298,3.482728160069732,(a),Western Pacific,HCCF → High-cloud pathway,HCCF anomaly,High-cloud Net CRE contribution (W m$^{-2}$),0.410931956000000,-16.070272304800000,0.000000000000000,-20.571603154900000,-13.664922615100000,True,
2016-03-01,WP,1,HCCF_comparator,HCCF_anom,NetPath_high_total_anom,-0.104852828426300,2.766854482593183,(a),Western Pacific,HCCF → High-cloud pathway,HCCF anomaly,High-cloud Net CRE contribution (W m$^{-2}$),0.410931956000000,-16.070272304800000,0.000000000000000,-20.571603154900000,-13.664922615100000,True,
2016-04-01,WP,1,HCCF_comparator,HCCF_anom,NetPath_high_total_anom,-0.136086504763989,0.644198647488930,(a),Western Pacific,HCCF → High-cloud pathway,HCCF anomaly,High-cloud Net CRE contribution (W m$^{-2}$),0.410931956000000,-16.070272304800000,0.000000000000000,-20.571603154900000,-13.664922615100000,True,
2016-05-01,WP,0,HCCF_comparator,HCCF_anom,NetPath_high_total_anom,-0.054707760937886,0.530685099523791,(a),Western Pacific,HCCF → High-cloud pathway,HCCF anomaly,High-cloud Net CRE contribution (W m$^{-2}$),0.410931956000000,-16.070272304800000,0.000000000000000,-20.571603154900000,-13.664922615100000,True,
2016-06-01,WP,0,HCCF_comparator,HCCF_anom,NetPath_high_total_anom,-0.005278551250895,2.370046625641722,(a),Western Pacific,HCCF → High-cloud pathway,HCCF anomaly,High-cloud Net CRE contribution (W m$^{-2}$),0.410931956000000,-16.070272304800000,0.000000000000000,-20.571603154900000,-13.664922615100000,True,
2016-07-01,WP,-1,HCCF_comparator,HCCF_anom,NetPath_high_total_anom,-0.019623421072080,1.708424335824081,(a),Western Pacific,HCCF → High-cloud pathway,HCCF anomaly,High-cloud Net CRE contribution (W m$^{-2}$),0.410931956000000,-16.070272304800000,0.000000000000000,-20.571603154900000,-13.664922615100000,True,
2016-08-01,WP,-1,HCCF_comparator,HCCF_anom,NetPath_high_total_anom,0.022013407034069,1.163789275343889,(a),Western Pacific,HCCF → High-cloud pathway,HCCF anomaly,High-cloud Net CRE contribution (W m$^{-2}$),0.410931956000000,-16.070272304800000,0.000000000000000,-20.571603154900000,-13.664922615100000,True,
2016-09-01,WP,-1,HCCF_comparator,HCCF_anom,NetPath_high_total_anom,0.055488209778586,0.644647336875422,(a),Western Pacific,HCCF → High-cloud pathway,HCCF anomaly,High-cloud Net CRE contribution (W m$^{-2}$),0.410931956000000,-16.070272304800000,0.000000000000000,-20.571603154900000,-13.664922615100000,True,
2016-10-01,WP,-1,HCCF_comparator,HCCF_anom,NetPath_high_total_anom,0.087497159511660,-1.313944235340676,(a),Western Pacific,HCCF → High-cloud pathway,HCCF anomaly,High-cloud Net CRE contribution (W m$^{-2}$),0.410931956000000,-16.070272304800000,0.000000000000000,-20.571603154900000,-13.664922615100000,True,
2016-11-01,WP,-1,HCCF_comparator,HCCF_anom,NetPath_high_total_anom,0.115939384530838,2.611989093570915,(a),Western Pacific,HCCF → High-cloud pathway,HCCF anomaly,High-cloud Net CRE contribution (W m$^{-2}$),0.410931956000000,-16.070272304800000,0.000000000000000,-20.571603154900000,-13.664922615100000,True,
2016-12-01,WP,-1,HCCF_comparator,HCCF_anom,NetPath_high_total_anom,0.042189894865686,-2.280966931154034,(a),Western Pacific,HCCF → High-cloud pathway,HCCF anomaly,High-cloud Net CRE contribution (W m$^{-2}$),0.410931956000000,-16.070272304800000,0.000000000000000,-20.571603154900000,-13.664922615100000,True,
2017-01-01,WP,0,HCCF_comparator,HCCF_anom,NetPath_high_total_anom,0.044145181313402,-1.057207114863810,(a),Western Pacific,HCCF → High-cloud pathway,HCCF anomaly,High-cloud Net CRE contribution (W m$^{-2}$),0.410931956000000,-16.070272304800000,0.000000000000000,-20.571603154900000,-13.664922615100000,True,
2017-02-01,WP,0,HCCF_comparator,HCCF_anom,NetPath_high_total_anom,0.074705262709054,-1.950509981685514,(a),Western Pacific,HCCF → High-cloud pathway,HCCF anomaly,High-cloud Net CRE contribution (W m$^{-2}$),0.410931956000000,-16.070272304800000,0.000000000000000,-20.571603154900000,-13.664922615100000,True,
2017-03-01,WP,0,HCCF_comparator,HCCF_anom,NetPath_high_total_anom,0.089949377041723,-2.078904949678098,(a),Western Pacific,HCCF → High-cloud pathway,HCCF anomaly,High-cloud Net CRE contribution (W m$^{-2}$),0.410931956000000,-16.070272304800000,0.000000000000000,-20.571603154900000,-13.664922615100000,True,
2017-04-01,WP,0,HCCF_comparator,HCCF_anom,NetPath_high_total_anom,0.070236665180550,-0.486991224433512,(a),Western Pacific,HCCF → High-cloud pathway,HCCF anomaly,High-cloud Net CRE contribution (W m$^{-2}$),0.410931956000000,-16.070272304800000,0.000000000000000,-20.571603154900000,-13.664922615100000,True,
2017-05-01,WP,0,HCCF_comparator,HCCF_anom,NetPath_high_total_anom,-0.024427820218965,0.561245843973436,(a),Western Pacific,HCCF → High-cloud pathway,HCCF anomaly,High-cloud Net CRE contribution (W m$^{-2}$),0.410931956000000,-16.070272304800000,0.000000000000000,-20.571603154900000,-13.664922615100000,True,
2017-06-01,WP,0,HCCF_comparator,HCCF_anom,NetPath_high_total_anom,0.007403813356790,-0.749551926434918,(a),Western Pacific,HCCF → High-cloud pathway,HCCF anomaly,High-cloud Net CRE contribution (W m$^{-2}$),0.410931956000000,-16.070272304800000,0.000000000000000,-20.571603154900000,-13.664922615100000,True,
2017-07-01,WP,0,HCCF_comparator,HCCF_anom,NetPath_high_total_anom,0.070035150582702,-1.064006429034156,(a),Western Pacific,HCCF → High-cloud pathway,HCCF anomaly,High-cloud Net CRE contribution (W m$^{-2}$),0.410931956000000,-16.070272304800000,0.000000000000000,-20.571603154900000,-13.664922615100000,True,
2017-08-01,WP,0,HCCF_comparator,HCCF_anom,NetPath_high_total_anom,-0.016948914302728,1.497672709531931,(a),Western Pacific,HCCF → High-cloud pathway,HCCF anomaly,High-cloud Net CRE contribution (W m$^{-2}$),0.410931956000000,-16.070272304800000,0.000000000000000,-20.571603154900000,-13.664922615100000,True,
2017-09-01,WP,0,HCCF_comparator,HCCF_anom,NetPath_high_total_anom,0.042220152359195,-1.196222880041832,(a),Western Pacific,HCCF → High-cloud pathway,HCCF anomaly,High-cloud Net CRE contribution (W m$^{-2}$),0.410931956000000,-16.070272304800000,0.000000000000000,-20.571603154900000,-13.664922615100000,True,
2017-10-01,WP,-1,HCCF_comparator,HCCF_anom,NetPath_high_total_anom,0.066308481411788,-2.098927109652693,(a),Western Pacific,HCCF → High-cloud pathway,HCCF anomaly,High-cloud Net CRE contribution (W m$^{-2}$),0.410931956000000,-16.070272304800000,0.000000000000000,-20.571603154900000,-13.664922615100000,True,
2017-11-01,WP,-1,HCCF_comparator,HCCF_anom,NetPath_high_total_anom,0.041919509258162,-0.439569604021394,(a),Western Pacific,HCCF → High-cloud pathway,HCCF anomaly,High-cloud Net CRE contribution (W m$^{-2}$),0.410931956000000,-16.070272304800000,0.000000000000000,-20.571603154900000,-13.664922615100000,True,
2017-12-01,WP,-1,HCCF_comparator,HCCF_anom,NetPath_high_total_anom,0.030909749825731,-1.486099971492048,(a),Western Pacific,HCCF → High-cloud pathway,HCCF anomaly,High-cloud Net CRE contribution (W m$^{-2}$),0.410931956000000,-16.070272304800000,0.000000000000000,-20.571603154900000,-13.664922615100000,True,
2018-01-01,WP,-1,HCCF_comparator,HCCF_anom,NetPath_high_total_anom,0.033420548026988,-1.431447471467036,(a),Western Pacific,HCCF → High-cloud pathway,HCCF anomaly,High-cloud Net CRE contribution (W m$^{-2}$),0.410931956000000,-16.070272304800000,0.000000000000000,-20.571603154900000,-13.664922615100000,True,
2018-02-01,WP,-1,HCCF_comparator,HCCF_anom,NetPath_high_total_anom,-0.019145215462633,0.433667100512677,(a),Western Pacific,HCCF → High-cloud pathway,HCCF anomaly,High-cloud Net CRE contribution (W m$^{-2}$),0.410931956000000,-16.070272304800000,0.000000000000000,-20.571603154900000,-13.664922615100000,True,
2018-03-01,WP,-1,HCCF_comparator,HCCF_anom,NetPath_high_total_anom,0.042910875341669,0.708474376379103,(a),Western Pacific,HCCF → High-cloud pathway,HCCF anomaly,High-cloud Net CRE contribution (W m$^{-2}$),0.410931956000000,-16.070272304800000,0.000000000000000,-20.571603154900000,-13.664922615100000,True,
2018-04-01,WP,-1,HCCF_comparator,HCCF_anom,NetPath_high_total_anom,-0.006955408438041,1.447015967504905,(a),Western Pacific,HCCF → High-cloud pathway,HCCF anomaly,High-cloud Net CRE contribution (W m$^{-2}$),0.410931956000000,-16.070272304800000,0.000000000000000,-20.571603154900000,-13.664922615100000,True,
2018-05-01,WP,0,HCCF_comparator,HCCF_anom,NetPath_high_total_anom,-0.032905596944177,-0.061876804761278,(a),Western Pacific,HCCF → High-cloud pathway,HCCF anomaly,High-cloud Net CRE contribution (W m$^{-2}$),0.410931956000000,-16.070272304800000,0.000000000000000,-20.571603154900000,-13.664922615100000,True,
2018-06-01,WP,0,HCCF_comparator,HCCF_anom,NetPath_high_total_anom,-0.038401949149829,-0.474085793773876,(a),Western Pacific,HCCF → High-cloud pathway,HCCF anomaly,High-cloud Net CRE contribution (W m$^{-2}$),0.410931956000000,-16.070272304800000,0.000000000000000,-20.571603154900000,-13.664922615100000,True,
2018-07-01,WP,0,HCCF_comparator,HCCF_anom,NetPath_high_total_anom,0.027321330264184,-1.547282972216618,(a),Western Pacific,HCCF → High-cloud pathway,HCCF anomaly,High-cloud Net CRE contribution (W m$^{-2}$),0.410931956000000,-16.070272304800000,0.000000000000000,-20.571603154900000,-13.664922615100000,True,
2018-08-01,WP,0,HCCF_comparator,HCCF_anom,NetPath_high_total_anom,0.045278132831036,-1.383377514342825,(a),Western Pacific,HCCF → High-cloud pathway,HCCF anomaly,High-cloud Net CRE contribution (W m$^{-2}$),0.410931956000000,-16.070272304800000,0.000000000000000,-20.571603154900000,-13.664922615100000,True,
2018-09-01,WP,1,HCCF_comparator,HCCF_anom,NetPath_high_total_anom,0.006202010999522,-0.010290135277062,(a),Western Pacific,HCCF → High-cloud pathway,HCCF anomaly,High-cloud Net CRE contribution (W m$^{-2}$),0.410931956000000,-16.070272304800000,0.000000000000000,-20.571603154900000,-13.664922615100000,True,
2018-10-01,WP,1,HCCF_comparator,HCCF_anom,NetPath_high_total_anom,-0.047795445535909,1.382031139377721,(a),Western Pacific,HCCF → High-cloud pathway,HCCF anomaly,High-cloud Net CRE contribution (W m$^{-2}$),0.410931956000000,-16.070272304800000,0.000000000000000,-20.571603154900000,-13.664922615100000,True,
2018-11-01,WP,1,HCCF_comparator,HCCF_anom,NetPath_high_total_anom,-0.003088886601497,-0.429191400894625,(a),Western Pacific,HCCF → High-cloud pathway,HCCF anomaly,High-cloud Net CRE contribution (W m$^{-2}$),0.410931956000000,-16.070272304800000,0.000000000000000,-20.571603154900000,-13.664922615100000,True,
2018-12-01,WP,1,HCCF_comparator,HCCF_anom,NetPath_high_total_anom,0.021955157141185,0.070631693549474,(a),Western Pacific,HCCF → High-cloud pathway,HCCF anomaly,High-cloud Net CRE contribution (W m$^{-2}$),0.410931956000000,-16.070272304800000,0.000000000000000,-20.571603154900000,-13.664922615100000,True,
2019-01-01,WP,1,HCCF_comparator,HCCF_anom,NetPath_high_total_anom,0.025160597644303,-0.503940169375285,(a),Western Pacific,HCCF → High-cloud pathway,HCCF anomaly,High-cloud Net CRE contribution (W m$^{-2}$),0.410931956000000,-16.070272304800000,0.000000000000000,-20.571603154900000,-13.664922615100000,True,
2019-02-01,WP,1,HCCF_comparator,HCCF_anom,NetPath_high_total_anom,-0.112232808137482,5.990430587013156,(a),Western Pacific,HCCF → High-cloud pathway,HCCF anomaly,High-cloud Net CRE contribution (W m$^{-2}$),0.410931956000000,-16.070272304800000,0.000000000000000,-20.571603154900000,-13.664922615100000,True,
2019-03-01,WP,1,HCCF_comparator,HCCF_anom,NetPath_high_total_anom,0.007485719661917,-0.658278705403462,(a),Western Pacific,HCCF → High-cloud pathway,HCCF anomaly,High-cloud Net CRE contribution (W m$^{-2}$),0.410931956000000,-16.070272304800000,0.000000000000000,-20.571603154900000,-13.664922615100000,True,
2019-04-01,WP,1,HCCF_comparator,HCCF_anom,NetPath_high_total_anom,-0.004429759950763,-0.118406165367604,(a),Western Pacific,HCCF → High-cloud pathway,HCCF anomaly,High-cloud Net CRE contribution (W m$^{-2}$),0.410931956000000,-16.070272304800000,0.000000000000000,-20.571603154900000,-13.664922615100000,True,
2019-05-01,WP,1,HCCF_comparator,HCCF_anom,NetPath_high_total_anom,-0.064721069850877,1.518700670772454,(a),Western Pacific,HCCF → High-cloud pathway,HCCF anomaly,High-cloud Net CRE contribution (W m$^{-2}$),0.410931956000000,-16.070272304800000,0.000000000000000,-20.571603154900000,-13.664922615100000,True,
2019-06-01,WP,1,HCCF_comparator,HCCF_anom,NetPath_high_total_anom,0.009136569475541,-1.367737480848521,(a),Western Pacific,HCCF → High-cloud pathway,HCCF anomaly,High-cloud Net CRE contribution (W m$^{-2}$),0.410931956000000,-16.070272304800000,0.000000000000000,-20.571603154900000,-13.664922615100000,True,
2019-07-01,WP,0,HCCF_comparator,HCCF_anom,NetPath_high_total_anom,-0.053051560497449,-0.473449290915584,(a),Western Pacific,HCCF → High-cloud pathway,HCCF anomaly,High-cloud Net CRE contribution (W m$^{-2}$),0.410931956000000,-16.070272304800000,0.000000000000000,-20.571603154900000,-13.664922615100000,True,
2019-08-01,WP,0,HCCF_comparator,HCCF_anom,NetPath_high_total_anom,0.007448250820846,-3.180838916201094,(a),Western Pacific,HCCF → High-cloud pathway,HCCF anomaly,High-cloud Net CRE contribution (W m$^{-2}$),0.410931956000000,-16.070272304800000,0.000000000000000,-20.571603154900000,-13.664922615100000,True,
2019-09-01,WP,0,HCCF_comparator,HCCF_anom,NetPath_high_total_anom,-0.107684234434021,1.013518273269619,(a),Western Pacific,HCCF → High-cloud pathway,HCCF anomaly,High-cloud Net CRE contribution (W m$^{-2}$),0.410931956000000,-16.070272304800000,0.000000000000000,-20.571603154900000,-13.664922615100000,True,
2019-10-01,WP,1,HCCF_comparator,HCCF_anom,NetPath_high_total_anom,-0.047508201642171,0.175585054277855,(a),Western Pacific,HCCF → High-cloud pathway,HCCF anomaly,High-cloud Net CRE contribution (W m$^{-2}$),0.410931956000000,-16.070272304800000,0.000000000000000,-20.571603154900000,-13.664922615100000,True,
2019-11-01,WP,1,HCCF_comparator,HCCF_anom,NetPath_high_total_anom,0.007320583275904,-0.251428786070804,(a),Western Pacific,HCCF → High-cloud pathway,HCCF anomaly,High-cloud Net CRE contribution (W m$^{-2}$),0.410931956000000,-16.070272304800000,0.000000000000000,-20.571603154900000,-13.664922615100000,True,
2019-12-01,WP,1,HCCF_comparator,HCCF_anom,NetPath_high_total_anom,-0.103026973634114,3.254022221031846,(a),Western Pacific,HCCF → High-cloud pathway,HCCF anomaly,High-cloud Net CRE contribution (W m$^{-2}$),0.410931956000000,-16.070272304800000,0.000000000000000,-20.571603154900000,-13.664922615100000,True,
2020-01-01,WP,1,HCCF_comparator,HCCF_anom,NetPath_high_total_anom,-0.130460627061814,2.262963575186348,(a),Western Pacific,HCCF → High-cloud pathway,HCCF anomaly,High-cloud Net CRE contribution (W m$^{-2}$),0.410931956000000,-16.070272304800000,0.000000000000000,-20.571603154900000,-13.664922615100000,True,
2020-02-01,WP,0,HCCF_comparator,HCCF_anom,NetPath_high_total_anom,-0.069568311225251,2.594245353805449,(a),Western Pacific,HCCF → High-cloud pathway,HCCF anomaly,High-cloud Net CRE contribution (W m$^{-2}$),0.410931956000000,-16.070272304800000,0.000000000000000,-20.571603154900000,-13.664922615100000,True,
2020-03-01,WP,1,HCCF_comparator,HCCF_anom,NetPath_high_total_anom,-0.036177778144979,0.986001159156299,(a),Western Pacific,HCCF → High-cloud pathway,HCCF anomaly,High-cloud Net CRE contribution (W m$^{-2}$),0.410931956000000,-16.070272304800000,0.000000000000000,-20.571603154900000,-13.664922615100000,True,
2020-04-01,WP,0,HCCF_comparator,HCCF_anom,NetPath_high_total_anom,-0.056929991292628,0.528650958685534,(a),Western Pacific,HCCF → High-cloud pathway,HCCF anomaly,High-cloud Net CRE contribution (W m$^{-2}$),0.410931956000000,-16.070272304800000,0.000000000000000,-20.571603154900000,-13.664922615100000,True,
2020-05-01,WP,0,HCCF_comparator,HCCF_anom,NetPath_high_total_anom,-0.033494821427482,-0.281529814319373,(a),Western Pacific,HCCF → High-cloud pathway,HCCF anomaly,High-cloud Net CRE contribution (W m$^{-2}$),0.410931956000000,-16.070272304800000,0.000000000000000,-20.571603154900000,-13.664922615100000,True,
2020-06-01,WP,0,HCCF_comparator,HCCF_anom,NetPath_high_total_anom,-0.024298731245137,0.762774598450810,(a),Western Pacific,HCCF → High-cloud pathway,HCCF anomaly,High-cloud Net CRE contribution (W m$^{-2}$),0.410931956000000,-16.070272304800000,0.000000000000000,-20.571603154900000,-13.664922615100000,True,
2020-07-01,WP,0,HCCF_comparator,HCCF_anom,NetPath_high_total_anom,-0.049787799178631,1.652368061592473,(a),Western Pacific,HCCF → High-cloud pathway,HCCF anomaly,High-cloud Net CRE contribution (W m$^{-2}$),0.410931956000000,-16.070272304800000,0.000000000000000,-20.571603154900000,-13.664922615100000,True,
2020-08-01,WP,-1,HCCF_comparator,HCCF_anom,NetPath_high_total_anom,-0.040657115891189,0.689109791032169,(a),Western Pacific,HCCF → High-cloud pathway,HCCF anomaly,High-cloud Net CRE contribution (W m$^{-2}$),0.410931956000000,-16.070272304800000,0.000000000000000,-20.571603154900000,-13.664922615100000,True,
2020-09-01,WP,-1,HCCF_comparator,HCCF_anom,NetPath_high_total_anom,-0.032870779316128,2.030738053592221,(a),Western Pacific,HCCF → High-cloud pathway,HCCF anomaly,High-cloud Net CRE contribution (W m$^{-2}$),0.410931956000000,-16.070272304800000,0.000000000000000,-20.571603154900000,-13.664922615100000,True,
2020-10-01,WP,-1,HCCF_comparator,HCCF_anom,NetPath_high_total_anom,0.076066312024950,-1.283611242455848,(a),Western Pacific,HCCF → High-cloud pathway,HCCF anomaly,High-cloud Net CRE contribution (W m$^{-2}$),0.410931956000000,-16.070272304800000,0.000000000000000,-20.571603154900000,-13.664922615100000,True,
2020-11-01,WP,-1,HCCF_comparator,HCCF_anom,NetPath_high_total_anom,0.003148151869525,-1.767930419383793,(a),Western Pacific,HCCF → High-cloud pathway,HCCF anomaly,High-cloud Net CRE contribution (W m$^{-2}$),0.410931956000000,-16.070272304800000,0.000000000000000,-20.571603154900000,-13.664922615100000,True,
2020-12-01,WP,-1,HCCF_comparator,HCCF_anom,NetPath_high_total_anom,0.030318057061897,-2.065815317908609,(a),Western Pacific,HCCF → High-cloud pathway,HCCF anomaly,High-cloud Net CRE contribution (W m$^{-2}$),0.410931956000000,-16.070272304800000,0.000000000000000,-20.571603154900000,-13.664922615100000,True,
2021-01-01,WP,-1,HCCF_comparator,HCCF_anom,NetPath_high_total_anom,0.057476904698395,-1.002695016742223,(a),Western Pacific,HCCF → High-cloud pathway,HCCF anomaly,High-cloud Net CRE contribution (W m$^{-2}$),0.410931956000000,-16.070272304800000,0.000000000000000,-20.571603154900000,-13.664922615100000,True,
2021-02-01,WP,-1,HCCF_comparator,HCCF_anom,NetPath_high_total_anom,0.092171095833549,-2.343185528638269,(a),Western Pacific,HCCF → High-cloud pathway,HCCF anomaly,High-cloud Net CRE contribution (W m$^{-2}$),0.410931956000000,-16.070272304800000,0.000000000000000,-20.571603154900000,-13.664922615100000,True,
2021-03-01,WP,-1,HCCF_comparator,HCCF_anom,NetPath_high_total_anom,0.001861475206552,-0.593226225205181,(a),Western Pacific,HCCF → High-cloud pathway,HCCF anomaly,High-cloud Net CRE contribution (W m$^{-2}$),0.410931956000000,-16.070272304800000,0.000000000000000,-20.571603154900000,-13.664922615100000,True,
2021-04-01,WP,-1,HCCF_comparator,HCCF_anom,NetPath_high_total_anom,0.028270683601812,-1.974132237212248,(a),Western Pacific,HCCF → High-cloud pathway,HCCF anomaly,High-cloud Net CRE contribution (W m$^{-2}$),0.410931956000000,-16.070272304800000,0.000000000000000,-20.571603154900000,-13.664922615100000,True,
2021-05-01,WP,-1,HCCF_comparator,HCCF_anom,NetPath_high_total_anom,0.033208750225208,-1.402878560986159,(a),Western Pacific,HCCF → High-cloud pathway,HCCF anomaly,High-cloud Net CRE contribution (W m$^{-2}$),0.410931956000000,-16.070272304800000,0.000000000000000,-20.571603154900000,-13.664922615100000,True,
2021-06-01,WP,0,HCCF_comparator,HCCF_anom,NetPath_high_total_anom,-0.019170449384019,1.589691031810652,(a),Western Pacific,HCCF → High-cloud pathway,HCCF anomaly,High-cloud Net CRE contribution (W m$^{-2}$),0.410931956000000,-16.070272304800000,0.000000000000000,-20.571603154900000,-13.664922615100000,True,
2021-07-01,WP,0,HCCF_comparator,HCCF_anom,NetPath_high_total_anom,0.040365346446874,0.353810385275914,(a),Western Pacific,HCCF → High-cloud pathway,HCCF anomaly,High-cloud Net CRE contribution (W m$^{-2}$),0.410931956000000,-16.070272304800000,0.000000000000000,-20.571603154900000,-13.664922615100000,True,
2021-08-01,WP,-1,HCCF_comparator,HCCF_anom,NetPath_high_total_anom,0.002916092131973,1.052964061090710,(a),Western Pacific,HCCF → High-cloud pathway,HCCF anomaly,High-cloud Net CRE contribution (W m$^{-2}$),0.410931956000000,-16.070272304800000,0.000000000000000,-20.571603154900000,-13.664922615100000,True,
2021-09-01,WP,-1,HCCF_comparator,HCCF_anom,NetPath_high_total_anom,0.050772742750349,-0.096778801024541,(a),Western Pacific,HCCF → High-cloud pathway,HCCF anomaly,High-cloud Net CRE contribution (W m$^{-2}$),0.410931956000000,-16.070272304800000,0.000000000000000,-20.571603154900000,-13.664922615100000,True,
2021-10-01,WP,-1,HCCF_comparator,HCCF_anom,NetPath_high_total_anom,0.017540800765299,0.379994135199798,(a),Western Pacific,HCCF → High-cloud pathway,HCCF anomaly,High-cloud Net CRE contribution (W m$^{-2}$),0.410931956000000,-16.070272304800000,0.000000000000000,-20.571603154900000,-13.664922615100000,True,
2021-11-01,WP,-1,HCCF_comparator,HCCF_anom,NetPath_high_total_anom,0.016022450659667,0.567999422842129,(a),Western Pacific,HCCF → High-cloud pathway,HCCF anomaly,High-cloud Net CRE contribution (W m$^{-2}$),0.410931956000000,-16.070272304800000,0.000000000000000,-20.571603154900000,-13.664922615100000,True,
2021-12-01,WP,-1,HCCF_comparator,HCCF_anom,NetPath_high_total_anom,0.129052674280010,-0.149118844503545,(a),Western Pacific,HCCF → High-cloud pathway,HCCF anomaly,High-cloud Net CRE contribution (W m$^{-2}$),0.410931956000000,-16.070272304800000,0.000000000000000,-20.571603154900000,-13.664922615100000,True,
2022-01-01,WP,-1,HCCF_comparator,HCCF_anom,NetPath_high_total_anom,0.028476610630709,1.241978004918987,(a),Western Pacific,HCCF → High-cloud pathway,HCCF anomaly,High-cloud Net CRE contribution (W m$^{-2}$),0.410931956000000,-16.070272304800000,0.000000000000000,-20.571603154900000,-13.664922615100000,True,
2022-02-01,WP,-1,HCCF_comparator,HCCF_anom,NetPath_high_total_anom,0.088134839252145,-0.580568939495202,(a),Western Pacific,HCCF → High-cloud pathway,HCCF anomaly,High-cloud Net CRE contribution (W m$^{-2}$),0.410931956000000,-16.070272304800000,0.000000000000000,-20.571603154900000,-13.664922615100000,True,
2022-03-01,WP,-1,HCCF_comparator,HCCF_anom,NetPath_high_total_anom,0.011785125982802,-0.117940234865928,(a),Western Pacific,HCCF → High-cloud pathway,HCCF anomaly,High-cloud Net CRE contribution (W m$^{-2}$),0.410931956000000,-16.070272304800000,0.000000000000000,-20.571603154900000,-13.664922615100000,True,
2022-04-01,WP,-1,HCCF_comparator,HCCF_anom,NetPath_high_total_anom,0.058915719683368,-2.532413988511834,(a),Western Pacific,HCCF → High-cloud pathway,HCCF anomaly,High-cloud Net CRE contribution (W m$^{-2}$),0.410931956000000,-16.070272304800000,0.000000000000000,-20.571603154900000,-13.664922615100000,True,
2022-05-01,WP,-1,HCCF_comparator,HCCF_anom,NetPath_high_total_anom,-0.041855055350402,0.353859007032530,(a),Western Pacific,HCCF → High-cloud pathway,HCCF anomaly,High-cloud Net CRE contribution (W m$^{-2}$),0.410931956000000,-16.070272304800000,0.000000000000000,-20.571603154900000,-13.664922615100000,True,
2022-06-01,WP,-1,HCCF_comparator,HCCF_anom,NetPath_high_total_anom,-0.007610444365340,2.400135109373099,(a),Western Pacific,HCCF → High-cloud pathway,HCCF anomaly,High-cloud Net CRE contribution (W m$^{-2}$),0.410931956000000,-16.070272304800000,0.000000000000000,-20.571603154900000,-13.664922615100000,True,
2022-07-01,WP,-1,HCCF_comparator,HCCF_anom,NetPath_high_total_anom,0.037841973610353,0.631265640051655,(a),Western Pacific,HCCF → High-cloud pathway,HCCF anomaly,High-cloud Net CRE contribution (W m$^{-2}$),0.410931956000000,-16.070272304800000,0.000000000000000,-20.571603154900000,-13.664922615100000,True,
2022-08-01,WP,-1,HCCF_comparator,HCCF_anom,NetPath_high_total_anom,0.000281649236890,1.957188707260369,(a),Western Pacific,HCCF → High-cloud pathway,HCCF anomaly,High-cloud Net CRE contribution (W m$^{-2}$),0.410931956000000,-16.070272304800000,0.000000000000000,-20.571603154900000,-13.664922615100000,True,
2022-09-01,WP,-1,HCCF_comparator,HCCF_anom,NetPath_high_total_anom,0.003550869845600,3.878678606718501,(a),Western Pacific,HCCF → High-cloud pathway,HCCF anomaly,High-cloud Net CRE contribution (W m$^{-2}$),0.410931956000000,-16.070272304800000,0.000000000000000,-20.571603154900000,-13.664922615100000,True,
2022-10-01,WP,-1,HCCF_comparator,HCCF_anom,NetPath_high_total_anom,0.072282851680382,1.641496821141692,(a),Western Pacific,HCCF → High-cloud pathway,HCCF anomaly,High-cloud Net CRE contribution (W m$^{-2}$),0.410931956000000,-16.070272304800000,0.000000000000000,-20.571603154900000,-13.664922615100000,True,
2022-11-01,WP,-1,HCCF_comparator,HCCF_anom,NetPath_high_total_anom,0.022682899807591,0.263799601034525,(a),Western Pacific,HCCF → High-cloud pathway,HCCF anomaly,High-cloud Net CRE contribution (W m$^{-2}$),0.410931956000000,-16.070272304800000,0.000000000000000,-20.571603154900000,-13.664922615100000,True,
2022-12-01,WP,-1,HCCF_comparator,HCCF_anom,NetPath_high_total_anom,0.103634182676704,-1.136286782001816,(a),Western Pacific,HCCF → High-cloud pathway,HCCF anomaly,High-cloud Net CRE contribution (W m$^{-2}$),0.410931956000000,-16.070272304800000,0.000000000000000,-20.571603154900000,-13.664922615100000,True,
2023-01-01,WP,-1,HCCF_comparator,HCCF_anom,NetPath_high_total_anom,0.079066947448073,-0.324710640982536,(a),Western Pacific,HCCF → High-cloud pathway,HCCF anomaly,High-cloud Net CRE contribution (W m$^{-2}$),0.410931956000000,-16.070272304800000,0.000000000000000,-20.571603154900000,-13.664922615100000,True,
2023-02-01,WP,-1,HCCF_comparator,HCCF_anom,NetPath_high_total_anom,0.104689433008994,-1.931411260985879,(a),Western Pacific,HCCF → High-cloud pathway,HCCF anomaly,High-cloud Net CRE contribution (W m$^{-2}$),0.410931956000000,-16.070272304800000,0.000000000000000,-20.571603154900000,-13.664922615100000,True,
2002-07-01,CP,1,HCCF_comparator,HCCF_anom,NetPath_high_total_anom,0.002445510355795,-2.359301481231793,(b),Central Pacific,HCCF → High-cloud pathway,HCCF anomaly,High-cloud Net CRE contribution (W m$^{-2}$),0.191935732000000,-6.831450297600000,0.000000000000000,-9.169600850300000,-4.785962245300000,True,
2002-08-01,CP,1,HCCF_comparator,HCCF_anom,NetPath_high_total_anom,0.136614046584209,-2.706623762682827,(b),Central Pacific,HCCF → High-cloud pathway,HCCF anomaly,High-cloud Net CRE contribution (W m$^{-2}$),0.191935732000000,-6.831450297600000,0.000000000000000,-9.169600850300000,-4.785962245300000,True,
2002-09-01,CP,1,HCCF_comparator,HCCF_anom,NetPath_high_total_anom,0.125203423061687,-0.958316436166342,(b),Central Pacific,HCCF → High-cloud pathway,HCCF anomaly,High-cloud Net CRE contribution (W m$^{-2}$),0.191935732000000,-6.831450297600000,0.000000000000000,-9.169600850300000,-4.785962245300000,True,
2002-10-01,CP,1,HCCF_comparator,HCCF_anom,NetPath_high_total_anom,0.104496828460249,-1.835141809597053,(b),Central Pacific,HCCF → High-cloud pathway,HCCF anomaly,High-cloud Net CRE contribution (W m$^{-2}$),0.191935732000000,-6.831450297600000,0.000000000000000,-9.169600850300000,-4.785962245300000,True,
2002-11-01,CP,1,HCCF_comparator,HCCF_anom,NetPath_high_total_anom,0.108936547429137,-0.100063347409714,(b),Central Pacific,HCCF → High-cloud pathway,HCCF anomaly,High-cloud Net CRE contribution (W m$^{-2}$),0.191935732000000,-6.831450297600000,0.000000000000000,-9.169600850300000,-4.785962245300000,True,
2002-12-01,CP,1,HCCF_comparator,HCCF_anom,NetPath_high_total_anom,0.122209478868658,-1.855442450005157,(b),Central Pacific,HCCF → High-cloud pathway,HCCF anomaly,High-cloud Net CRE contribution (W m$^{-2}$),0.191935732000000,-6.831450297600000,0.000000000000000,-9.169600850300000,-4.785962245300000,True,
2003-01-01,CP,1,HCCF_comparator,HCCF_anom,NetPath_high_total_anom,0.167788363814071,0.167860678149041,(b),Central Pacific,HCCF → High-cloud pathway,HCCF anomaly,High-cloud Net CRE contribution (W m$^{-2}$),0.191935732000000,-6.831450297600000,0.000000000000000,-9.169600850300000,-4.785962245300000,True,
2003-02-01,CP,1,HCCF_comparator,HCCF_anom,NetPath_high_total_anom,0.065712529674355,2.130943902441078,(b),Central Pacific,HCCF → High-cloud pathway,HCCF anomaly,High-cloud Net CRE contribution (W m$^{-2}$),0.191935732000000,-6.831450297600000,0.000000000000000,-9.169600850300000,-4.785962245300000,True,
2003-03-01,CP,0,HCCF_comparator,HCCF_anom,NetPath_high_total_anom,0.033601180368251,1.669355935492193,(b),Central Pacific,HCCF → High-cloud pathway,HCCF anomaly,High-cloud Net CRE contribution (W m$^{-2}$),0.191935732000000,-6.831450297600000,0.000000000000000,-9.169600850300000,-4.785962245300000,True,
2003-04-01,CP,0,HCCF_comparator,HCCF_anom,NetPath_high_total_anom,0.039393869101925,-1.009603979831430,(b),Central Pacific,HCCF → High-cloud pathway,HCCF anomaly,High-cloud Net CRE contribution (W m$^{-2}$),0.191935732000000,-6.831450297600000,0.000000000000000,-9.169600850300000,-4.785962245300000,True,
2003-05-01,CP,-1,HCCF_comparator,HCCF_anom,NetPath_high_total_anom,0.034869981602095,-0.941000242038580,(b),Central Pacific,HCCF → High-cloud pathway,HCCF anomaly,High-cloud Net CRE contribution (W m$^{-2}$),0.191935732000000,-6.831450297600000,0.000000000000000,-9.169600850300000,-4.785962245300000,True,
2003-06-01,CP,0,HCCF_comparator,HCCF_anom,NetPath_high_total_anom,-0.000453258276830,0.207653122904808,(b),Central Pacific,HCCF → High-cloud pathway,HCCF anomaly,High-cloud Net CRE contribution (W m$^{-2}$),0.191935732000000,-6.831450297600000,0.000000000000000,-9.169600850300000,-4.785962245300000,True,
2003-07-01,CP,0,HCCF_comparator,HCCF_anom,NetPath_high_total_anom,0.031423530792753,0.060151531541791,(b),Central Pacific,HCCF → High-cloud pathway,HCCF anomaly,High-cloud Net CRE contribution (W m$^{-2}$),0.191935732000000,-6.831450297600000,0.000000000000000,-9.169600850300000,-4.785962245300000,True,
2003-08-01,CP,0,HCCF_comparator,HCCF_anom,NetPath_high_total_anom,0.002605351397231,1.100277960463510,(b),Central Pacific,HCCF → High-cloud pathway,HCCF anomaly,High-cloud Net CRE contribution (W m$^{-2}$),0.191935732000000,-6.831450297600000,0.000000000000000,-9.169600850300000,-4.785962245300000,True,
2003-09-01,CP,0,HCCF_comparator,HCCF_anom,NetPath_high_total_anom,0.003019481726076,0.405838699510923,(b),Central Pacific,HCCF → High-cloud pathway,HCCF anomaly,High-cloud Net CRE contribution (W m$^{-2}$),0.191935732000000,-6.831450297600000,0.000000000000000,-9.169600850300000,-4.785962245300000,True,
2003-10-01,CP,0,HCCF_comparator,HCCF_anom,NetPath_high_total_anom,0.010592883701836,0.752027925963636,(b),Central Pacific,HCCF → High-cloud pathway,HCCF anomaly,High-cloud Net CRE contribution (W m$^{-2}$),0.191935732000000,-6.831450297600000,0.000000000000000,-9.169600850300000,-4.785962245300000,True,
2003-11-01,CP,0,HCCF_comparator,HCCF_anom,NetPath_high_total_anom,-0.004305332143087,-0.188632955720686,(b),Central Pacific,HCCF → High-cloud pathway,HCCF anomaly,High-cloud Net CRE contribution (W m$^{-2}$),0.191935732000000,-6.831450297600000,0.000000000000000,-9.169600850300000,-4.785962245300000,True,
2003-12-01,CP,0,HCCF_comparator,HCCF_anom,NetPath_high_total_anom,0.067446928528187,0.792079300012574,(b),Central Pacific,HCCF → High-cloud pathway,HCCF anomaly,High-cloud Net CRE contribution (W m$^{-2}$),0.191935732000000,-6.831450297600000,0.000000000000000,-9.169600850300000,-4.785962245300000,True,
2004-01-01,CP,0,HCCF_comparator,HCCF_anom,NetPath_high_total_anom,0.087447740129284,2.665455999573364,(b),Central Pacific,HCCF → High-cloud pathway,HCCF anomaly,High-cloud Net CRE contribution (W m$^{-2}$),0.191935732000000,-6.831450297600000,0.000000000000000,-9.169600850300000,-4.785962245300000,True,
2004-02-01,CP,0,HCCF_comparator,HCCF_anom,NetPath_high_total_anom,-0.003136637343139,0.924323216650562,(b),Central Pacific,HCCF → High-cloud pathway,HCCF anomaly,High-cloud Net CRE contribution (W m$^{-2}$),0.191935732000000,-6.831450297600000,0.000000000000000,-9.169600850300000,-4.785962245300000,True,
2004-03-01,CP,0,HCCF_comparator,HCCF_anom,NetPath_high_total_anom,0.064875652566070,-1.400780230790344,(b),Central Pacific,HCCF → High-cloud pathway,HCCF anomaly,High-cloud Net CRE contribution (W m$^{-2}$),0.191935732000000,-6.831450297600000,0.000000000000000,-9.169600850300000,-4.785962245300000,True,
2004-04-01,CP,0,HCCF_comparator,HCCF_anom,NetPath_high_total_anom,0.055056005357661,-1.507883114280149,(b),Central Pacific,HCCF → High-cloud pathway,HCCF anomaly,High-cloud Net CRE contribution (W m$^{-2}$),0.191935732000000,-6.831450297600000,0.000000000000000,-9.169600850300000,-4.785962245300000,True,
2004-05-01,CP,0,HCCF_comparator,HCCF_anom,NetPath_high_total_anom,-0.014797543172876,-0.041740999407589,(b),Central Pacific,HCCF → High-cloud pathway,HCCF anomaly,High-cloud Net CRE contribution (W m$^{-2}$),0.191935732000000,-6.831450297600000,0.000000000000000,-9.169600850300000,-4.785962245300000,True,
2004-06-01,CP,0,HCCF_comparator,HCCF_anom,NetPath_high_total_anom,0.089487284209518,-0.988672073885132,(b),Central Pacific,HCCF → High-cloud pathway,HCCF anomaly,High-cloud Net CRE contribution (W m$^{-2}$),0.191935732000000,-6.831450297600000,0.000000000000000,-9.169600850300000,-4.785962245300000,True,
2004-07-01,CP,1,HCCF_comparator,HCCF_anom,NetPath_high_total_anom,0.060430853974708,1.816295694468063,(b),Central Pacific,HCCF → High-cloud pathway,HCCF anomaly,High-cloud Net CRE contribution (W m$^{-2}$),0.191935732000000,-6.831450297600000,0.000000000000000,-9.169600850300000,-4.785962245300000,True,
2004-08-01,CP,1,HCCF_comparator,HCCF_anom,NetPath_high_total_anom,0.033676507831619,-0.769399340808154,(b),Central Pacific,HCCF → High-cloud pathway,HCCF anomaly,High-cloud Net CRE contribution (W m$^{-2}$),0.191935732000000,-6.831450297600000,0.000000000000000,-9.169600850300000,-4.785962245300000,True,
2004-09-01,CP,1,HCCF_comparator,HCCF_anom,NetPath_high_total_anom,0.024344265259240,0.942050859840704,(b),Central Pacific,HCCF → High-cloud pathway,HCCF anomaly,High-cloud Net CRE contribution (W m$^{-2}$),0.191935732000000,-6.831450297600000,0.000000000000000,-9.169600850300000,-4.785962245300000,True,
2004-10-01,CP,1,HCCF_comparator,HCCF_anom,NetPath_high_total_anom,0.047959290465245,0.015162970260570,(b),Central Pacific,HCCF → High-cloud pathway,HCCF anomaly,High-cloud Net CRE contribution (W m$^{-2}$),0.191935732000000,-6.831450297600000,0.000000000000000,-9.169600850300000,-4.785962245300000,True,
2004-11-01,CP,1,HCCF_comparator,HCCF_anom,NetPath_high_total_anom,0.062894199960954,0.854386623518457,(b),Central Pacific,HCCF → High-cloud pathway,HCCF anomaly,High-cloud Net CRE contribution (W m$^{-2}$),0.191935732000000,-6.831450297600000,0.000000000000000,-9.169600850300000,-4.785962245300000,True,
2004-12-01,CP,1,HCCF_comparator,HCCF_anom,NetPath_high_total_anom,0.032064892231913,0.127773543352856,(b),Central Pacific,HCCF → High-cloud pathway,HCCF anomaly,High-cloud Net CRE contribution (W m$^{-2}$),0.191935732000000,-6.831450297600000,0.000000000000000,-9.169600850300000,-4.785962245300000,True,
2005-01-01,CP,1,HCCF_comparator,HCCF_anom,NetPath_high_total_anom,0.036248352614215,0.296295270032059,(b),Central Pacific,HCCF → High-cloud pathway,HCCF anomaly,High-cloud Net CRE contribution (W m$^{-2}$),0.191935732000000,-6.831450297600000,0.000000000000000,-9.169600850300000,-4.785962245300000,True,
2005-02-01,CP,0,HCCF_comparator,HCCF_anom,NetPath_high_total_anom,0.186364678455441,-3.058546844097990,(b),Central Pacific,HCCF → High-cloud pathway,HCCF anomaly,High-cloud Net CRE contribution (W m$^{-2}$),0.191935732000000,-6.831450297600000,0.000000000000000,-9.169600850300000,-4.785962245300000,True,
2005-03-01,CP,1,HCCF_comparator,HCCF_anom,NetPath_high_total_anom,-0.012081014714399,2.084099229455607,(b),Central Pacific,HCCF → High-cloud pathway,HCCF anomaly,High-cloud Net CRE contribution (W m$^{-2}$),0.191935732000000,-6.831450297600000,0.000000000000000,-9.169600850300000,-4.785962245300000,True,
2005-04-01,CP,0,HCCF_comparator,HCCF_anom,NetPath_high_total_anom,0.053042454309510,-0.645246537060816,(b),Central Pacific,HCCF → High-cloud pathway,HCCF anomaly,High-cloud Net CRE contribution (W m$^{-2}$),0.191935732000000,-6.831450297600000,0.000000000000000,-9.169600850300000,-4.785962245300000,True,
2005-05-01,CP,0,HCCF_comparator,HCCF_anom,NetPath_high_total_anom,0.043603402498194,0.554690897196347,(b),Central Pacific,HCCF → High-cloud pathway,HCCF anomaly,High-cloud Net CRE contribution (W m$^{-2}$),0.191935732000000,-6.831450297600000,0.000000000000000,-9.169600850300000,-4.785962245300000,True,
2005-06-01,CP,0,HCCF_comparator,HCCF_anom,NetPath_high_total_anom,-0.012342800604169,0.011661745736816,(b),Central Pacific,HCCF → High-cloud pathway,HCCF anomaly,High-cloud Net CRE contribution (W m$^{-2}$),0.191935732000000,-6.831450297600000,0.000000000000000,-9.169600850300000,-4.785962245300000,True,
2005-07-01,CP,0,HCCF_comparator,HCCF_anom,NetPath_high_total_anom,0.024905992082273,0.266861567153640,(b),Central Pacific,HCCF → High-cloud pathway,HCCF anomaly,High-cloud Net CRE contribution (W m$^{-2}$),0.191935732000000,-6.831450297600000,0.000000000000000,-9.169600850300000,-4.785962245300000,True,
2005-08-01,CP,0,HCCF_comparator,HCCF_anom,NetPath_high_total_anom,-0.021072164298046,-0.069882293713912,(b),Central Pacific,HCCF → High-cloud pathway,HCCF anomaly,High-cloud Net CRE contribution (W m$^{-2}$),0.191935732000000,-6.831450297600000,0.000000000000000,-9.169600850300000,-4.785962245300000,True,
2005-09-01,CP,0,HCCF_comparator,HCCF_anom,NetPath_high_total_anom,0.006093519895298,0.485362843190731,(b),Central Pacific,HCCF → High-cloud pathway,HCCF anomaly,High-cloud Net CRE contribution (W m$^{-2}$),0.191935732000000,-6.831450297600000,0.000000000000000,-9.169600850300000,-4.785962245300000,True,
2005-10-01,CP,0,HCCF_comparator,HCCF_anom,NetPath_high_total_anom,0.010873321468872,0.987582266521260,(b),Central Pacific,HCCF → High-cloud pathway,HCCF anomaly,High-cloud Net CRE contribution (W m$^{-2}$),0.191935732000000,-6.831450297600000,0.000000000000000,-9.169600850300000,-4.785962245300000,True,
2005-11-01,CP,-1,HCCF_comparator,HCCF_anom,NetPath_high_total_anom,-0.009972898101448,0.913009036036718,(b),Central Pacific,HCCF → High-cloud pathway,HCCF anomaly,High-cloud Net CRE contribution (W m$^{-2}$),0.191935732000000,-6.831450297600000,0.000000000000000,-9.169600850300000,-4.785962245300000,True,
2005-12-01,CP,-1,HCCF_comparator,HCCF_anom,NetPath_high_total_anom,-0.029085668770675,1.729558136994460,(b),Central Pacific,HCCF → High-cloud pathway,HCCF anomaly,High-cloud Net CRE contribution (W m$^{-2}$),0.191935732000000,-6.831450297600000,0.000000000000000,-9.169600850300000,-4.785962245300000,True,
2006-01-01,CP,-1,HCCF_comparator,HCCF_anom,NetPath_high_total_anom,-0.026089783961230,-0.350078047987581,(b),Central Pacific,HCCF → High-cloud pathway,HCCF anomaly,High-cloud Net CRE contribution (W m$^{-2}$),0.191935732000000,-6.831450297600000,0.000000000000000,-9.169600850300000,-4.785962245300000,True,
2006-02-01,CP,-1,HCCF_comparator,HCCF_anom,NetPath_high_total_anom,0.029358940339366,0.476949740567504,(b),Central Pacific,HCCF → High-cloud pathway,HCCF anomaly,High-cloud Net CRE contribution (W m$^{-2}$),0.191935732000000,-6.831450297600000,0.000000000000000,-9.169600850300000,-4.785962245300000,True,
2006-03-01,CP,-1,HCCF_comparator,HCCF_anom,NetPath_high_total_anom,-0.032270000685675,-0.131744070117009,(b),Central Pacific,HCCF → High-cloud pathway,HCCF anomaly,High-cloud Net CRE contribution (W m$^{-2}$),0.191935732000000,-6.831450297600000,0.000000000000000,-9.169600850300000,-4.785962245300000,True,
2006-04-01,CP,0,HCCF_comparator,HCCF_anom,NetPath_high_total_anom,-0.038572855890520,-0.506796573189613,(b),Central Pacific,HCCF → High-cloud pathway,HCCF anomaly,High-cloud Net CRE contribution (W m$^{-2}$),0.191935732000000,-6.831450297600000,0.000000000000000,-9.169600850300000,-4.785962245300000,True,
2006-05-01,CP,0,HCCF_comparator,HCCF_anom,NetPath_high_total_anom,0.010410785768579,0.514574878572122,(b),Central Pacific,HCCF → High-cloud pathway,HCCF anomaly,High-cloud Net CRE contribution (W m$^{-2}$),0.191935732000000,-6.831450297600000,0.000000000000000,-9.169600850300000,-4.785962245300000,True,
2006-06-01,CP,0,HCCF_comparator,HCCF_anom,NetPath_high_total_anom,0.017516130418919,0.924614806947720,(b),Central Pacific,HCCF → High-cloud pathway,HCCF anomaly,High-cloud Net CRE contribution (W m$^{-2}$),0.191935732000000,-6.831450297600000,0.000000000000000,-9.169600850300000,-4.785962245300000,True,
2006-07-01,CP,0,HCCF_comparator,HCCF_anom,NetPath_high_total_anom,-0.029763555087953,-0.882373790784445,(b),Central Pacific,HCCF → High-cloud pathway,HCCF anomaly,High-cloud Net CRE contribution (W m$^{-2}$),0.191935732000000,-6.831450297600000,0.000000000000000,-9.169600850300000,-4.785962245300000,True,
2006-08-01,CP,0,HCCF_comparator,HCCF_anom,NetPath_high_total_anom,0.056321600127399,0.065601339063585,(b),Central Pacific,HCCF → High-cloud pathway,HCCF anomaly,High-cloud Net CRE contribution (W m$^{-2}$),0.191935732000000,-6.831450297600000,0.000000000000000,-9.169600850300000,-4.785962245300000,True,
2006-09-01,CP,1,HCCF_comparator,HCCF_anom,NetPath_high_total_anom,0.050094319330217,-0.154691358529918,(b),Central Pacific,HCCF → High-cloud pathway,HCCF anomaly,High-cloud Net CRE contribution (W m$^{-2}$),0.191935732000000,-6.831450297600000,0.000000000000000,-9.169600850300000,-4.785962245300000,True,
2006-10-01,CP,1,HCCF_comparator,HCCF_anom,NetPath_high_total_anom,0.075330658257200,-1.637457858095447,(b),Central Pacific,HCCF → High-cloud pathway,HCCF anomaly,High-cloud Net CRE contribution (W m$^{-2}$),0.191935732000000,-6.831450297600000,0.000000000000000,-9.169600850300000,-4.785962245300000,True,
2006-11-01,CP,1,HCCF_comparator,HCCF_anom,NetPath_high_total_anom,0.068301403147346,-0.090180084698166,(b),Central Pacific,HCCF → High-cloud pathway,HCCF anomaly,High-cloud Net CRE contribution (W m$^{-2}$),0.191935732000000,-6.831450297600000,0.000000000000000,-9.169600850300000,-4.785962245300000,True,
2006-12-01,CP,1,HCCF_comparator,HCCF_anom,NetPath_high_total_anom,0.076122386603949,0.316965572568343,(b),Central Pacific,HCCF → High-cloud pathway,HCCF anomaly,High-cloud Net CRE contribution (W m$^{-2}$),0.191935732000000,-6.831450297600000,0.000000000000000,-9.169600850300000,-4.785962245300000,True,
2007-01-01,CP,1,HCCF_comparator,HCCF_anom,NetPath_high_total_anom,0.124917220807749,-0.652050824551219,(b),Central Pacific,HCCF → High-cloud pathway,HCCF anomaly,High-cloud Net CRE contribution (W m$^{-2}$),0.191935732000000,-6.831450297600000,0.000000000000000,-9.169600850300000,-4.785962245300000,True,
2007-02-01,CP,0,HCCF_comparator,HCCF_anom,NetPath_high_total_anom,0.029326951890699,0.547352113596700,(b),Central Pacific,HCCF → High-cloud pathway,HCCF anomaly,High-cloud Net CRE contribution (W m$^{-2}$),0.191935732000000,-6.831450297600000,0.000000000000000,-9.169600850300000,-4.785962245300000,True,
2007-03-01,CP,0,HCCF_comparator,HCCF_anom,NetPath_high_total_anom,0.004676322226210,0.888846542502781,(b),Central Pacific,HCCF → High-cloud pathway,HCCF anomaly,High-cloud Net CRE contribution (W m$^{-2}$),0.191935732000000,-6.831450297600000,0.000000000000000,-9.169600850300000,-4.785962245300000,True,
2007-04-01,CP,0,HCCF_comparator,HCCF_anom,NetPath_high_total_anom,-0.000972705097429,0.896954661701269,(b),Central Pacific,HCCF → High-cloud pathway,HCCF anomaly,High-cloud Net CRE contribution (W m$^{-2}$),0.191935732000000,-6.831450297600000,0.000000000000000,-9.169600850300000,-4.785962245300000,True,
2007-05-01,CP,-1,HCCF_comparator,HCCF_anom,NetPath_high_total_anom,0.007260675955638,-0.001572068595410,(b),Central Pacific,HCCF → High-cloud pathway,HCCF anomaly,High-cloud Net CRE contribution (W m$^{-2}$),0.191935732000000,-6.831450297600000,0.000000000000000,-9.169600850300000,-4.785962245300000,True,
2007-06-01,CP,0,HCCF_comparator,HCCF_anom,NetPath_high_total_anom,-0.018379133274761,0.642088909984446,(b),Central Pacific,HCCF → High-cloud pathway,HCCF anomaly,High-cloud Net CRE contribution (W m$^{-2}$),0.191935732000000,-6.831450297600000,0.000000000000000,-9.169600850300000,-4.785962245300000,True,
2007-07-01,CP,-1,HCCF_comparator,HCCF_anom,NetPath_high_total_anom,-0.034580249511608,0.889651286621744,(b),Central Pacific,HCCF → High-cloud pathway,HCCF anomaly,High-cloud Net CRE contribution (W m$^{-2}$),0.191935732000000,-6.831450297600000,0.000000000000000,-9.169600850300000,-4.785962245300000,True,
2007-08-01,CP,-1,HCCF_comparator,HCCF_anom,NetPath_high_total_anom,0.005683455692894,0.642442330095561,(b),Central Pacific,HCCF → High-cloud pathway,HCCF anomaly,High-cloud Net CRE contribution (W m$^{-2}$),0.191935732000000,-6.831450297600000,0.000000000000000,-9.169600850300000,-4.785962245300000,True,
2007-09-01,CP,-1,HCCF_comparator,HCCF_anom,NetPath_high_total_anom,-0.033974579605351,0.382431486100089,(b),Central Pacific,HCCF → High-cloud pathway,HCCF anomaly,High-cloud Net CRE contribution (W m$^{-2}$),0.191935732000000,-6.831450297600000,0.000000000000000,-9.169600850300000,-4.785962245300000,True,
2007-10-01,CP,-1,HCCF_comparator,HCCF_anom,NetPath_high_total_anom,-0.036462543968688,0.384328791120247,(b),Central Pacific,HCCF → High-cloud pathway,HCCF anomaly,High-cloud Net CRE contribution (W m$^{-2}$),0.191935732000000,-6.831450297600000,0.000000000000000,-9.169600850300000,-4.785962245300000,True,
2007-11-01,CP,-1,HCCF_comparator,HCCF_anom,NetPath_high_total_anom,-0.010672949588361,-0.395653430789590,(b),Central Pacific,HCCF → High-cloud pathway,HCCF anomaly,High-cloud Net CRE contribution (W m$^{-2}$),0.191935732000000,-6.831450297600000,0.000000000000000,-9.169600850300000,-4.785962245300000,True,
2007-12-01,CP,-1,HCCF_comparator,HCCF_anom,NetPath_high_total_anom,-0.096233858608562,-0.178877974872623,(b),Central Pacific,HCCF → High-cloud pathway,HCCF anomaly,High-cloud Net CRE contribution (W m$^{-2}$),0.191935732000000,-6.831450297600000,0.000000000000000,-9.169600850300000,-4.785962245300000,True,
2008-01-01,CP,-1,HCCF_comparator,HCCF_anom,NetPath_high_total_anom,0.017382278124400,-1.755348544695576,(b),Central Pacific,HCCF → High-cloud pathway,HCCF anomaly,High-cloud Net CRE contribution (W m$^{-2}$),0.191935732000000,-6.831450297600000,0.000000000000000,-9.169600850300000,-4.785962245300000,True,
2008-02-01,CP,-1,HCCF_comparator,HCCF_anom,NetPath_high_total_anom,-0.184941747092048,1.646189833557169,(b),Central Pacific,HCCF → High-cloud pathway,HCCF anomaly,High-cloud Net CRE contribution (W m$^{-2}$),0.191935732000000,-6.831450297600000,0.000000000000000,-9.169600850300000,-4.785962245300000,True,
2008-03-01,CP,-1,HCCF_comparator,HCCF_anom,NetPath_high_total_anom,-0.114660323311954,2.323262686846111,(b),Central Pacific,HCCF → High-cloud pathway,HCCF anomaly,High-cloud Net CRE contribution (W m$^{-2}$),0.191935732000000,-6.831450297600000,0.000000000000000,-9.169600850300000,-4.785962245300000,True,
2008-04-01,CP,-1,HCCF_comparator,HCCF_anom,NetPath_high_total_anom,-0.060254831146239,0.821403255619117,(b),Central Pacific,HCCF → High-cloud pathway,HCCF anomaly,High-cloud Net CRE contribution (W m$^{-2}$),0.191935732000000,-6.831450297600000,0.000000000000000,-9.169600850300000,-4.785962245300000,True,
2008-05-01,CP,-1,HCCF_comparator,HCCF_anom,NetPath_high_total_anom,-0.071311064859159,0.695090074751026,(b),Central Pacific,HCCF → High-cloud pathway,HCCF anomaly,High-cloud Net CRE contribution (W m$^{-2}$),0.191935732000000,-6.831450297600000,0.000000000000000,-9.169600850300000,-4.785962245300000,True,
2008-06-01,CP,-1,HCCF_comparator,HCCF_anom,NetPath_high_total_anom,-0.048010340064923,-0.530166486695224,(b),Central Pacific,HCCF → High-cloud pathway,HCCF anomaly,High-cloud Net CRE contribution (W m$^{-2}$),0.191935732000000,-6.831450297600000,0.000000000000000,-9.169600850300000,-4.785962245300000,True,
2008-07-01,CP,0,HCCF_comparator,HCCF_anom,NetPath_high_total_anom,-0.070470999790351,1.107929314239843,(b),Central Pacific,HCCF → High-cloud pathway,HCCF anomaly,High-cloud Net CRE contribution (W m$^{-2}$),0.191935732000000,-6.831450297600000,0.000000000000000,-9.169600850300000,-4.785962245300000,True,
2008-08-01,CP,0,HCCF_comparator,HCCF_anom,NetPath_high_total_anom,-0.051006037415804,0.549466596140390,(b),Central Pacific,HCCF → High-cloud pathway,HCCF anomaly,High-cloud Net CRE contribution (W m$^{-2}$),0.191935732000000,-6.831450297600000,0.000000000000000,-9.169600850300000,-4.785962245300000,True,
2008-09-01,CP,0,HCCF_comparator,HCCF_anom,NetPath_high_total_anom,-0.041635541710575,0.762615901250006,(b),Central Pacific,HCCF → High-cloud pathway,HCCF anomaly,High-cloud Net CRE contribution (W m$^{-2}$),0.191935732000000,-6.831450297600000,0.000000000000000,-9.169600850300000,-4.785962245300000,True,
2008-10-01,CP,0,HCCF_comparator,HCCF_anom,NetPath_high_total_anom,-0.059218775027559,0.615404799566694,(b),Central Pacific,HCCF → High-cloud pathway,HCCF anomaly,High-cloud Net CRE contribution (W m$^{-2}$),0.191935732000000,-6.831450297600000,0.000000000000000,-9.169600850300000,-4.785962245300000,True,
2008-11-01,CP,-1,HCCF_comparator,HCCF_anom,NetPath_high_total_anom,-0.064842722002313,0.028734418082013,(b),Central Pacific,HCCF → High-cloud pathway,HCCF anomaly,High-cloud Net CRE contribution (W m$^{-2}$),0.191935732000000,-6.831450297600000,0.000000000000000,-9.169600850300000,-4.785962245300000,True,
2008-12-01,CP,-1,HCCF_comparator,HCCF_anom,NetPath_high_total_anom,-0.100130388560261,1.199912190649617,(b),Central Pacific,HCCF → High-cloud pathway,HCCF anomaly,High-cloud Net CRE contribution (W m$^{-2}$),0.191935732000000,-6.831450297600000,0.000000000000000,-9.169600850300000,-4.785962245300000,True,
2009-01-01,CP,-1,HCCF_comparator,HCCF_anom,NetPath_high_total_anom,-0.074283791305293,-0.069057352633773,(b),Central Pacific,HCCF → High-cloud pathway,HCCF anomaly,High-cloud Net CRE contribution (W m$^{-2}$),0.191935732000000,-6.831450297600000,0.000000000000000,-9.169600850300000,-4.785962245300000,True,
2009-02-01,CP,-1,HCCF_comparator,HCCF_anom,NetPath_high_total_anom,-0.093099039057519,-0.603587200897302,(b),Central Pacific,HCCF → High-cloud pathway,HCCF anomaly,High-cloud Net CRE contribution (W m$^{-2}$),0.191935732000000,-6.831450297600000,0.000000000000000,-9.169600850300000,-4.785962245300000,True,
2009-03-01,CP,-1,HCCF_comparator,HCCF_anom,NetPath_high_total_anom,-0.003889117401867,-0.078189333742653,(b),Central Pacific,HCCF → High-cloud pathway,HCCF anomaly,High-cloud Net CRE contribution (W m$^{-2}$),0.191935732000000,-6.831450297600000,0.000000000000000,-9.169600850300000,-4.785962245300000,True,
2009-04-01,CP,0,HCCF_comparator,HCCF_anom,NetPath_high_total_anom,-0.019154148183080,0.535077177329967,(b),Central Pacific,HCCF → High-cloud pathway,HCCF anomaly,High-cloud Net CRE contribution (W m$^{-2}$),0.191935732000000,-6.831450297600000,0.000000000000000,-9.169600850300000,-4.785962245300000,True,
2009-05-01,CP,0,HCCF_comparator,HCCF_anom,NetPath_high_total_anom,-0.022161783397119,0.724196367188739,(b),Central Pacific,HCCF → High-cloud pathway,HCCF anomaly,High-cloud Net CRE contribution (W m$^{-2}$),0.191935732000000,-6.831450297600000,0.000000000000000,-9.169600850300000,-4.785962245300000,True,
2009-06-01,CP,0,HCCF_comparator,HCCF_anom,NetPath_high_total_anom,0.001484027261282,1.049641085851181,(b),Central Pacific,HCCF → High-cloud pathway,HCCF anomaly,High-cloud Net CRE contribution (W m$^{-2}$),0.191935732000000,-6.831450297600000,0.000000000000000,-9.169600850300000,-4.785962245300000,True,
2009-07-01,CP,1,HCCF_comparator,HCCF_anom,NetPath_high_total_anom,0.067906900249253,-0.270434266772415,(b),Central Pacific,HCCF → High-cloud pathway,HCCF anomaly,High-cloud Net CRE contribution (W m$^{-2}$),0.191935732000000,-6.831450297600000,0.000000000000000,-9.169600850300000,-4.785962245300000,True,
2009-08-01,CP,1,HCCF_comparator,HCCF_anom,NetPath_high_total_anom,-0.003276994558296,-0.793968738536226,(b),Central Pacific,HCCF → High-cloud pathway,HCCF anomaly,High-cloud Net CRE contribution (W m$^{-2}$),0.191935732000000,-6.831450297600000,0.000000000000000,-9.169600850300000,-4.785962245300000,True,
2009-09-01,CP,1,HCCF_comparator,HCCF_anom,NetPath_high_total_anom,0.064015123044039,-1.108012585383114,(b),Central Pacific,HCCF → High-cloud pathway,HCCF anomaly,High-cloud Net CRE contribution (W m$^{-2}$),0.191935732000000,-6.831450297600000,0.000000000000000,-9.169600850300000,-4.785962245300000,True,
2009-10-01,CP,1,HCCF_comparator,HCCF_anom,NetPath_high_total_anom,0.043461488441933,-0.150514374793864,(b),Central Pacific,HCCF → High-cloud pathway,HCCF anomaly,High-cloud Net CRE contribution (W m$^{-2}$),0.191935732000000,-6.831450297600000,0.000000000000000,-9.169600850300000,-4.785962245300000,True,
2009-11-01,CP,1,HCCF_comparator,HCCF_anom,NetPath_high_total_anom,0.067252519948367,-0.336312284182693,(b),Central Pacific,HCCF → High-cloud pathway,HCCF anomaly,High-cloud Net CRE contribution (W m$^{-2}$),0.191935732000000,-6.831450297600000,0.000000000000000,-9.169600850300000,-4.785962245300000,True,
2009-12-01,CP,1,HCCF_comparator,HCCF_anom,NetPath_high_total_anom,0.154956342646380,1.338380834554552,(b),Central Pacific,HCCF → High-cloud pathway,HCCF anomaly,High-cloud Net CRE contribution (W m$^{-2}$),0.191935732000000,-6.831450297600000,0.000000000000000,-9.169600850300000,-4.785962245300000,True,
2010-01-01,CP,1,HCCF_comparator,HCCF_anom,NetPath_high_total_anom,0.152505173834270,-1.354932533131119,(b),Central Pacific,HCCF → High-cloud pathway,HCCF anomaly,High-cloud Net CRE contribution (W m$^{-2}$),0.191935732000000,-6.831450297600000,0.000000000000000,-9.169600850300000,-4.785962245300000,True,
2010-02-01,CP,1,HCCF_comparator,HCCF_anom,NetPath_high_total_anom,0.180158285182889,-3.211658774800622,(b),Central Pacific,HCCF → High-cloud pathway,HCCF anomaly,High-cloud Net CRE contribution (W m$^{-2}$),0.191935732000000,-6.831450297600000,0.000000000000000,-9.169600850300000,-4.785962245300000,True,
2010-03-01,CP,1,HCCF_comparator,HCCF_anom,NetPath_high_total_anom,0.074138793076150,-1.864215256612826,(b),Central Pacific,HCCF → High-cloud pathway,HCCF anomaly,High-cloud Net CRE contribution (W m$^{-2}$),0.191935732000000,-6.831450297600000,0.000000000000000,-9.169600850300000,-4.785962245300000,True,
2010-04-01,CP,0,HCCF_comparator,HCCF_anom,NetPath_high_total_anom,-0.018194541862661,-0.112942646121520,(b),Central Pacific,HCCF → High-cloud pathway,HCCF anomaly,High-cloud Net CRE contribution (W m$^{-2}$),0.191935732000000,-6.831450297600000,0.000000000000000,-9.169600850300000,-4.785962245300000,True,
2010-05-01,CP,0,HCCF_comparator,HCCF_anom,NetPath_high_total_anom,-0.054388533821206,0.146087134265428,(b),Central Pacific,HCCF → High-cloud pathway,HCCF anomaly,High-cloud Net CRE contribution (W m$^{-2}$),0.191935732000000,-6.831450297600000,0.000000000000000,-9.169600850300000,-4.785962245300000,True,
2010-06-01,CP,-1,HCCF_comparator,HCCF_anom,NetPath_high_total_anom,-0.047680981351887,-0.267453891151803,(b),Central Pacific,HCCF → High-cloud pathway,HCCF anomaly,High-cloud Net CRE contribution (W m$^{-2}$),0.191935732000000,-6.831450297600000,0.000000000000000,-9.169600850300000,-4.785962245300000,True,
2010-07-01,CP,-1,HCCF_comparator,HCCF_anom,NetPath_high_total_anom,-0.042989852011385,0.617911504787075,(b),Central Pacific,HCCF → High-cloud pathway,HCCF anomaly,High-cloud Net CRE contribution (W m$^{-2}$),0.191935732000000,-6.831450297600000,0.000000000000000,-9.169600850300000,-4.785962245300000,True,
2010-08-01,CP,-1,HCCF_comparator,HCCF_anom,NetPath_high_total_anom,-0.059575899768194,0.262450795172496,(b),Central Pacific,HCCF → High-cloud pathway,HCCF anomaly,High-cloud Net CRE contribution (W m$^{-2}$),0.191935732000000,-6.831450297600000,0.000000000000000,-9.169600850300000,-4.785962245300000,True,
2010-09-01,CP,-1,HCCF_comparator,HCCF_anom,NetPath_high_total_anom,-0.092999885171406,-0.163417609087924,(b),Central Pacific,HCCF → High-cloud pathway,HCCF anomaly,High-cloud Net CRE contribution (W m$^{-2}$),0.191935732000000,-6.831450297600000,0.000000000000000,-9.169600850300000,-4.785962245300000,True,
2010-10-01,CP,-1,HCCF_comparator,HCCF_anom,NetPath_high_total_anom,-0.076707506240617,-0.157085066019497,(b),Central Pacific,HCCF → High-cloud pathway,HCCF anomaly,High-cloud Net CRE contribution (W m$^{-2}$),0.191935732000000,-6.831450297600000,0.000000000000000,-9.169600850300000,-4.785962245300000,True,
2010-11-01,CP,-1,HCCF_comparator,HCCF_anom,NetPath_high_total_anom,-0.118233257078226,1.072883549233342,(b),Central Pacific,HCCF → High-cloud pathway,HCCF anomaly,High-cloud Net CRE contribution (W m$^{-2}$),0.191935732000000,-6.831450297600000,0.000000000000000,-9.169600850300000,-4.785962245300000,True,
2010-12-01,CP,-1,HCCF_comparator,HCCF_anom,NetPath_high_total_anom,-0.147307646980260,0.154777334431774,(b),Central Pacific,HCCF → High-cloud pathway,HCCF anomaly,High-cloud Net CRE contribution (W m$^{-2}$),0.191935732000000,-6.831450297600000,0.000000000000000,-9.169600850300000,-4.785962245300000,True,
2011-01-01,CP,-1,HCCF_comparator,HCCF_anom,NetPath_high_total_anom,-0.133495115797381,-1.155180038004742,(b),Central Pacific,HCCF → High-cloud pathway,HCCF anomaly,High-cloud Net CRE contribution (W m$^{-2}$),0.191935732000000,-6.831450297600000,0.000000000000000,-9.169600850300000,-4.785962245300000,True,
2011-02-01,CP,-1,HCCF_comparator,HCCF_anom,NetPath_high_total_anom,-0.158959106976832,1.643189718555073,(b),Central Pacific,HCCF → High-cloud pathway,HCCF anomaly,High-cloud Net CRE contribution (W m$^{-2}$),0.191935732000000,-6.831450297600000,0.000000000000000,-9.169600850300000,-4.785962245300000,True,
2011-03-01,CP,-1,HCCF_comparator,HCCF_anom,NetPath_high_total_anom,-0.138739163087892,1.007536256512879,(b),Central Pacific,HCCF → High-cloud pathway,HCCF anomaly,High-cloud Net CRE contribution (W m$^{-2}$),0.191935732000000,-6.831450297600000,0.000000000000000,-9.169600850300000,-4.785962245300000,True,
2011-04-01,CP,-1,HCCF_comparator,HCCF_anom,NetPath_high_total_anom,-0.110351537097685,1.922378977505488,(b),Central Pacific,HCCF → High-cloud pathway,HCCF anomaly,High-cloud Net CRE contribution (W m$^{-2}$),0.191935732000000,-6.831450297600000,0.000000000000000,-9.169600850300000,-4.785962245300000,True,
2011-05-01,CP,-1,HCCF_comparator,HCCF_anom,NetPath_high_total_anom,-0.002697612898733,-0.478377687545262,(b),Central Pacific,HCCF → High-cloud pathway,HCCF anomaly,High-cloud Net CRE contribution (W m$^{-2}$),0.191935732000000,-6.831450297600000,0.000000000000000,-9.169600850300000,-4.785962245300000,True,
2011-06-01,CP,0,HCCF_comparator,HCCF_anom,NetPath_high_total_anom,-0.033452224969580,-0.392255098510187,(b),Central Pacific,HCCF → High-cloud pathway,HCCF anomaly,High-cloud Net CRE contribution (W m$^{-2}$),0.191935732000000,-6.831450297600000,0.000000000000000,-9.169600850300000,-4.785962245300000,True,
2011-07-01,CP,0,HCCF_comparator,HCCF_anom,NetPath_high_total_anom,-0.039318792286626,-0.424583673651843,(b),Central Pacific,HCCF → High-cloud pathway,HCCF anomaly,High-cloud Net CRE contribution (W m$^{-2}$),0.191935732000000,-6.831450297600000,0.000000000000000,-9.169600850300000,-4.785962245300000,True,
2011-08-01,CP,-1,HCCF_comparator,HCCF_anom,NetPath_high_total_anom,-0.026782560132931,-0.297122831139276,(b),Central Pacific,HCCF → High-cloud pathway,HCCF anomaly,High-cloud Net CRE contribution (W m$^{-2}$),0.191935732000000,-6.831450297600000,0.000000000000000,-9.169600850300000,-4.785962245300000,True,
2011-09-01,CP,-1,HCCF_comparator,HCCF_anom,NetPath_high_total_anom,-0.079208214380311,0.376170664639047,(b),Central Pacific,HCCF → High-cloud pathway,HCCF anomaly,High-cloud Net CRE contribution (W m$^{-2}$),0.191935732000000,-6.831450297600000,0.000000000000000,-9.169600850300000,-4.785962245300000,True,
2011-10-01,CP,-1,HCCF_comparator,HCCF_anom,NetPath_high_total_anom,-0.072125348583945,0.561476830838737,(b),Central Pacific,HCCF → High-cloud pathway,HCCF anomaly,High-cloud Net CRE contribution (W m$^{-2}$),0.191935732000000,-6.831450297600000,0.000000000000000,-9.169600850300000,-4.785962245300000,True,
2011-11-01,CP,-1,HCCF_comparator,HCCF_anom,NetPath_high_total_anom,-0.016863551666470,-1.154384170711593,(b),Central Pacific,HCCF → High-cloud pathway,HCCF anomaly,High-cloud Net CRE contribution (W m$^{-2}$),0.191935732000000,-6.831450297600000,0.000000000000000,-9.169600850300000,-4.785962245300000,True,
2011-12-01,CP,-1,HCCF_comparator,HCCF_anom,NetPath_high_total_anom,-0.108218121243168,0.456556851450008,(b),Central Pacific,HCCF → High-cloud pathway,HCCF anomaly,High-cloud Net CRE contribution (W m$^{-2}$),0.191935732000000,-6.831450297600000,0.000000000000000,-9.169600850300000,-4.785962245300000,True,
2012-01-01,CP,-1,HCCF_comparator,HCCF_anom,NetPath_high_total_anom,-0.138727068366417,-0.032351416760623,(b),Central Pacific,HCCF → High-cloud pathway,HCCF anomaly,High-cloud Net CRE contribution (W m$^{-2}$),0.191935732000000,-6.831450297600000,0.000000000000000,-9.169600850300000,-4.785962245300000,True,
2012-02-01,CP,-1,HCCF_comparator,HCCF_anom,NetPath_high_total_anom,-0.137487651264636,2.215435085617137,(b),Central Pacific,HCCF → High-cloud pathway,HCCF anomaly,High-cloud Net CRE contribution (W m$^{-2}$),0.191935732000000,-6.831450297600000,0.000000000000000,-9.169600850300000,-4.785962245300000,True,
2012-03-01,CP,-1,HCCF_comparator,HCCF_anom,NetPath_high_total_anom,-0.048663768568131,0.046437946888053,(b),Central Pacific,HCCF → High-cloud pathway,HCCF anomaly,High-cloud Net CRE contribution (W m$^{-2}$),0.191935732000000,-6.831450297600000,0.000000000000000,-9.169600850300000,-4.785962245300000,True,
2012-04-01,CP,-1,HCCF_comparator,HCCF_anom,NetPath_high_total_anom,-0.010825073109367,0.579216355286218,(b),Central Pacific,HCCF → High-cloud pathway,HCCF anomaly,High-cloud Net CRE contribution (W m$^{-2}$),0.191935732000000,-6.831450297600000,0.000000000000000,-9.169600850300000,-4.785962245300000,True,
2012-05-01,CP,0,HCCF_comparator,HCCF_anom,NetPath_high_total_anom,-0.001475050564376,0.986004517705496,(b),Central Pacific,HCCF → High-cloud pathway,HCCF anomaly,High-cloud Net CRE contribution (W m$^{-2}$),0.191935732000000,-6.831450297600000,0.000000000000000,-9.169600850300000,-4.785962245300000,True,
2012-06-01,CP,0,HCCF_comparator,HCCF_anom,NetPath_high_total_anom,-0.037187860527062,0.626685259944883,(b),Central Pacific,HCCF → High-cloud pathway,HCCF anomaly,High-cloud Net CRE contribution (W m$^{-2}$),0.191935732000000,-6.831450297600000,0.000000000000000,-9.169600850300000,-4.785962245300000,True,
2012-07-01,CP,0,HCCF_comparator,HCCF_anom,NetPath_high_total_anom,0.032522050565140,0.675145610460859,(b),Central Pacific,HCCF → High-cloud pathway,HCCF anomaly,High-cloud Net CRE contribution (W m$^{-2}$),0.191935732000000,-6.831450297600000,0.000000000000000,-9.169600850300000,-4.785962245300000,True,
2012-08-01,CP,1,HCCF_comparator,HCCF_anom,NetPath_high_total_anom,-0.014474652672057,0.943332564300621,(b),Central Pacific,HCCF → High-cloud pathway,HCCF anomaly,High-cloud Net CRE contribution (W m$^{-2}$),0.191935732000000,-6.831450297600000,0.000000000000000,-9.169600850300000,-4.785962245300000,True,
2012-09-01,CP,0,HCCF_comparator,HCCF_anom,NetPath_high_total_anom,0.022778184291550,0.569420125263834,(b),Central Pacific,HCCF → High-cloud pathway,HCCF anomaly,High-cloud Net CRE contribution (W m$^{-2}$),0.191935732000000,-6.831450297600000,0.000000000000000,-9.169600850300000,-4.785962245300000,True,
2012-10-01,CP,0,HCCF_comparator,HCCF_anom,NetPath_high_total_anom,0.022848622127032,0.046315240526001,(b),Central Pacific,HCCF → High-cloud pathway,HCCF anomaly,High-cloud Net CRE contribution (W m$^{-2}$),0.191935732000000,-6.831450297600000,0.000000000000000,-9.169600850300000,-4.785962245300000,True,
2012-11-01,CP,0,HCCF_comparator,HCCF_anom,NetPath_high_total_anom,0.032324142493014,-0.195870236900168,(b),Central Pacific,HCCF → High-cloud pathway,HCCF anomaly,High-cloud Net CRE contribution (W m$^{-2}$),0.191935732000000,-6.831450297600000,0.000000000000000,-9.169600850300000,-4.785962245300000,True,
2012-12-01,CP,0,HCCF_comparator,HCCF_anom,NetPath_high_total_anom,0.018912575473192,-1.305633367706447,(b),Central Pacific,HCCF → High-cloud pathway,HCCF anomaly,High-cloud Net CRE contribution (W m$^{-2}$),0.191935732000000,-6.831450297600000,0.000000000000000,-9.169600850300000,-4.785962245300000,True,
2013-01-01,CP,-1,HCCF_comparator,HCCF_anom,NetPath_high_total_anom,0.065901368571315,-0.932801770291101,(b),Central Pacific,HCCF → High-cloud pathway,HCCF anomaly,High-cloud Net CRE contribution (W m$^{-2}$),0.191935732000000,-6.831450297600000,0.000000000000000,-9.169600850300000,-4.785962245300000,True,
2013-02-01,CP,-1,HCCF_comparator,HCCF_anom,NetPath_high_total_anom,-0.031961409585745,1.765328618064127,(b),Central Pacific,HCCF → High-cloud pathway,HCCF anomaly,High-cloud Net CRE contribution (W m$^{-2}$),0.191935732000000,-6.831450297600000,0.000000000000000,-9.169600850300000,-4.785962245300000,True,
2013-03-01,CP,0,HCCF_comparator,HCCF_anom,NetPath_high_total_anom,0.031098950744317,-1.458563453746298,(b),Central Pacific,HCCF → High-cloud pathway,HCCF anomaly,High-cloud Net CRE contribution (W m$^{-2}$),0.191935732000000,-6.831450297600000,0.000000000000000,-9.169600850300000,-4.785962245300000,True,
2013-04-01,CP,0,HCCF_comparator,HCCF_anom,NetPath_high_total_anom,-0.047975360544416,2.136855449737132,(b),Central Pacific,HCCF → High-cloud pathway,HCCF anomaly,High-cloud Net CRE contribution (W m$^{-2}$),0.191935732000000,-6.831450297600000,0.000000000000000,-9.169600850300000,-4.785962245300000,True,
2013-05-01,CP,0,HCCF_comparator,HCCF_anom,NetPath_high_total_anom,-0.045596243000817,0.828485874350113,(b),Central Pacific,HCCF → High-cloud pathway,HCCF anomaly,High-cloud Net CRE contribution (W m$^{-2}$),0.191935732000000,-6.831450297600000,0.000000000000000,-9.169600850300000,-4.785962245300000,True,
2013-06-01,CP,0,HCCF_comparator,HCCF_anom,NetPath_high_total_anom,0.000563422386591,0.043489496653690,(b),Central Pacific,HCCF → High-cloud pathway,HCCF anomaly,High-cloud Net CRE contribution (W m$^{-2}$),0.191935732000000,-6.831450297600000,0.000000000000000,-9.169600850300000,-4.785962245300000,True,
2013-07-01,CP,0,HCCF_comparator,HCCF_anom,NetPath_high_total_anom,-0.021485615130989,0.574033045496717,(b),Central Pacific,HCCF → High-cloud pathway,HCCF anomaly,High-cloud Net CRE contribution (W m$^{-2}$),0.191935732000000,-6.831450297600000,0.000000000000000,-9.169600850300000,-4.785962245300000,True,
2013-08-01,CP,0,HCCF_comparator,HCCF_anom,NetPath_high_total_anom,-0.013290122569601,0.516576432401280,(b),Central Pacific,HCCF → High-cloud pathway,HCCF anomaly,High-cloud Net CRE contribution (W m$^{-2}$),0.191935732000000,-6.831450297600000,0.000000000000000,-9.169600850300000,-4.785962245300000,True,
2013-09-01,CP,0,HCCF_comparator,HCCF_anom,NetPath_high_total_anom,-0.015468488947931,-0.522640524352058,(b),Central Pacific,HCCF → High-cloud pathway,HCCF anomaly,High-cloud Net CRE contribution (W m$^{-2}$),0.191935732000000,-6.831450297600000,0.000000000000000,-9.169600850300000,-4.785962245300000,True,
2013-10-01,CP,0,HCCF_comparator,HCCF_anom,NetPath_high_total_anom,0.021554134107944,-0.662038448923805,(b),Central Pacific,HCCF → High-cloud pathway,HCCF anomaly,High-cloud Net CRE contribution (W m$^{-2}$),0.191935732000000,-6.831450297600000,0.000000000000000,-9.169600850300000,-4.785962245300000,True,
2013-11-01,CP,0,HCCF_comparator,HCCF_anom,NetPath_high_total_anom,-0.009067475266984,1.038224694581340,(b),Central Pacific,HCCF → High-cloud pathway,HCCF anomaly,High-cloud Net CRE contribution (W m$^{-2}$),0.191935732000000,-6.831450297600000,0.000000000000000,-9.169600850300000,-4.785962245300000,True,
2013-12-01,CP,0,HCCF_comparator,HCCF_anom,NetPath_high_total_anom,-0.050972249653336,-0.227345212804166,(b),Central Pacific,HCCF → High-cloud pathway,HCCF anomaly,High-cloud Net CRE contribution (W m$^{-2}$),0.191935732000000,-6.831450297600000,0.000000000000000,-9.169600850300000,-4.785962245300000,True,
2014-01-01,CP,-1,HCCF_comparator,HCCF_anom,NetPath_high_total_anom,-0.018927708091834,-0.467941349459622,(b),Central Pacific,HCCF → High-cloud pathway,HCCF anomaly,High-cloud Net CRE contribution (W m$^{-2}$),0.191935732000000,-6.831450297600000,0.000000000000000,-9.169600850300000,-4.785962245300000,True,
2014-02-01,CP,-1,HCCF_comparator,HCCF_anom,NetPath_high_total_anom,0.018651928749073,-0.722884645398622,(b),Central Pacific,HCCF → High-cloud pathway,HCCF anomaly,High-cloud Net CRE contribution (W m$^{-2}$),0.191935732000000,-6.831450297600000,0.000000000000000,-9.169600850300000,-4.785962245300000,True,
2014-03-01,CP,0,HCCF_comparator,HCCF_anom,NetPath_high_total_anom,0.077985422450730,-1.247145770887973,(b),Central Pacific,HCCF → High-cloud pathway,HCCF anomaly,High-cloud Net CRE contribution (W m$^{-2}$),0.191935732000000,-6.831450297600000,0.000000000000000,-9.169600850300000,-4.785962245300000,True,
2014-04-01,CP,0,HCCF_comparator,HCCF_anom,NetPath_high_total_anom,0.064417602031707,-2.341046016906404,(b),Central Pacific,HCCF → High-cloud pathway,HCCF anomaly,High-cloud Net CRE contribution (W m$^{-2}$),0.191935732000000,-6.831450297600000,0.000000000000000,-9.169600850300000,-4.785962245300000,True,
2014-05-01,CP,0,HCCF_comparator,HCCF_anom,NetPath_high_total_anom,0.020356520595856,1.430490690085193,(b),Central Pacific,HCCF → High-cloud pathway,HCCF anomaly,High-cloud Net CRE contribution (W m$^{-2}$),0.191935732000000,-6.831450297600000,0.000000000000000,-9.169600850300000,-4.785962245300000,True,
2014-06-01,CP,0,HCCF_comparator,HCCF_anom,NetPath_high_total_anom,0.069292120673750,0.042801862229492,(b),Central Pacific,HCCF → High-cloud pathway,HCCF anomaly,High-cloud Net CRE contribution (W m$^{-2}$),0.191935732000000,-6.831450297600000,0.000000000000000,-9.169600850300000,-4.785962245300000,True,
2014-07-01,CP,0,HCCF_comparator,HCCF_anom,NetPath_high_total_anom,0.016793568404195,-1.154869660051466,(b),Central Pacific,HCCF → High-cloud pathway,HCCF anomaly,High-cloud Net CRE contribution (W m$^{-2}$),0.191935732000000,-6.831450297600000,0.000000000000000,-9.169600850300000,-4.785962245300000,True,
2014-08-01,CP,0,HCCF_comparator,HCCF_anom,NetPath_high_total_anom,-0.008990070365539,0.094030079074436,(b),Central Pacific,HCCF → High-cloud pathway,HCCF anomaly,High-cloud Net CRE contribution (W m$^{-2}$),0.191935732000000,-6.831450297600000,0.000000000000000,-9.169600850300000,-4.785962245300000,True,
2014-09-01,CP,0,HCCF_comparator,HCCF_anom,NetPath_high_total_anom,0.016014900329814,0.410125029000842,(b),Central Pacific,HCCF → High-cloud pathway,HCCF anomaly,High-cloud Net CRE contribution (W m$^{-2}$),0.191935732000000,-6.831450297600000,0.000000000000000,-9.169600850300000,-4.785962245300000,True,
2014-10-01,CP,1,HCCF_comparator,HCCF_anom,NetPath_high_total_anom,0.040870476492979,0.644246666833061,(b),Central Pacific,HCCF → High-cloud pathway,HCCF anomaly,High-cloud Net CRE contribution (W m$^{-2}$),0.191935732000000,-6.831450297600000,0.000000000000000,-9.169600850300000,-4.785962245300000,True,
2014-11-01,CP,1,HCCF_comparator,HCCF_anom,NetPath_high_total_anom,0.029644115259638,1.113001404094806,(b),Central Pacific,HCCF → High-cloud pathway,HCCF anomaly,High-cloud Net CRE contribution (W m$^{-2}$),0.191935732000000,-6.831450297600000,0.000000000000000,-9.169600850300000,-4.785962245300000,True,
2014-12-01,CP,1,HCCF_comparator,HCCF_anom,NetPath_high_total_anom,0.045823972093354,-0.236913465366224,(b),Central Pacific,HCCF → High-cloud pathway,HCCF anomaly,High-cloud Net CRE contribution (W m$^{-2}$),0.191935732000000,-6.831450297600000,0.000000000000000,-9.169600850300000,-4.785962245300000,True,
2015-01-01,CP,1,HCCF_comparator,HCCF_anom,NetPath_high_total_anom,0.018377633711024,0.899726503261883,(b),Central Pacific,HCCF → High-cloud pathway,HCCF anomaly,High-cloud Net CRE contribution (W m$^{-2}$),0.191935732000000,-6.831450297600000,0.000000000000000,-9.169600850300000,-4.785962245300000,True,
2015-02-01,CP,0,HCCF_comparator,HCCF_anom,NetPath_high_total_anom,0.017801346929944,0.757265392518192,(b),Central Pacific,HCCF → High-cloud pathway,HCCF anomaly,High-cloud Net CRE contribution (W m$^{-2}$),0.191935732000000,-6.831450297600000,0.000000000000000,-9.169600850300000,-4.785962245300000,True,
2015-03-01,CP,1,HCCF_comparator,HCCF_anom,NetPath_high_total_anom,0.157203999552832,-2.255777288130735,(b),Central Pacific,HCCF → High-cloud pathway,HCCF anomaly,High-cloud Net CRE contribution (W m$^{-2}$),0.191935732000000,-6.831450297600000,0.000000000000000,-9.169600850300000,-4.785962245300000,True,
2015-04-01,CP,1,HCCF_comparator,HCCF_anom,NetPath_high_total_anom,0.103311811453898,-1.460635085126629,(b),Central Pacific,HCCF → High-cloud pathway,HCCF anomaly,High-cloud Net CRE contribution (W m$^{-2}$),0.191935732000000,-6.831450297600000,0.000000000000000,-9.169600850300000,-4.785962245300000,True,
2015-05-01,CP,1,HCCF_comparator,HCCF_anom,NetPath_high_total_anom,0.100848057592402,-1.342699670485899,(b),Central Pacific,HCCF → High-cloud pathway,HCCF anomaly,High-cloud Net CRE contribution (W m$^{-2}$),0.191935732000000,-6.831450297600000,0.000000000000000,-9.169600850300000,-4.785962245300000,True,
2015-06-01,CP,1,HCCF_comparator,HCCF_anom,NetPath_high_total_anom,0.114027596370591,-0.504884714478188,(b),Central Pacific,HCCF → High-cloud pathway,HCCF anomaly,High-cloud Net CRE contribution (W m$^{-2}$),0.191935732000000,-6.831450297600000,0.000000000000000,-9.169600850300000,-4.785962245300000,True,
2015-07-01,CP,1,HCCF_comparator,HCCF_anom,NetPath_high_total_anom,0.025863258608943,-2.385090276849338,(b),Central Pacific,HCCF → High-cloud pathway,HCCF anomaly,High-cloud Net CRE contribution (W m$^{-2}$),0.191935732000000,-6.831450297600000,0.000000000000000,-9.169600850300000,-4.785962245300000,True,
2015-08-01,CP,1,HCCF_comparator,HCCF_anom,NetPath_high_total_anom,0.107929502487457,-0.654698388616682,(b),Central Pacific,HCCF → High-cloud pathway,HCCF anomaly,High-cloud Net CRE contribution (W m$^{-2}$),0.191935732000000,-6.831450297600000,0.000000000000000,-9.169600850300000,-4.785962245300000,True,
2015-09-01,CP,1,HCCF_comparator,HCCF_anom,NetPath_high_total_anom,0.122250190238515,-1.811130589461239,(b),Central Pacific,HCCF → High-cloud pathway,HCCF anomaly,High-cloud Net CRE contribution (W m$^{-2}$),0.191935732000000,-6.831450297600000,0.000000000000000,-9.169600850300000,-4.785962245300000,True,
2015-10-01,CP,1,HCCF_comparator,HCCF_anom,NetPath_high_total_anom,0.075134872316359,-2.499421295270102,(b),Central Pacific,HCCF → High-cloud pathway,HCCF anomaly,High-cloud Net CRE contribution (W m$^{-2}$),0.191935732000000,-6.831450297600000,0.000000000000000,-9.169600850300000,-4.785962245300000,True,
2015-11-01,CP,1,HCCF_comparator,HCCF_anom,NetPath_high_total_anom,0.111625210210305,-1.618040113838096,(b),Central Pacific,HCCF → High-cloud pathway,HCCF anomaly,High-cloud Net CRE contribution (W m$^{-2}$),0.191935732000000,-6.831450297600000,0.000000000000000,-9.169600850300000,-4.785962245300000,True,
2015-12-01,CP,1,HCCF_comparator,HCCF_anom,NetPath_high_total_anom,0.183347808365445,-1.416645279725067,(b),Central Pacific,HCCF → High-cloud pathway,HCCF anomaly,High-cloud Net CRE contribution (W m$^{-2}$),0.191935732000000,-6.831450297600000,0.000000000000000,-9.169600850300000,-4.785962245300000,True,
2016-01-01,CP,1,HCCF_comparator,HCCF_anom,NetPath_high_total_anom,0.130880295233359,0.764620548069909,(b),Central Pacific,HCCF → High-cloud pathway,HCCF anomaly,High-cloud Net CRE contribution (W m$^{-2}$),0.191935732000000,-6.831450297600000,0.000000000000000,-9.169600850300000,-4.785962245300000,True,
2016-02-01,CP,1,HCCF_comparator,HCCF_anom,NetPath_high_total_anom,0.166666957296803,-3.643972572873235,(b),Central Pacific,HCCF → High-cloud pathway,HCCF anomaly,High-cloud Net CRE contribution (W m$^{-2}$),0.191935732000000,-6.831450297600000,0.000000000000000,-9.169600850300000,-4.785962245300000,True,
2016-03-01,CP,1,HCCF_comparator,HCCF_anom,NetPath_high_total_anom,0.080437671730323,0.051986927085525,(b),Central Pacific,HCCF → High-cloud pathway,HCCF anomaly,High-cloud Net CRE contribution (W m$^{-2}$),0.191935732000000,-6.831450297600000,0.000000000000000,-9.169600850300000,-4.785962245300000,True,
2016-04-01,CP,1,HCCF_comparator,HCCF_anom,NetPath_high_total_anom,0.064094376959105,0.320874781280928,(b),Central Pacific,HCCF → High-cloud pathway,HCCF anomaly,High-cloud Net CRE contribution (W m$^{-2}$),0.191935732000000,-6.831450297600000,0.000000000000000,-9.169600850300000,-4.785962245300000,True,
2016-05-01,CP,0,HCCF_comparator,HCCF_anom,NetPath_high_total_anom,0.031889068013174,-0.084776203906869,(b),Central Pacific,HCCF → High-cloud pathway,HCCF anomaly,High-cloud Net CRE contribution (W m$^{-2}$),0.191935732000000,-6.831450297600000,0.000000000000000,-9.169600850300000,-4.785962245300000,True,
2016-06-01,CP,0,HCCF_comparator,HCCF_anom,NetPath_high_total_anom,0.054606621145844,1.095522789520464,(b),Central Pacific,HCCF → High-cloud pathway,HCCF anomaly,High-cloud Net CRE contribution (W m$^{-2}$),0.191935732000000,-6.831450297600000,0.000000000000000,-9.169600850300000,-4.785962245300000,True,
2016-07-01,CP,-1,HCCF_comparator,HCCF_anom,NetPath_high_total_anom,-0.001297730392986,0.544818161419371,(b),Central Pacific,HCCF → High-cloud pathway,HCCF anomaly,High-cloud Net CRE contribution (W m$^{-2}$),0.191935732000000,-6.831450297600000,0.000000000000000,-9.169600850300000,-4.785962245300000,True,
2016-08-01,CP,-1,HCCF_comparator,HCCF_anom,NetPath_high_total_anom,-0.014784971007981,0.274918859156635,(b),Central Pacific,HCCF → High-cloud pathway,HCCF anomaly,High-cloud Net CRE contribution (W m$^{-2}$),0.191935732000000,-6.831450297600000,0.000000000000000,-9.169600850300000,-4.785962245300000,True,
2016-09-01,CP,-1,HCCF_comparator,HCCF_anom,NetPath_high_total_anom,-0.019577772799154,0.345568337329945,(b),Central Pacific,HCCF → High-cloud pathway,HCCF anomaly,High-cloud Net CRE contribution (W m$^{-2}$),0.191935732000000,-6.831450297600000,0.000000000000000,-9.169600850300000,-4.785962245300000,True,
2016-10-01,CP,-1,HCCF_comparator,HCCF_anom,NetPath_high_total_anom,-0.025754924143231,0.706815123525054,(b),Central Pacific,HCCF → High-cloud pathway,HCCF anomaly,High-cloud Net CRE contribution (W m$^{-2}$),0.191935732000000,-6.831450297600000,0.000000000000000,-9.169600850300000,-4.785962245300000,True,
2016-11-01,CP,-1,HCCF_comparator,HCCF_anom,NetPath_high_total_anom,-0.039731701232379,-0.360004132138416,(b),Central Pacific,HCCF → High-cloud pathway,HCCF anomaly,High-cloud Net CRE contribution (W m$^{-2}$),0.191935732000000,-6.831450297600000,0.000000000000000,-9.169600850300000,-4.785962245300000,True,
2016-12-01,CP,-1,HCCF_comparator,HCCF_anom,NetPath_high_total_anom,-0.011182344644311,0.737598012370582,(b),Central Pacific,HCCF → High-cloud pathway,HCCF anomaly,High-cloud Net CRE contribution (W m$^{-2}$),0.191935732000000,-6.831450297600000,0.000000000000000,-9.169600850300000,-4.785962245300000,True,
2017-01-01,CP,0,HCCF_comparator,HCCF_anom,NetPath_high_total_anom,-0.082140286166361,1.082140273606232,(b),Central Pacific,HCCF → High-cloud pathway,HCCF anomaly,High-cloud Net CRE contribution (W m$^{-2}$),0.191935732000000,-6.831450297600000,0.000000000000000,-9.169600850300000,-4.785962245300000,True,
2017-02-01,CP,0,HCCF_comparator,HCCF_anom,NetPath_high_total_anom,-0.065821364922189,2.070292397134671,(b),Central Pacific,HCCF → High-cloud pathway,HCCF anomaly,High-cloud Net CRE contribution (W m$^{-2}$),0.191935732000000,-6.831450297600000,0.000000000000000,-9.169600850300000,-4.785962245300000,True,
2017-03-01,CP,0,HCCF_comparator,HCCF_anom,NetPath_high_total_anom,-0.068286733767430,2.313281688121934,(b),Central Pacific,HCCF → High-cloud pathway,HCCF anomaly,High-cloud Net CRE contribution (W m$^{-2}$),0.191935732000000,-6.831450297600000,0.000000000000000,-9.169600850300000,-4.785962245300000,True,
2017-04-01,CP,0,HCCF_comparator,HCCF_anom,NetPath_high_total_anom,-0.015468258484265,0.994157776085049,(b),Central Pacific,HCCF → High-cloud pathway,HCCF anomaly,High-cloud Net CRE contribution (W m$^{-2}$),0.191935732000000,-6.831450297600000,0.000000000000000,-9.169600850300000,-4.785962245300000,True,
2017-05-01,CP,0,HCCF_comparator,HCCF_anom,NetPath_high_total_anom,-0.011246878227337,0.448713197490480,(b),Central Pacific,HCCF → High-cloud pathway,HCCF anomaly,High-cloud Net CRE contribution (W m$^{-2}$),0.191935732000000,-6.831450297600000,0.000000000000000,-9.169600850300000,-4.785962245300000,True,
2017-06-01,CP,0,HCCF_comparator,HCCF_anom,NetPath_high_total_anom,-0.005729146092214,0.289923727230974,(b),Central Pacific,HCCF → High-cloud pathway,HCCF anomaly,High-cloud Net CRE contribution (W m$^{-2}$),0.191935732000000,-6.831450297600000,0.000000000000000,-9.169600850300000,-4.785962245300000,True,
2017-07-01,CP,0,HCCF_comparator,HCCF_anom,NetPath_high_total_anom,0.003586259122981,1.164472278904369,(b),Central Pacific,HCCF → High-cloud pathway,HCCF anomaly,High-cloud Net CRE contribution (W m$^{-2}$),0.191935732000000,-6.831450297600000,0.000000000000000,-9.169600850300000,-4.785962245300000,True,
2017-08-01,CP,0,HCCF_comparator,HCCF_anom,NetPath_high_total_anom,0.005557659976540,1.032955801892427,(b),Central Pacific,HCCF → High-cloud pathway,HCCF anomaly,High-cloud Net CRE contribution (W m$^{-2}$),0.191935732000000,-6.831450297600000,0.000000000000000,-9.169600850300000,-4.785962245300000,True,
2017-09-01,CP,0,HCCF_comparator,HCCF_anom,NetPath_high_total_anom,-0.041533231653753,0.431339540883771,(b),Central Pacific,HCCF → High-cloud pathway,HCCF anomaly,High-cloud Net CRE contribution (W m$^{-2}$),0.191935732000000,-6.831450297600000,0.000000000000000,-9.169600850300000,-4.785962245300000,True,
2017-10-01,CP,-1,HCCF_comparator,HCCF_anom,NetPath_high_total_anom,-0.020899890924546,-0.984283841249557,(b),Central Pacific,HCCF → High-cloud pathway,HCCF anomaly,High-cloud Net CRE contribution (W m$^{-2}$),0.191935732000000,-6.831450297600000,0.000000000000000,-9.169600850300000,-4.785962245300000,True,
2017-11-01,CP,-1,HCCF_comparator,HCCF_anom,NetPath_high_total_anom,-0.057697754227288,-0.663685946709070,(b),Central Pacific,HCCF → High-cloud pathway,HCCF anomaly,High-cloud Net CRE contribution (W m$^{-2}$),0.191935732000000,-6.831450297600000,0.000000000000000,-9.169600850300000,-4.785962245300000,True,
2017-12-01,CP,-1,HCCF_comparator,HCCF_anom,NetPath_high_total_anom,-0.029644086526382,0.766185027009370,(b),Central Pacific,HCCF → High-cloud pathway,HCCF anomaly,High-cloud Net CRE contribution (W m$^{-2}$),0.191935732000000,-6.831450297600000,0.000000000000000,-9.169600850300000,-4.785962245300000,True,
2018-01-01,CP,-1,HCCF_comparator,HCCF_anom,NetPath_high_total_anom,-0.112148135304289,0.869094372571895,(b),Central Pacific,HCCF → High-cloud pathway,HCCF anomaly,High-cloud Net CRE contribution (W m$^{-2}$),0.191935732000000,-6.831450297600000,0.000000000000000,-9.169600850300000,-4.785962245300000,True,
2018-02-01,CP,-1,HCCF_comparator,HCCF_anom,NetPath_high_total_anom,0.042902610735499,0.503595761293792,(b),Central Pacific,HCCF → High-cloud pathway,HCCF anomaly,High-cloud Net CRE contribution (W m$^{-2}$),0.191935732000000,-6.831450297600000,0.000000000000000,-9.169600850300000,-4.785962245300000,True,
2018-03-01,CP,-1,HCCF_comparator,HCCF_anom,NetPath_high_total_anom,0.009077973143686,-1.331911344141277,(b),Central Pacific,HCCF → High-cloud pathway,HCCF anomaly,High-cloud Net CRE contribution (W m$^{-2}$),0.191935732000000,-6.831450297600000,0.000000000000000,-9.169600850300000,-4.785962245300000,True,
2018-04-01,CP,-1,HCCF_comparator,HCCF_anom,NetPath_high_total_anom,-0.010516006695728,-0.703097492149178,(b),Central Pacific,HCCF → High-cloud pathway,HCCF anomaly,High-cloud Net CRE contribution (W m$^{-2}$),0.191935732000000,-6.831450297600000,0.000000000000000,-9.169600850300000,-4.785962245300000,True,
2018-05-01,CP,0,HCCF_comparator,HCCF_anom,NetPath_high_total_anom,-0.023788530419950,-1.579000134591724,(b),Central Pacific,HCCF → High-cloud pathway,HCCF anomaly,High-cloud Net CRE contribution (W m$^{-2}$),0.191935732000000,-6.831450297600000,0.000000000000000,-9.169600850300000,-4.785962245300000,True,
2018-06-01,CP,0,HCCF_comparator,HCCF_anom,NetPath_high_total_anom,-0.043443862481162,-1.751147331736127,(b),Central Pacific,HCCF → High-cloud pathway,HCCF anomaly,High-cloud Net CRE contribution (W m$^{-2}$),0.191935732000000,-6.831450297600000,0.000000000000000,-9.169600850300000,-4.785962245300000,True,
2018-07-01,CP,0,HCCF_comparator,HCCF_anom,NetPath_high_total_anom,0.004861281368355,-0.930830008322861,(b),Central Pacific,HCCF → High-cloud pathway,HCCF anomaly,High-cloud Net CRE contribution (W m$^{-2}$),0.191935732000000,-6.831450297600000,0.000000000000000,-9.169600850300000,-4.785962245300000,True,
2018-08-01,CP,0,HCCF_comparator,HCCF_anom,NetPath_high_total_anom,-0.001730127153813,0.083967816811175,(b),Central Pacific,HCCF → High-cloud pathway,HCCF anomaly,High-cloud Net CRE contribution (W m$^{-2}$),0.191935732000000,-6.831450297600000,0.000000000000000,-9.169600850300000,-4.785962245300000,True,
2018-09-01,CP,1,HCCF_comparator,HCCF_anom,NetPath_high_total_anom,0.049086983194441,0.021560362263359,(b),Central Pacific,HCCF → High-cloud pathway,HCCF anomaly,High-cloud Net CRE contribution (W m$^{-2}$),0.191935732000000,-6.831450297600000,0.000000000000000,-9.169600850300000,-4.785962245300000,True,
2018-10-01,CP,1,HCCF_comparator,HCCF_anom,NetPath_high_total_anom,0.011320362718633,1.471873099122828,(b),Central Pacific,HCCF → High-cloud pathway,HCCF anomaly,High-cloud Net CRE contribution (W m$^{-2}$),0.191935732000000,-6.831450297600000,0.000000000000000,-9.169600850300000,-4.785962245300000,True,
2018-11-01,CP,1,HCCF_comparator,HCCF_anom,NetPath_high_total_anom,0.054911422227434,0.222785597747165,(b),Central Pacific,HCCF → High-cloud pathway,HCCF anomaly,High-cloud Net CRE contribution (W m$^{-2}$),0.191935732000000,-6.831450297600000,0.000000000000000,-9.169600850300000,-4.785962245300000,True,
2018-12-01,CP,1,HCCF_comparator,HCCF_anom,NetPath_high_total_anom,0.063811216470145,-1.212797443604220,(b),Central Pacific,HCCF → High-cloud pathway,HCCF anomaly,High-cloud Net CRE contribution (W m$^{-2}$),0.191935732000000,-6.831450297600000,0.000000000000000,-9.169600850300000,-4.785962245300000,True,
2019-01-01,CP,1,HCCF_comparator,HCCF_anom,NetPath_high_total_anom,0.072131850142305,1.350513971319609,(b),Central Pacific,HCCF → High-cloud pathway,HCCF anomaly,High-cloud Net CRE contribution (W m$^{-2}$),0.191935732000000,-6.831450297600000,0.000000000000000,-9.169600850300000,-4.785962245300000,True,
2019-02-01,CP,1,HCCF_comparator,HCCF_anom,NetPath_high_total_anom,0.120203431333916,-1.871345890998261,(b),Central Pacific,HCCF → High-cloud pathway,HCCF anomaly,High-cloud Net CRE contribution (W m$^{-2}$),0.191935732000000,-6.831450297600000,0.000000000000000,-9.169600850300000,-4.785962245300000,True,
2019-03-01,CP,1,HCCF_comparator,HCCF_anom,NetPath_high_total_anom,0.046764951104610,-2.401414436332040,(b),Central Pacific,HCCF → High-cloud pathway,HCCF anomaly,High-cloud Net CRE contribution (W m$^{-2}$),0.191935732000000,-6.831450297600000,0.000000000000000,-9.169600850300000,-4.785962245300000,True,
2019-04-01,CP,1,HCCF_comparator,HCCF_anom,NetPath_high_total_anom,0.031833691331767,1.288188643441844,(b),Central Pacific,HCCF → High-cloud pathway,HCCF anomaly,High-cloud Net CRE contribution (W m$^{-2}$),0.191935732000000,-6.831450297600000,0.000000000000000,-9.169600850300000,-4.785962245300000,True,
2019-05-01,CP,1,HCCF_comparator,HCCF_anom,NetPath_high_total_anom,0.076458597696458,-0.906658401728033,(b),Central Pacific,HCCF → High-cloud pathway,HCCF anomaly,High-cloud Net CRE contribution (W m$^{-2}$),0.191935732000000,-6.831450297600000,0.000000000000000,-9.169600850300000,-4.785962245300000,True,
2019-06-01,CP,1,HCCF_comparator,HCCF_anom,NetPath_high_total_anom,0.029892792013143,-0.127111572769547,(b),Central Pacific,HCCF → High-cloud pathway,HCCF anomaly,High-cloud Net CRE contribution (W m$^{-2}$),0.191935732000000,-6.831450297600000,0.000000000000000,-9.169600850300000,-4.785962245300000,True,
2019-07-01,CP,0,HCCF_comparator,HCCF_anom,NetPath_high_total_anom,0.055996850159955,0.852622140539028,(b),Central Pacific,HCCF → High-cloud pathway,HCCF anomaly,High-cloud Net CRE contribution (W m$^{-2}$),0.191935732000000,-6.831450297600000,0.000000000000000,-9.169600850300000,-4.785962245300000,True,
2019-08-01,CP,0,HCCF_comparator,HCCF_anom,NetPath_high_total_anom,0.049943906287496,-0.694159322953537,(b),Central Pacific,HCCF → High-cloud pathway,HCCF anomaly,High-cloud Net CRE contribution (W m$^{-2}$),0.191935732000000,-6.831450297600000,0.000000000000000,-9.169600850300000,-4.785962245300000,True,
2019-09-01,CP,0,HCCF_comparator,HCCF_anom,NetPath_high_total_anom,0.014287990141733,-0.710529459859636,(b),Central Pacific,HCCF → High-cloud pathway,HCCF anomaly,High-cloud Net CRE contribution (W m$^{-2}$),0.191935732000000,-6.831450297600000,0.000000000000000,-9.169600850300000,-4.785962245300000,True,
2019-10-01,CP,1,HCCF_comparator,HCCF_anom,NetPath_high_total_anom,0.011399201387737,1.064658064851975,(b),Central Pacific,HCCF → High-cloud pathway,HCCF anomaly,High-cloud Net CRE contribution (W m$^{-2}$),0.191935732000000,-6.831450297600000,0.000000000000000,-9.169600850300000,-4.785962245300000,True,
2019-11-01,CP,1,HCCF_comparator,HCCF_anom,NetPath_high_total_anom,0.031083739548788,-0.687275700639685,(b),Central Pacific,HCCF → High-cloud pathway,HCCF anomaly,High-cloud Net CRE contribution (W m$^{-2}$),0.191935732000000,-6.831450297600000,0.000000000000000,-9.169600850300000,-4.785962245300000,True,
2019-12-01,CP,1,HCCF_comparator,HCCF_anom,NetPath_high_total_anom,0.059396573084667,-0.154327169923075,(b),Central Pacific,HCCF → High-cloud pathway,HCCF anomaly,High-cloud Net CRE contribution (W m$^{-2}$),0.191935732000000,-6.831450297600000,0.000000000000000,-9.169600850300000,-4.785962245300000,True,
2020-01-01,CP,1,HCCF_comparator,HCCF_anom,NetPath_high_total_anom,0.083297497704423,-1.248659329750052,(b),Central Pacific,HCCF → High-cloud pathway,HCCF anomaly,High-cloud Net CRE contribution (W m$^{-2}$),0.191935732000000,-6.831450297600000,0.000000000000000,-9.169600850300000,-4.785962245300000,True,
2020-02-01,CP,0,HCCF_comparator,HCCF_anom,NetPath_high_total_anom,0.091979291446100,-2.725280600687589,(b),Central Pacific,HCCF → High-cloud pathway,HCCF anomaly,High-cloud Net CRE contribution (W m$^{-2}$),0.191935732000000,-6.831450297600000,0.000000000000000,-9.169600850300000,-4.785962245300000,True,
2020-03-01,CP,1,HCCF_comparator,HCCF_anom,NetPath_high_total_anom,-0.003220932504787,0.064597490119640,(b),Central Pacific,HCCF → High-cloud pathway,HCCF anomaly,High-cloud Net CRE contribution (W m$^{-2}$),0.191935732000000,-6.831450297600000,0.000000000000000,-9.169600850300000,-4.785962245300000,True,
2020-04-01,CP,0,HCCF_comparator,HCCF_anom,NetPath_high_total_anom,-0.009641920934344,0.166702653173142,(b),Central Pacific,HCCF → High-cloud pathway,HCCF anomaly,High-cloud Net CRE contribution (W m$^{-2}$),0.191935732000000,-6.831450297600000,0.000000000000000,-9.169600850300000,-4.785962245300000,True,
2020-05-01,CP,0,HCCF_comparator,HCCF_anom,NetPath_high_total_anom,-0.037271444056718,-0.089309214606331,(b),Central Pacific,HCCF → High-cloud pathway,HCCF anomaly,High-cloud Net CRE contribution (W m$^{-2}$),0.191935732000000,-6.831450297600000,0.000000000000000,-9.169600850300000,-4.785962245300000,True,
2020-06-01,CP,0,HCCF_comparator,HCCF_anom,NetPath_high_total_anom,-0.016599705182769,0.578782063622782,(b),Central Pacific,HCCF → High-cloud pathway,HCCF anomaly,High-cloud Net CRE contribution (W m$^{-2}$),0.191935732000000,-6.831450297600000,0.000000000000000,-9.169600850300000,-4.785962245300000,True,
2020-07-01,CP,0,HCCF_comparator,HCCF_anom,NetPath_high_total_anom,-0.000974092394425,0.947741494545912,(b),Central Pacific,HCCF → High-cloud pathway,HCCF anomaly,High-cloud Net CRE contribution (W m$^{-2}$),0.191935732000000,-6.831450297600000,0.000000000000000,-9.169600850300000,-4.785962245300000,True,
2020-08-01,CP,-1,HCCF_comparator,HCCF_anom,NetPath_high_total_anom,-0.038010030062878,0.113121848588641,(b),Central Pacific,HCCF → High-cloud pathway,HCCF anomaly,High-cloud Net CRE contribution (W m$^{-2}$),0.191935732000000,-6.831450297600000,0.000000000000000,-9.169600850300000,-4.785962245300000,True,
2020-09-01,CP,-1,HCCF_comparator,HCCF_anom,NetPath_high_total_anom,-0.023947541106048,0.177139054881399,(b),Central Pacific,HCCF → High-cloud pathway,HCCF anomaly,High-cloud Net CRE contribution (W m$^{-2}$),0.191935732000000,-6.831450297600000,0.000000000000000,-9.169600850300000,-4.785962245300000,True,
2020-10-01,CP,-1,HCCF_comparator,HCCF_anom,NetPath_high_total_anom,-0.052822333969426,-0.215446673169266,(b),Central Pacific,HCCF → High-cloud pathway,HCCF anomaly,High-cloud Net CRE contribution (W m$^{-2}$),0.191935732000000,-6.831450297600000,0.000000000000000,-9.169600850300000,-4.785962245300000,True,
2020-11-01,CP,-1,HCCF_comparator,HCCF_anom,NetPath_high_total_anom,-0.065309475937485,0.413526135597867,(b),Central Pacific,HCCF → High-cloud pathway,HCCF anomaly,High-cloud Net CRE contribution (W m$^{-2}$),0.191935732000000,-6.831450297600000,0.000000000000000,-9.169600850300000,-4.785962245300000,True,
2020-12-01,CP,-1,HCCF_comparator,HCCF_anom,NetPath_high_total_anom,-0.109734882324411,-0.548300922988456,(b),Central Pacific,HCCF → High-cloud pathway,HCCF anomaly,High-cloud Net CRE contribution (W m$^{-2}$),0.191935732000000,-6.831450297600000,0.000000000000000,-9.169600850300000,-4.785962245300000,True,
2021-01-01,CP,-1,HCCF_comparator,HCCF_anom,NetPath_high_total_anom,-0.175590408935648,0.441333599388160,(b),Central Pacific,HCCF → High-cloud pathway,HCCF anomaly,High-cloud Net CRE contribution (W m$^{-2}$),0.191935732000000,-6.831450297600000,0.000000000000000,-9.169600850300000,-4.785962245300000,True,
2021-02-01,CP,-1,HCCF_comparator,HCCF_anom,NetPath_high_total_anom,-0.063506343904288,0.133430540667042,(b),Central Pacific,HCCF → High-cloud pathway,HCCF anomaly,High-cloud Net CRE contribution (W m$^{-2}$),0.191935732000000,-6.831450297600000,0.000000000000000,-9.169600850300000,-4.785962245300000,True,
2021-03-01,CP,-1,HCCF_comparator,HCCF_anom,NetPath_high_total_anom,-0.060251557883654,-0.609043287005990,(b),Central Pacific,HCCF → High-cloud pathway,HCCF anomaly,High-cloud Net CRE contribution (W m$^{-2}$),0.191935732000000,-6.831450297600000,0.000000000000000,-9.169600850300000,-4.785962245300000,True,
2021-04-01,CP,-1,HCCF_comparator,HCCF_anom,NetPath_high_total_anom,0.009642148728729,-1.731510904552289,(b),Central Pacific,HCCF → High-cloud pathway,HCCF anomaly,High-cloud Net CRE contribution (W m$^{-2}$),0.191935732000000,-6.831450297600000,0.000000000000000,-9.169600850300000,-4.785962245300000,True,
2021-05-01,CP,-1,HCCF_comparator,HCCF_anom,NetPath_high_total_anom,0.001099351832823,-0.634874440291932,(b),Central Pacific,HCCF → High-cloud pathway,HCCF anomaly,High-cloud Net CRE contribution (W m$^{-2}$),0.191935732000000,-6.831450297600000,0.000000000000000,-9.169600850300000,-4.785962245300000,True,
2021-06-01,CP,0,HCCF_comparator,HCCF_anom,NetPath_high_total_anom,-0.053455396400717,0.040389788843135,(b),Central Pacific,HCCF → High-cloud pathway,HCCF anomaly,High-cloud Net CRE contribution (W m$^{-2}$),0.191935732000000,-6.831450297600000,0.000000000000000,-9.169600850300000,-4.785962245300000,True,
2021-07-01,CP,0,HCCF_comparator,HCCF_anom,NetPath_high_total_anom,-0.026138844376265,-0.055274575065877,(b),Central Pacific,HCCF → High-cloud pathway,HCCF anomaly,High-cloud Net CRE contribution (W m$^{-2}$),0.191935732000000,-6.831450297600000,0.000000000000000,-9.169600850300000,-4.785962245300000,True,
2021-08-01,CP,-1,HCCF_comparator,HCCF_anom,NetPath_high_total_anom,-0.054364235628665,0.257582020172628,(b),Central Pacific,HCCF → High-cloud pathway,HCCF anomaly,High-cloud Net CRE contribution (W m$^{-2}$),0.191935732000000,-6.831450297600000,0.000000000000000,-9.169600850300000,-4.785962245300000,True,
2021-09-01,CP,-1,HCCF_comparator,HCCF_anom,NetPath_high_total_anom,-0.055177524209671,-0.162858756584709,(b),Central Pacific,HCCF → High-cloud pathway,HCCF anomaly,High-cloud Net CRE contribution (W m$^{-2}$),0.191935732000000,-6.831450297600000,0.000000000000000,-9.169600850300000,-4.785962245300000,True,
2021-10-01,CP,-1,HCCF_comparator,HCCF_anom,NetPath_high_total_anom,-0.056338566185654,-0.073587159992394,(b),Central Pacific,HCCF → High-cloud pathway,HCCF anomaly,High-cloud Net CRE contribution (W m$^{-2}$),0.191935732000000,-6.831450297600000,0.000000000000000,-9.169600850300000,-4.785962245300000,True,
2021-11-01,CP,-1,HCCF_comparator,HCCF_anom,NetPath_high_total_anom,-0.067360580189697,-0.041177594603056,(b),Central Pacific,HCCF → High-cloud pathway,HCCF anomaly,High-cloud Net CRE contribution (W m$^{-2}$),0.191935732000000,-6.831450297600000,0.000000000000000,-9.169600850300000,-4.785962245300000,True,
2021-12-01,CP,-1,HCCF_comparator,HCCF_anom,NetPath_high_total_anom,-0.033897332563612,-1.305739111125948,(b),Central Pacific,HCCF → High-cloud pathway,HCCF anomaly,High-cloud Net CRE contribution (W m$^{-2}$),0.191935732000000,-6.831450297600000,0.000000000000000,-9.169600850300000,-4.785962245300000,True,
2022-01-01,CP,-1,HCCF_comparator,HCCF_anom,NetPath_high_total_anom,-0.056279815103159,-0.592704686147218,(b),Central Pacific,HCCF → High-cloud pathway,HCCF anomaly,High-cloud Net CRE contribution (W m$^{-2}$),0.191935732000000,-6.831450297600000,0.000000000000000,-9.169600850300000,-4.785962245300000,True,
2022-02-01,CP,-1,HCCF_comparator,HCCF_anom,NetPath_high_total_anom,-0.119943194507184,0.355354054440062,(b),Central Pacific,HCCF → High-cloud pathway,HCCF anomaly,High-cloud Net CRE contribution (W m$^{-2}$),0.191935732000000,-6.831450297600000,0.000000000000000,-9.169600850300000,-4.785962245300000,True,
2022-03-01,CP,-1,HCCF_comparator,HCCF_anom,NetPath_high_total_anom,-0.097798305037390,2.329379768482422,(b),Central Pacific,HCCF → High-cloud pathway,HCCF anomaly,High-cloud Net CRE contribution (W m$^{-2}$),0.191935732000000,-6.831450297600000,0.000000000000000,-9.169600850300000,-4.785962245300000,True,
2022-04-01,CP,-1,HCCF_comparator,HCCF_anom,NetPath_high_total_anom,-0.078864720228567,0.356952618057869,(b),Central Pacific,HCCF → High-cloud pathway,HCCF anomaly,High-cloud Net CRE contribution (W m$^{-2}$),0.191935732000000,-6.831450297600000,0.000000000000000,-9.169600850300000,-4.785962245300000,True,
2022-05-01,CP,-1,HCCF_comparator,HCCF_anom,NetPath_high_total_anom,-0.042061757136927,-0.228324568407314,(b),Central Pacific,HCCF → High-cloud pathway,HCCF anomaly,High-cloud Net CRE contribution (W m$^{-2}$),0.191935732000000,-6.831450297600000,0.000000000000000,-9.169600850300000,-4.785962245300000,True,
2022-06-01,CP,-1,HCCF_comparator,HCCF_anom,NetPath_high_total_anom,-0.060135285253564,-0.991563490244183,(b),Central Pacific,HCCF → High-cloud pathway,HCCF anomaly,High-cloud Net CRE contribution (W m$^{-2}$),0.191935732000000,-6.831450297600000,0.000000000000000,-9.169600850300000,-4.785962245300000,True,
2022-07-01,CP,-1,HCCF_comparator,HCCF_anom,NetPath_high_total_anom,-0.059716324701763,-1.054875897448374,(b),Central Pacific,HCCF → High-cloud pathway,HCCF anomaly,High-cloud Net CRE contribution (W m$^{-2}$),0.191935732000000,-6.831450297600000,0.000000000000000,-9.169600850300000,-4.785962245300000,True,
2022-08-01,CP,-1,HCCF_comparator,HCCF_anom,NetPath_high_total_anom,-0.090974164751038,0.049130235117226,(b),Central Pacific,HCCF → High-cloud pathway,HCCF anomaly,High-cloud Net CRE contribution (W m$^{-2}$),0.191935732000000,-6.831450297600000,0.000000000000000,-9.169600850300000,-4.785962245300000,True,
2022-09-01,CP,-1,HCCF_comparator,HCCF_anom,NetPath_high_total_anom,-0.093665600928412,0.281974415270290,(b),Central Pacific,HCCF → High-cloud pathway,HCCF anomaly,High-cloud Net CRE contribution (W m$^{-2}$),0.191935732000000,-6.831450297600000,0.000000000000000,-9.169600850300000,-4.785962245300000,True,
2022-10-01,CP,-1,HCCF_comparator,HCCF_anom,NetPath_high_total_anom,-0.075512250902353,0.965084747980917,(b),Central Pacific,HCCF → High-cloud pathway,HCCF anomaly,High-cloud Net CRE contribution (W m$^{-2}$),0.191935732000000,-6.831450297600000,0.000000000000000,-9.169600850300000,-4.785962245300000,True,
2022-11-01,CP,-1,HCCF_comparator,HCCF_anom,NetPath_high_total_anom,-0.102915602791244,0.174728539449227,(b),Central Pacific,HCCF → High-cloud pathway,HCCF anomaly,High-cloud Net CRE contribution (W m$^{-2}$),0.191935732000000,-6.831450297600000,0.000000000000000,-9.169600850300000,-4.785962245300000,True,
2022-12-01,CP,-1,HCCF_comparator,HCCF_anom,NetPath_high_total_anom,-0.107685594490912,0.822235594727241,(b),Central Pacific,HCCF → High-cloud pathway,HCCF anomaly,High-cloud Net CRE contribution (W m$^{-2}$),0.191935732000000,-6.831450297600000,0.000000000000000,-9.169600850300000,-4.785962245300000,True,
2023-01-01,CP,-1,HCCF_comparator,HCCF_anom,NetPath_high_total_anom,-0.139195661654803,0.074064677440479,(b),Central Pacific,HCCF → High-cloud pathway,HCCF anomaly,High-cloud Net CRE contribution (W m$^{-2}$),0.191935732000000,-6.831450297600000,0.000000000000000,-9.169600850300000,-4.785962245300000,True,
2023-02-01,CP,-1,HCCF_comparator,HCCF_anom,NetPath_high_total_anom,-0.090270457380504,0.667626154650521,(b),Central Pacific,HCCF → High-cloud pathway,HCCF anomaly,High-cloud Net CRE contribution (W m$^{-2}$),0.191935732000000,-6.831450297600000,0.000000000000000,-9.169600850300000,-4.785962245300000,True,
2002-07-01,EP,1,HCCF_comparator,HCCF_anom,NetPath_high_total_anom,0.004821976227238,-0.584713190747026,(c),Eastern Pacific,HCCF → High-cloud pathway,HCCF anomaly,High-cloud Net CRE contribution (W m$^{-2}$),0.251763176100000,-9.108314886800001,0.000000000000000,-12.447019824200000,-7.051991682200000,True,
2002-08-01,EP,1,HCCF_comparator,HCCF_anom,NetPath_high_total_anom,0.000694681698191,0.527106196784601,(c),Eastern Pacific,HCCF → High-cloud pathway,HCCF anomaly,High-cloud Net CRE contribution (W m$^{-2}$),0.251763176100000,-9.108314886800001,0.000000000000000,-12.447019824200000,-7.051991682200000,True,
2002-09-01,EP,1,HCCF_comparator,HCCF_anom,NetPath_high_total_anom,0.011188152464792,0.287504238456050,(c),Eastern Pacific,HCCF → High-cloud pathway,HCCF anomaly,High-cloud Net CRE contribution (W m$^{-2}$),0.251763176100000,-9.108314886800001,0.000000000000000,-12.447019824200000,-7.051991682200000,True,
2002-10-01,EP,1,HCCF_comparator,HCCF_anom,NetPath_high_total_anom,0.027830189030300,-0.164441534318112,(c),Eastern Pacific,HCCF → High-cloud pathway,HCCF anomaly,High-cloud Net CRE contribution (W m$^{-2}$),0.251763176100000,-9.108314886800001,0.000000000000000,-12.447019824200000,-7.051991682200000,True,
2002-11-01,EP,1,HCCF_comparator,HCCF_anom,NetPath_high_total_anom,0.031036358467064,-0.070298907525723,(c),Eastern Pacific,HCCF → High-cloud pathway,HCCF anomaly,High-cloud Net CRE contribution (W m$^{-2}$),0.251763176100000,-9.108314886800001,0.000000000000000,-12.447019824200000,-7.051991682200000,True,
2002-12-01,EP,1,HCCF_comparator,HCCF_anom,NetPath_high_total_anom,0.027017426756508,-0.943879032304713,(c),Eastern Pacific,HCCF → High-cloud pathway,HCCF anomaly,High-cloud Net CRE contribution (W m$^{-2}$),0.251763176100000,-9.108314886800001,0.000000000000000,-12.447019824200000,-7.051991682200000,True,
2003-01-01,EP,1,HCCF_comparator,HCCF_anom,NetPath_high_total_anom,0.008585263268530,0.146465089464157,(c),Eastern Pacific,HCCF → High-cloud pathway,HCCF anomaly,High-cloud Net CRE contribution (W m$^{-2}$),0.251763176100000,-9.108314886800001,0.000000000000000,-12.447019824200000,-7.051991682200000,True,
2003-02-01,EP,1,HCCF_comparator,HCCF_anom,NetPath_high_total_anom,-0.016289603267245,0.330912779961125,(c),Eastern Pacific,HCCF → High-cloud pathway,HCCF anomaly,High-cloud Net CRE contribution (W m$^{-2}$),0.251763176100000,-9.108314886800001,0.000000000000000,-12.447019824200000,-7.051991682200000,True,
2003-03-01,EP,0,HCCF_comparator,HCCF_anom,NetPath_high_total_anom,-0.024131468341305,-0.159922251351684,(c),Eastern Pacific,HCCF → High-cloud pathway,HCCF anomaly,High-cloud Net CRE contribution (W m$^{-2}$),0.251763176100000,-9.108314886800001,0.000000000000000,-12.447019824200000,-7.051991682200000,True,
2003-04-01,EP,0,HCCF_comparator,HCCF_anom,NetPath_high_total_anom,-0.023583315816413,-0.050475406929272,(c),Eastern Pacific,HCCF → High-cloud pathway,HCCF anomaly,High-cloud Net CRE contribution (W m$^{-2}$),0.251763176100000,-9.108314886800001,0.000000000000000,-12.447019824200000,-7.051991682200000,True,
2003-05-01,EP,-1,HCCF_comparator,HCCF_anom,NetPath_high_total_anom,-0.027776051145110,-0.055383587838902,(c),Eastern Pacific,HCCF → High-cloud pathway,HCCF anomaly,High-cloud Net CRE contribution (W m$^{-2}$),0.251763176100000,-9.108314886800001,0.000000000000000,-12.447019824200000,-7.051991682200000,True,
2003-06-01,EP,0,HCCF_comparator,HCCF_anom,NetPath_high_total_anom,-0.012115195314899,0.195248698411715,(c),Eastern Pacific,HCCF → High-cloud pathway,HCCF anomaly,High-cloud Net CRE contribution (W m$^{-2}$),0.251763176100000,-9.108314886800001,0.000000000000000,-12.447019824200000,-7.051991682200000,True,
2003-07-01,EP,0,HCCF_comparator,HCCF_anom,NetPath_high_total_anom,-0.018404574945644,0.176979539468443,(c),Eastern Pacific,HCCF → High-cloud pathway,HCCF anomaly,High-cloud Net CRE contribution (W m$^{-2}$),0.251763176100000,-9.108314886800001,0.000000000000000,-12.447019824200000,-7.051991682200000,True,
2003-08-01,EP,0,HCCF_comparator,HCCF_anom,NetPath_high_total_anom,-0.014760743290566,0.299664837400131,(c),Eastern Pacific,HCCF → High-cloud pathway,HCCF anomaly,High-cloud Net CRE contribution (W m$^{-2}$),0.251763176100000,-9.108314886800001,0.000000000000000,-12.447019824200000,-7.051991682200000,True,
2003-09-01,EP,0,HCCF_comparator,HCCF_anom,NetPath_high_total_anom,0.004066905090512,0.700473483770031,(c),Eastern Pacific,HCCF → High-cloud pathway,HCCF anomaly,High-cloud Net CRE contribution (W m$^{-2}$),0.251763176100000,-9.108314886800001,0.000000000000000,-12.447019824200000,-7.051991682200000,True,
2003-10-01,EP,0,HCCF_comparator,HCCF_anom,NetPath_high_total_anom,-0.006384361189388,0.250809079215783,(c),Eastern Pacific,HCCF → High-cloud pathway,HCCF anomaly,High-cloud Net CRE contribution (W m$^{-2}$),0.251763176100000,-9.108314886800001,0.000000000000000,-12.447019824200000,-7.051991682200000,True,
2003-11-01,EP,0,HCCF_comparator,HCCF_anom,NetPath_high_total_anom,0.010380210306234,-0.273974505272073,(c),Eastern Pacific,HCCF → High-cloud pathway,HCCF anomaly,High-cloud Net CRE contribution (W m$^{-2}$),0.251763176100000,-9.108314886800001,0.000000000000000,-12.447019824200000,-7.051991682200000,True,
2003-12-01,EP,0,HCCF_comparator,HCCF_anom,NetPath_high_total_anom,0.000323220056962,0.109578023893315,(c),Eastern Pacific,HCCF → High-cloud pathway,HCCF anomaly,High-cloud Net CRE contribution (W m$^{-2}$),0.251763176100000,-9.108314886800001,0.000000000000000,-12.447019824200000,-7.051991682200000,True,
2004-01-01,EP,0,HCCF_comparator,HCCF_anom,NetPath_high_total_anom,0.006121046737058,0.244503691045959,(c),Eastern Pacific,HCCF → High-cloud pathway,HCCF anomaly,High-cloud Net CRE contribution (W m$^{-2}$),0.251763176100000,-9.108314886800001,0.000000000000000,-12.447019824200000,-7.051991682200000,True,
2004-02-01,EP,0,HCCF_comparator,HCCF_anom,NetPath_high_total_anom,-0.015112367396442,0.361294057687937,(c),Eastern Pacific,HCCF → High-cloud pathway,HCCF anomaly,High-cloud Net CRE contribution (W m$^{-2}$),0.251763176100000,-9.108314886800001,0.000000000000000,-12.447019824200000,-7.051991682200000,True,
2004-03-01,EP,0,HCCF_comparator,HCCF_anom,NetPath_high_total_anom,0.027219670064175,-0.123482110896976,(c),Eastern Pacific,HCCF → High-cloud pathway,HCCF anomaly,High-cloud Net CRE contribution (W m$^{-2}$),0.251763176100000,-9.108314886800001,0.000000000000000,-12.447019824200000,-7.051991682200000,True,
2004-04-01,EP,0,HCCF_comparator,HCCF_anom,NetPath_high_total_anom,-0.000381411941281,0.586234827638629,(c),Eastern Pacific,HCCF → High-cloud pathway,HCCF anomaly,High-cloud Net CRE contribution (W m$^{-2}$),0.251763176100000,-9.108314886800001,0.000000000000000,-12.447019824200000,-7.051991682200000,True,
2004-05-01,EP,0,HCCF_comparator,HCCF_anom,NetPath_high_total_anom,-0.012599955172076,-0.170227168592693,(c),Eastern Pacific,HCCF → High-cloud pathway,HCCF anomaly,High-cloud Net CRE contribution (W m$^{-2}$),0.251763176100000,-9.108314886800001,0.000000000000000,-12.447019824200000,-7.051991682200000,True,
2004-06-01,EP,0,HCCF_comparator,HCCF_anom,NetPath_high_total_anom,-0.012801895986656,0.425754161376659,(c),Eastern Pacific,HCCF → High-cloud pathway,HCCF anomaly,High-cloud Net CRE contribution (W m$^{-2}$),0.251763176100000,-9.108314886800001,0.000000000000000,-12.447019824200000,-7.051991682200000,True,
2004-07-01,EP,1,HCCF_comparator,HCCF_anom,NetPath_high_total_anom,0.008420313584132,0.649661910899517,(c),Eastern Pacific,HCCF → High-cloud pathway,HCCF anomaly,High-cloud Net CRE contribution (W m$^{-2}$),0.251763176100000,-9.108314886800001,0.000000000000000,-12.447019824200000,-7.051991682200000,True,
2004-08-01,EP,1,HCCF_comparator,HCCF_anom,NetPath_high_total_anom,-0.002073928823755,0.390027252116720,(c),Eastern Pacific,HCCF → High-cloud pathway,HCCF anomaly,High-cloud Net CRE contribution (W m$^{-2}$),0.251763176100000,-9.108314886800001,0.000000000000000,-12.447019824200000,-7.051991682200000,True,
2004-09-01,EP,1,HCCF_comparator,HCCF_anom,NetPath_high_total_anom,0.000375242961487,0.533762438652669,(c),Eastern Pacific,HCCF → High-cloud pathway,HCCF anomaly,High-cloud Net CRE contribution (W m$^{-2}$),0.251763176100000,-9.108314886800001,0.000000000000000,-12.447019824200000,-7.051991682200000,True,
2004-10-01,EP,1,HCCF_comparator,HCCF_anom,NetPath_high_total_anom,0.002176237085372,0.264989363493085,(c),Eastern Pacific,HCCF → High-cloud pathway,HCCF anomaly,High-cloud Net CRE contribution (W m$^{-2}$),0.251763176100000,-9.108314886800001,0.000000000000000,-12.447019824200000,-7.051991682200000,True,
2004-11-01,EP,1,HCCF_comparator,HCCF_anom,NetPath_high_total_anom,0.010784321069179,0.092095155981478,(c),Eastern Pacific,HCCF → High-cloud pathway,HCCF anomaly,High-cloud Net CRE contribution (W m$^{-2}$),0.251763176100000,-9.108314886800001,0.000000000000000,-12.447019824200000,-7.051991682200000,True,
2004-12-01,EP,1,HCCF_comparator,HCCF_anom,NetPath_high_total_anom,0.013635652577964,-0.531969007778249,(c),Eastern Pacific,HCCF → High-cloud pathway,HCCF anomaly,High-cloud Net CRE contribution (W m$^{-2}$),0.251763176100000,-9.108314886800001,0.000000000000000,-12.447019824200000,-7.051991682200000,True,
2005-01-01,EP,1,HCCF_comparator,HCCF_anom,NetPath_high_total_anom,-0.024841348044641,0.281347233574368,(c),Eastern Pacific,HCCF → High-cloud pathway,HCCF anomaly,High-cloud Net CRE contribution (W m$^{-2}$),0.251763176100000,-9.108314886800001,0.000000000000000,-12.447019824200000,-7.051991682200000,True,
2005-02-01,EP,0,HCCF_comparator,HCCF_anom,NetPath_high_total_anom,-0.009362990738425,0.309919788799070,(c),Eastern Pacific,HCCF → High-cloud pathway,HCCF anomaly,High-cloud Net CRE contribution (W m$^{-2}$),0.251763176100000,-9.108314886800001,0.000000000000000,-12.447019824200000,-7.051991682200000,True,
2005-03-01,EP,1,HCCF_comparator,HCCF_anom,NetPath_high_total_anom,-0.027116419620017,0.151284145894480,(c),Eastern Pacific,HCCF → High-cloud pathway,HCCF anomaly,High-cloud Net CRE contribution (W m$^{-2}$),0.251763176100000,-9.108314886800001,0.000000000000000,-12.447019824200000,-7.051991682200000,True,
2005-04-01,EP,0,HCCF_comparator,HCCF_anom,NetPath_high_total_anom,-0.012216827293291,-0.296492879007421,(c),Eastern Pacific,HCCF → High-cloud pathway,HCCF anomaly,High-cloud Net CRE contribution (W m$^{-2}$),0.251763176100000,-9.108314886800001,0.000000000000000,-12.447019824200000,-7.051991682200000,True,
2005-05-01,EP,0,HCCF_comparator,HCCF_anom,NetPath_high_total_anom,0.003854905499017,0.958801807826000,(c),Eastern Pacific,HCCF → High-cloud pathway,HCCF anomaly,High-cloud Net CRE contribution (W m$^{-2}$),0.251763176100000,-9.108314886800001,0.000000000000000,-12.447019824200000,-7.051991682200000,True,
2005-06-01,EP,0,HCCF_comparator,HCCF_anom,NetPath_high_total_anom,-0.007140618550455,0.596895077758916,(c),Eastern Pacific,HCCF → High-cloud pathway,HCCF anomaly,High-cloud Net CRE contribution (W m$^{-2}$),0.251763176100000,-9.108314886800001,0.000000000000000,-12.447019824200000,-7.051991682200000,True,
2005-07-01,EP,0,HCCF_comparator,HCCF_anom,NetPath_high_total_anom,-0.013618206329902,0.750868673594469,(c),Eastern Pacific,HCCF → High-cloud pathway,HCCF anomaly,High-cloud Net CRE contribution (W m$^{-2}$),0.251763176100000,-9.108314886800001,0.000000000000000,-12.447019824200000,-7.051991682200000,True,
2005-08-01,EP,0,HCCF_comparator,HCCF_anom,NetPath_high_total_anom,-0.006439888968878,0.313788214825692,(c),Eastern Pacific,HCCF → High-cloud pathway,HCCF anomaly,High-cloud Net CRE contribution (W m$^{-2}$),0.251763176100000,-9.108314886800001,0.000000000000000,-12.447019824200000,-7.051991682200000,True,
2005-09-01,EP,0,HCCF_comparator,HCCF_anom,NetPath_high_total_anom,0.011305618401670,-0.463369912023727,(c),Eastern Pacific,HCCF → High-cloud pathway,HCCF anomaly,High-cloud Net CRE contribution (W m$^{-2}$),0.251763176100000,-9.108314886800001,0.000000000000000,-12.447019824200000,-7.051991682200000,True,
2005-10-01,EP,0,HCCF_comparator,HCCF_anom,NetPath_high_total_anom,-0.021769144565156,0.735396652439887,(c),Eastern Pacific,HCCF → High-cloud pathway,HCCF anomaly,High-cloud Net CRE contribution (W m$^{-2}$),0.251763176100000,-9.108314886800001,0.000000000000000,-12.447019824200000,-7.051991682200000,True,
2005-11-01,EP,-1,HCCF_comparator,HCCF_anom,NetPath_high_total_anom,-0.006841223810007,0.038925286782636,(c),Eastern Pacific,HCCF → High-cloud pathway,HCCF anomaly,High-cloud Net CRE contribution (W m$^{-2}$),0.251763176100000,-9.108314886800001,0.000000000000000,-12.447019824200000,-7.051991682200000,True,
2005-12-01,EP,-1,HCCF_comparator,HCCF_anom,NetPath_high_total_anom,-0.018946095873815,0.162893931899211,(c),Eastern Pacific,HCCF → High-cloud pathway,HCCF anomaly,High-cloud Net CRE contribution (W m$^{-2}$),0.251763176100000,-9.108314886800001,0.000000000000000,-12.447019824200000,-7.051991682200000,True,
2006-01-01,EP,-1,HCCF_comparator,HCCF_anom,NetPath_high_total_anom,0.017484497899491,-0.292937815870899,(c),Eastern Pacific,HCCF → High-cloud pathway,HCCF anomaly,High-cloud Net CRE contribution (W m$^{-2}$),0.251763176100000,-9.108314886800001,0.000000000000000,-12.447019824200000,-7.051991682200000,True,
2006-02-01,EP,-1,HCCF_comparator,HCCF_anom,NetPath_high_total_anom,0.006634957755718,0.430366186869493,(c),Eastern Pacific,HCCF → High-cloud pathway,HCCF anomaly,High-cloud Net CRE contribution (W m$^{-2}$),0.251763176100000,-9.108314886800001,0.000000000000000,-12.447019824200000,-7.051991682200000,True,
2006-03-01,EP,-1,HCCF_comparator,HCCF_anom,NetPath_high_total_anom,0.002020539188592,0.433215233561779,(c),Eastern Pacific,HCCF → High-cloud pathway,HCCF anomaly,High-cloud Net CRE contribution (W m$^{-2}$),0.251763176100000,-9.108314886800001,0.000000000000000,-12.447019824200000,-7.051991682200000,True,
2006-04-01,EP,0,HCCF_comparator,HCCF_anom,NetPath_high_total_anom,-0.004674988382438,0.906060699818052,(c),Eastern Pacific,HCCF → High-cloud pathway,HCCF anomaly,High-cloud Net CRE contribution (W m$^{-2}$),0.251763176100000,-9.108314886800001,0.000000000000000,-12.447019824200000,-7.051991682200000,True,
2006-05-01,EP,0,HCCF_comparator,HCCF_anom,NetPath_high_total_anom,0.005852601049919,0.234337041112811,(c),Eastern Pacific,HCCF → High-cloud pathway,HCCF anomaly,High-cloud Net CRE contribution (W m$^{-2}$),0.251763176100000,-9.108314886800001,0.000000000000000,-12.447019824200000,-7.051991682200000,True,
2006-06-01,EP,0,HCCF_comparator,HCCF_anom,NetPath_high_total_anom,-0.000514765133430,0.124354608246542,(c),Eastern Pacific,HCCF → High-cloud pathway,HCCF anomaly,High-cloud Net CRE contribution (W m$^{-2}$),0.251763176100000,-9.108314886800001,0.000000000000000,-12.447019824200000,-7.051991682200000,True,
2006-07-01,EP,0,HCCF_comparator,HCCF_anom,NetPath_high_total_anom,-0.000251290129552,-0.441819504537251,(c),Eastern Pacific,HCCF → High-cloud pathway,HCCF anomaly,High-cloud Net CRE contribution (W m$^{-2}$),0.251763176100000,-9.108314886800001,0.000000000000000,-12.447019824200000,-7.051991682200000,True,
2006-08-01,EP,0,HCCF_comparator,HCCF_anom,NetPath_high_total_anom,-0.009207611251128,0.764577512104046,(c),Eastern Pacific,HCCF → High-cloud pathway,HCCF anomaly,High-cloud Net CRE contribution (W m$^{-2}$),0.251763176100000,-9.108314886800001,0.000000000000000,-12.447019824200000,-7.051991682200000,True,
2006-09-01,EP,1,HCCF_comparator,HCCF_anom,NetPath_high_total_anom,0.004439559674535,0.174485512530883,(c),Eastern Pacific,HCCF → High-cloud pathway,HCCF anomaly,High-cloud Net CRE contribution (W m$^{-2}$),0.251763176100000,-9.108314886800001,0.000000000000000,-12.447019824200000,-7.051991682200000,True,
2006-10-01,EP,1,HCCF_comparator,HCCF_anom,NetPath_high_total_anom,0.047292083608911,-0.519123245554736,(c),Eastern Pacific,HCCF → High-cloud pathway,HCCF anomaly,High-cloud Net CRE contribution (W m$^{-2}$),0.251763176100000,-9.108314886800001,0.000000000000000,-12.447019824200000,-7.051991682200000,True,
2006-11-01,EP,1,HCCF_comparator,HCCF_anom,NetPath_high_total_anom,0.012219916702379,-0.748600505310394,(c),Eastern Pacific,HCCF → High-cloud pathway,HCCF anomaly,High-cloud Net CRE contribution (W m$^{-2}$),0.251763176100000,-9.108314886800001,0.000000000000000,-12.447019824200000,-7.051991682200000,True,
2006-12-01,EP,1,HCCF_comparator,HCCF_anom,NetPath_high_total_anom,0.020072204341659,-0.076565573644264,(c),Eastern Pacific,HCCF → High-cloud pathway,HCCF anomaly,High-cloud Net CRE contribution (W m$^{-2}$),0.251763176100000,-9.108314886800001,0.000000000000000,-12.447019824200000,-7.051991682200000,True,
2007-01-01,EP,1,HCCF_comparator,HCCF_anom,NetPath_high_total_anom,0.013463022444060,-0.262820304155981,(c),Eastern Pacific,HCCF → High-cloud pathway,HCCF anomaly,High-cloud Net CRE contribution (W m$^{-2}$),0.251763176100000,-9.108314886800001,0.000000000000000,-12.447019824200000,-7.051991682200000,True,
2007-02-01,EP,0,HCCF_comparator,HCCF_anom,NetPath_high_total_anom,-0.005176282567430,0.516478422878867,(c),Eastern Pacific,HCCF → High-cloud pathway,HCCF anomaly,High-cloud Net CRE contribution (W m$^{-2}$),0.251763176100000,-9.108314886800001,0.000000000000000,-12.447019824200000,-7.051991682200000,True,
2007-03-01,EP,0,HCCF_comparator,HCCF_anom,NetPath_high_total_anom,-0.003249232047332,-0.137942481995233,(c),Eastern Pacific,HCCF → High-cloud pathway,HCCF anomaly,High-cloud Net CRE contribution (W m$^{-2}$),0.251763176100000,-9.108314886800001,0.000000000000000,-12.447019824200000,-7.051991682200000,True,
2007-04-01,EP,0,HCCF_comparator,HCCF_anom,NetPath_high_total_anom,-0.009464928297087,-0.155039132770994,(c),Eastern Pacific,HCCF → High-cloud pathway,HCCF anomaly,High-cloud Net CRE contribution (W m$^{-2}$),0.251763176100000,-9.108314886800001,0.000000000000000,-12.447019824200000,-7.051991682200000,True,
2007-05-01,EP,-1,HCCF_comparator,HCCF_anom,NetPath_high_total_anom,-0.004429549144322,0.334047457856980,(c),Eastern Pacific,HCCF → High-cloud pathway,HCCF anomaly,High-cloud Net CRE contribution (W m$^{-2}$),0.251763176100000,-9.108314886800001,0.000000000000000,-12.447019824200000,-7.051991682200000,True,
2007-06-01,EP,0,HCCF_comparator,HCCF_anom,NetPath_high_total_anom,-0.020378089521707,0.802687561478292,(c),Eastern Pacific,HCCF → High-cloud pathway,HCCF anomaly,High-cloud Net CRE contribution (W m$^{-2}$),0.251763176100000,-9.108314886800001,0.000000000000000,-12.447019824200000,-7.051991682200000,True,
2007-07-01,EP,-1,HCCF_comparator,HCCF_anom,NetPath_high_total_anom,-0.033346426363663,0.558655615230191,(c),Eastern Pacific,HCCF → High-cloud pathway,HCCF anomaly,High-cloud Net CRE contribution (W m$^{-2}$),0.251763176100000,-9.108314886800001,0.000000000000000,-12.447019824200000,-7.051991682200000,True,
2007-08-01,EP,-1,HCCF_comparator,HCCF_anom,NetPath_high_total_anom,-0.027804680035578,-0.253067024985127,(c),Eastern Pacific,HCCF → High-cloud pathway,HCCF anomaly,High-cloud Net CRE contribution (W m$^{-2}$),0.251763176100000,-9.108314886800001,0.000000000000000,-12.447019824200000,-7.051991682200000,True,
2007-09-01,EP,-1,HCCF_comparator,HCCF_anom,NetPath_high_total_anom,-0.040462681334949,0.744556966374495,(c),Eastern Pacific,HCCF → High-cloud pathway,HCCF anomaly,High-cloud Net CRE contribution (W m$^{-2}$),0.251763176100000,-9.108314886800001,0.000000000000000,-12.447019824200000,-7.051991682200000,True,
2007-10-01,EP,-1,HCCF_comparator,HCCF_anom,NetPath_high_total_anom,-0.048447730902973,0.559354228715148,(c),Eastern Pacific,HCCF → High-cloud pathway,HCCF anomaly,High-cloud Net CRE contribution (W m$^{-2}$),0.251763176100000,-9.108314886800001,0.000000000000000,-12.447019824200000,-7.051991682200000,True,
2007-11-01,EP,-1,HCCF_comparator,HCCF_anom,NetPath_high_total_anom,-0.007352991445797,0.473244551189789,(c),Eastern Pacific,HCCF → High-cloud pathway,HCCF anomaly,High-cloud Net CRE contribution (W m$^{-2}$),0.251763176100000,-9.108314886800001,0.000000000000000,-12.447019824200000,-7.051991682200000,True,
2007-12-01,EP,-1,HCCF_comparator,HCCF_anom,NetPath_high_total_anom,-0.034206490632772,0.083829073734047,(c),Eastern Pacific,HCCF → High-cloud pathway,HCCF anomaly,High-cloud Net CRE contribution (W m$^{-2}$),0.251763176100000,-9.108314886800001,0.000000000000000,-12.447019824200000,-7.051991682200000,True,
2008-01-01,EP,-1,HCCF_comparator,HCCF_anom,NetPath_high_total_anom,-0.004521659471949,0.745109688629200,(c),Eastern Pacific,HCCF → High-cloud pathway,HCCF anomaly,High-cloud Net CRE contribution (W m$^{-2}$),0.251763176100000,-9.108314886800001,0.000000000000000,-12.447019824200000,-7.051991682200000,True,
2008-02-01,EP,-1,HCCF_comparator,HCCF_anom,NetPath_high_total_anom,0.007182614477310,0.362344551242060,(c),Eastern Pacific,HCCF → High-cloud pathway,HCCF anomaly,High-cloud Net CRE contribution (W m$^{-2}$),0.251763176100000,-9.108314886800001,0.000000000000000,-12.447019824200000,-7.051991682200000,True,
2008-03-01,EP,-1,HCCF_comparator,HCCF_anom,NetPath_high_total_anom,0.020179677611590,-0.582383227809061,(c),Eastern Pacific,HCCF → High-cloud pathway,HCCF anomaly,High-cloud Net CRE contribution (W m$^{-2}$),0.251763176100000,-9.108314886800001,0.000000000000000,-12.447019824200000,-7.051991682200000,True,
2008-04-01,EP,-1,HCCF_comparator,HCCF_anom,NetPath_high_total_anom,0.002291178853059,0.154415976295457,(c),Eastern Pacific,HCCF → High-cloud pathway,HCCF anomaly,High-cloud Net CRE contribution (W m$^{-2}$),0.251763176100000,-9.108314886800001,0.000000000000000,-12.447019824200000,-7.051991682200000,True,
2008-05-01,EP,-1,HCCF_comparator,HCCF_anom,NetPath_high_total_anom,-0.001458247488171,0.633511164253264,(c),Eastern Pacific,HCCF → High-cloud pathway,HCCF anomaly,High-cloud Net CRE contribution (W m$^{-2}$),0.251763176100000,-9.108314886800001,0.000000000000000,-12.447019824200000,-7.051991682200000,True,
2008-06-01,EP,-1,HCCF_comparator,HCCF_anom,NetPath_high_total_anom,-0.003493401136535,0.280689145804168,(c),Eastern Pacific,HCCF → High-cloud pathway,HCCF anomaly,High-cloud Net CRE contribution (W m$^{-2}$),0.251763176100000,-9.108314886800001,0.000000000000000,-12.447019824200000,-7.051991682200000,True,
2008-07-01,EP,0,HCCF_comparator,HCCF_anom,NetPath_high_total_anom,0.014054218952768,0.211802840019885,(c),Eastern Pacific,HCCF → High-cloud pathway,HCCF anomaly,High-cloud Net CRE contribution (W m$^{-2}$),0.251763176100000,-9.108314886800001,0.000000000000000,-12.447019824200000,-7.051991682200000,True,
2008-08-01,EP,0,HCCF_comparator,HCCF_anom,NetPath_high_total_anom,0.002679304557330,-0.745549546228312,(c),Eastern Pacific,HCCF → High-cloud pathway,HCCF anomaly,High-cloud Net CRE contribution (W m$^{-2}$),0.251763176100000,-9.108314886800001,0.000000000000000,-12.447019824200000,-7.051991682200000,True,
2008-09-01,EP,0,HCCF_comparator,HCCF_anom,NetPath_high_total_anom,0.031364195092119,-0.298881071993995,(c),Eastern Pacific,HCCF → High-cloud pathway,HCCF anomaly,High-cloud Net CRE contribution (W m$^{-2}$),0.251763176100000,-9.108314886800001,0.000000000000000,-12.447019824200000,-7.051991682200000,True,
2008-10-01,EP,0,HCCF_comparator,HCCF_anom,NetPath_high_total_anom,-0.001632810720936,-0.755112021920366,(c),Eastern Pacific,HCCF → High-cloud pathway,HCCF anomaly,High-cloud Net CRE contribution (W m$^{-2}$),0.251763176100000,-9.108314886800001,0.000000000000000,-12.447019824200000,-7.051991682200000,True,
2008-11-01,EP,-1,HCCF_comparator,HCCF_anom,NetPath_high_total_anom,-0.018195389899427,-0.171784668625507,(c),Eastern Pacific,HCCF → High-cloud pathway,HCCF anomaly,High-cloud Net CRE contribution (W m$^{-2}$),0.251763176100000,-9.108314886800001,0.000000000000000,-12.447019824200000,-7.051991682200000,True,
2008-12-01,EP,-1,HCCF_comparator,HCCF_anom,NetPath_high_total_anom,-0.008196476385281,0.711624310215925,(c),Eastern Pacific,HCCF → High-cloud pathway,HCCF anomaly,High-cloud Net CRE contribution (W m$^{-2}$),0.251763176100000,-9.108314886800001,0.000000000000000,-12.447019824200000,-7.051991682200000,True,
2009-01-01,EP,-1,HCCF_comparator,HCCF_anom,NetPath_high_total_anom,-0.001051546101520,0.843629910102115,(c),Eastern Pacific,HCCF → High-cloud pathway,HCCF anomaly,High-cloud Net CRE contribution (W m$^{-2}$),0.251763176100000,-9.108314886800001,0.000000000000000,-12.447019824200000,-7.051991682200000,True,
2009-02-01,EP,-1,HCCF_comparator,HCCF_anom,NetPath_high_total_anom,-0.000201300285979,0.147735020811811,(c),Eastern Pacific,HCCF → High-cloud pathway,HCCF anomaly,High-cloud Net CRE contribution (W m$^{-2}$),0.251763176100000,-9.108314886800001,0.000000000000000,-12.447019824200000,-7.051991682200000,True,
2009-03-01,EP,-1,HCCF_comparator,HCCF_anom,NetPath_high_total_anom,-0.006303658597037,-0.117039269499662,(c),Eastern Pacific,HCCF → High-cloud pathway,HCCF anomaly,High-cloud Net CRE contribution (W m$^{-2}$),0.251763176100000,-9.108314886800001,0.000000000000000,-12.447019824200000,-7.051991682200000,True,
2009-04-01,EP,0,HCCF_comparator,HCCF_anom,NetPath_high_total_anom,-0.025928581643425,0.709459520480010,(c),Eastern Pacific,HCCF → High-cloud pathway,HCCF anomaly,High-cloud Net CRE contribution (W m$^{-2}$),0.251763176100000,-9.108314886800001,0.000000000000000,-12.447019824200000,-7.051991682200000,True,
2009-05-01,EP,0,HCCF_comparator,HCCF_anom,NetPath_high_total_anom,-0.011954173490407,1.100974996696100,(c),Eastern Pacific,HCCF → High-cloud pathway,HCCF anomaly,High-cloud Net CRE contribution (W m$^{-2}$),0.251763176100000,-9.108314886800001,0.000000000000000,-12.447019824200000,-7.051991682200000,True,
2009-06-01,EP,0,HCCF_comparator,HCCF_anom,NetPath_high_total_anom,0.043948500403291,0.536245734528920,(c),Eastern Pacific,HCCF → High-cloud pathway,HCCF anomaly,High-cloud Net CRE contribution (W m$^{-2}$),0.251763176100000,-9.108314886800001,0.000000000000000,-12.447019824200000,-7.051991682200000,True,
2009-07-01,EP,1,HCCF_comparator,HCCF_anom,NetPath_high_total_anom,0.001723493886160,0.066631333173812,(c),Eastern Pacific,HCCF → High-cloud pathway,HCCF anomaly,High-cloud Net CRE contribution (W m$^{-2}$),0.251763176100000,-9.108314886800001,0.000000000000000,-12.447019824200000,-7.051991682200000,True,
2009-08-01,EP,1,HCCF_comparator,HCCF_anom,NetPath_high_total_anom,0.023164816101975,-0.632475084238224,(c),Eastern Pacific,HCCF → High-cloud pathway,HCCF anomaly,High-cloud Net CRE contribution (W m$^{-2}$),0.251763176100000,-9.108314886800001,0.000000000000000,-12.447019824200000,-7.051991682200000,True,
2009-09-01,EP,1,HCCF_comparator,HCCF_anom,NetPath_high_total_anom,-0.000304918627702,0.428331600982735,(c),Eastern Pacific,HCCF → High-cloud pathway,HCCF anomaly,High-cloud Net CRE contribution (W m$^{-2}$),0.251763176100000,-9.108314886800001,0.000000000000000,-12.447019824200000,-7.051991682200000,True,
2009-10-01,EP,1,HCCF_comparator,HCCF_anom,NetPath_high_total_anom,0.036583804341799,-0.572800696187400,(c),Eastern Pacific,HCCF → High-cloud pathway,HCCF anomaly,High-cloud Net CRE contribution (W m$^{-2}$),0.251763176100000,-9.108314886800001,0.000000000000000,-12.447019824200000,-7.051991682200000,True,
2009-11-01,EP,1,HCCF_comparator,HCCF_anom,NetPath_high_total_anom,0.005546864535492,0.012913498420115,(c),Eastern Pacific,HCCF → High-cloud pathway,HCCF anomaly,High-cloud Net CRE contribution (W m$^{-2}$),0.251763176100000,-9.108314886800001,0.000000000000000,-12.447019824200000,-7.051991682200000,True,
2009-12-01,EP,1,HCCF_comparator,HCCF_anom,NetPath_high_total_anom,0.008920527889192,-0.243027158127164,(c),Eastern Pacific,HCCF → High-cloud pathway,HCCF anomaly,High-cloud Net CRE contribution (W m$^{-2}$),0.251763176100000,-9.108314886800001,0.000000000000000,-12.447019824200000,-7.051991682200000,True,
2010-01-01,EP,1,HCCF_comparator,HCCF_anom,NetPath_high_total_anom,-0.014408251911611,0.164731435858696,(c),Eastern Pacific,HCCF → High-cloud pathway,HCCF anomaly,High-cloud Net CRE contribution (W m$^{-2}$),0.251763176100000,-9.108314886800001,0.000000000000000,-12.447019824200000,-7.051991682200000,True,
2010-02-01,EP,1,HCCF_comparator,HCCF_anom,NetPath_high_total_anom,0.082442648382082,-1.460620559550253,(c),Eastern Pacific,HCCF → High-cloud pathway,HCCF anomaly,High-cloud Net CRE contribution (W m$^{-2}$),0.251763176100000,-9.108314886800001,0.000000000000000,-12.447019824200000,-7.051991682200000,True,
2010-03-01,EP,1,HCCF_comparator,HCCF_anom,NetPath_high_total_anom,0.042897605359827,-1.152916539182105,(c),Eastern Pacific,HCCF → High-cloud pathway,HCCF anomaly,High-cloud Net CRE contribution (W m$^{-2}$),0.251763176100000,-9.108314886800001,0.000000000000000,-12.447019824200000,-7.051991682200000,True,
2010-04-01,EP,0,HCCF_comparator,HCCF_anom,NetPath_high_total_anom,0.026612673498063,-1.098940301019038,(c),Eastern Pacific,HCCF → High-cloud pathway,HCCF anomaly,High-cloud Net CRE contribution (W m$^{-2}$),0.251763176100000,-9.108314886800001,0.000000000000000,-12.447019824200000,-7.051991682200000,True,
2010-05-01,EP,0,HCCF_comparator,HCCF_anom,NetPath_high_total_anom,-0.012862842963607,-0.223588072723499,(c),Eastern Pacific,HCCF → High-cloud pathway,HCCF anomaly,High-cloud Net CRE contribution (W m$^{-2}$),0.251763176100000,-9.108314886800001,0.000000000000000,-12.447019824200000,-7.051991682200000,True,
2010-06-01,EP,-1,HCCF_comparator,HCCF_anom,NetPath_high_total_anom,-0.018449611211099,-0.852488977389180,(c),Eastern Pacific,HCCF → High-cloud pathway,HCCF anomaly,High-cloud Net CRE contribution (W m$^{-2}$),0.251763176100000,-9.108314886800001,0.000000000000000,-12.447019824200000,-7.051991682200000,True,
2010-07-01,EP,-1,HCCF_comparator,HCCF_anom,NetPath_high_total_anom,-0.027093316751945,0.128262135359825,(c),Eastern Pacific,HCCF → High-cloud pathway,HCCF anomaly,High-cloud Net CRE contribution (W m$^{-2}$),0.251763176100000,-9.108314886800001,0.000000000000000,-12.447019824200000,-7.051991682200000,True,
2010-08-01,EP,-1,HCCF_comparator,HCCF_anom,NetPath_high_total_anom,-0.009136867253367,-0.773129351281565,(c),Eastern Pacific,HCCF → High-cloud pathway,HCCF anomaly,High-cloud Net CRE contribution (W m$^{-2}$),0.251763176100000,-9.108314886800001,0.000000000000000,-12.447019824200000,-7.051991682200000,True,
2010-09-01,EP,-1,HCCF_comparator,HCCF_anom,NetPath_high_total_anom,-0.004942698248622,-0.992307166011158,(c),Eastern Pacific,HCCF → High-cloud pathway,HCCF anomaly,High-cloud Net CRE contribution (W m$^{-2}$),0.251763176100000,-9.108314886800001,0.000000000000000,-12.447019824200000,-7.051991682200000,True,
2010-10-01,EP,-1,HCCF_comparator,HCCF_anom,NetPath_high_total_anom,-0.050727356997272,0.970754213353257,(c),Eastern Pacific,HCCF → High-cloud pathway,HCCF anomaly,High-cloud Net CRE contribution (W m$^{-2}$),0.251763176100000,-9.108314886800001,0.000000000000000,-12.447019824200000,-7.051991682200000,True,
2010-11-01,EP,-1,HCCF_comparator,HCCF_anom,NetPath_high_total_anom,-0.030289846484113,-0.115539314092297,(c),Eastern Pacific,HCCF → High-cloud pathway,HCCF anomaly,High-cloud Net CRE contribution (W m$^{-2}$),0.251763176100000,-9.108314886800001,0.000000000000000,-12.447019824200000,-7.051991682200000,True,
2010-12-01,EP,-1,HCCF_comparator,HCCF_anom,NetPath_high_total_anom,-0.034995212909235,0.391347072858598,(c),Eastern Pacific,HCCF → High-cloud pathway,HCCF anomaly,High-cloud Net CRE contribution (W m$^{-2}$),0.251763176100000,-9.108314886800001,0.000000000000000,-12.447019824200000,-7.051991682200000,True,
2011-01-01,EP,-1,HCCF_comparator,HCCF_anom,NetPath_high_total_anom,0.012458188252783,0.091442813778091,(c),Eastern Pacific,HCCF → High-cloud pathway,HCCF anomaly,High-cloud Net CRE contribution (W m$^{-2}$),0.251763176100000,-9.108314886800001,0.000000000000000,-12.447019824200000,-7.051991682200000,True,
2011-02-01,EP,-1,HCCF_comparator,HCCF_anom,NetPath_high_total_anom,-0.022285785636389,0.680695564921712,(c),Eastern Pacific,HCCF → High-cloud pathway,HCCF anomaly,High-cloud Net CRE contribution (W m$^{-2}$),0.251763176100000,-9.108314886800001,0.000000000000000,-12.447019824200000,-7.051991682200000,True,
2011-03-01,EP,-1,HCCF_comparator,HCCF_anom,NetPath_high_total_anom,-0.017342698289086,0.431842152784635,(c),Eastern Pacific,HCCF → High-cloud pathway,HCCF anomaly,High-cloud Net CRE contribution (W m$^{-2}$),0.251763176100000,-9.108314886800001,0.000000000000000,-12.447019824200000,-7.051991682200000,True,
2011-04-01,EP,-1,HCCF_comparator,HCCF_anom,NetPath_high_total_anom,0.007370700023401,0.249751646494148,(c),Eastern Pacific,HCCF → High-cloud pathway,HCCF anomaly,High-cloud Net CRE contribution (W m$^{-2}$),0.251763176100000,-9.108314886800001,0.000000000000000,-12.447019824200000,-7.051991682200000,True,
2011-05-01,EP,-1,HCCF_comparator,HCCF_anom,NetPath_high_total_anom,0.007201157604818,-0.027791281669111,(c),Eastern Pacific,HCCF → High-cloud pathway,HCCF anomaly,High-cloud Net CRE contribution (W m$^{-2}$),0.251763176100000,-9.108314886800001,0.000000000000000,-12.447019824200000,-7.051991682200000,True,
2011-06-01,EP,0,HCCF_comparator,HCCF_anom,NetPath_high_total_anom,-0.013648215620000,0.591747887733606,(c),Eastern Pacific,HCCF → High-cloud pathway,HCCF anomaly,High-cloud Net CRE contribution (W m$^{-2}$),0.251763176100000,-9.108314886800001,0.000000000000000,-12.447019824200000,-7.051991682200000,True,
2011-07-01,EP,0,HCCF_comparator,HCCF_anom,NetPath_high_total_anom,-0.010470434836705,-0.234246175626725,(c),Eastern Pacific,HCCF → High-cloud pathway,HCCF anomaly,High-cloud Net CRE contribution (W m$^{-2}$),0.251763176100000,-9.108314886800001,0.000000000000000,-12.447019824200000,-7.051991682200000,True,
2011-08-01,EP,-1,HCCF_comparator,HCCF_anom,NetPath_high_total_anom,-0.035590800557026,0.337713394916818,(c),Eastern Pacific,HCCF → High-cloud pathway,HCCF anomaly,High-cloud Net CRE contribution (W m$^{-2}$),0.251763176100000,-9.108314886800001,0.000000000000000,-12.447019824200000,-7.051991682200000,True,
2011-09-01,EP,-1,HCCF_comparator,HCCF_anom,NetPath_high_total_anom,-0.024940915408165,-0.034925562191887,(c),Eastern Pacific,HCCF → High-cloud pathway,HCCF anomaly,High-cloud Net CRE contribution (W m$^{-2}$),0.251763176100000,-9.108314886800001,0.000000000000000,-12.447019824200000,-7.051991682200000,True,
2011-10-01,EP,-1,HCCF_comparator,HCCF_anom,NetPath_high_total_anom,-0.012030455074719,0.188970192945870,(c),Eastern Pacific,HCCF → High-cloud pathway,HCCF anomaly,High-cloud Net CRE contribution (W m$^{-2}$),0.251763176100000,-9.108314886800001,0.000000000000000,-12.447019824200000,-7.051991682200000,True,
2011-11-01,EP,-1,HCCF_comparator,HCCF_anom,NetPath_high_total_anom,-0.027673220976276,0.138746470119010,(c),Eastern Pacific,HCCF → High-cloud pathway,HCCF anomaly,High-cloud Net CRE contribution (W m$^{-2}$),0.251763176100000,-9.108314886800001,0.000000000000000,-12.447019824200000,-7.051991682200000,True,
2011-12-01,EP,-1,HCCF_comparator,HCCF_anom,NetPath_high_total_anom,-0.003232179092195,0.284256873852238,(c),Eastern Pacific,HCCF → High-cloud pathway,HCCF anomaly,High-cloud Net CRE contribution (W m$^{-2}$),0.251763176100000,-9.108314886800001,0.000000000000000,-12.447019824200000,-7.051991682200000,True,
2012-01-01,EP,-1,HCCF_comparator,HCCF_anom,NetPath_high_total_anom,-0.010925338094159,0.201803920317356,(c),Eastern Pacific,HCCF → High-cloud pathway,HCCF anomaly,High-cloud Net CRE contribution (W m$^{-2}$),0.251763176100000,-9.108314886800001,0.000000000000000,-12.447019824200000,-7.051991682200000,True,
2012-02-01,EP,-1,HCCF_comparator,HCCF_anom,NetPath_high_total_anom,0.020065347149012,-0.639273735517129,(c),Eastern Pacific,HCCF → High-cloud pathway,HCCF anomaly,High-cloud Net CRE contribution (W m$^{-2}$),0.251763176100000,-9.108314886800001,0.000000000000000,-12.447019824200000,-7.051991682200000,True,
2012-03-01,EP,-1,HCCF_comparator,HCCF_anom,NetPath_high_total_anom,0.000610329671741,0.162405392851693,(c),Eastern Pacific,HCCF → High-cloud pathway,HCCF anomaly,High-cloud Net CRE contribution (W m$^{-2}$),0.251763176100000,-9.108314886800001,0.000000000000000,-12.447019824200000,-7.051991682200000,True,
2012-04-01,EP,-1,HCCF_comparator,HCCF_anom,NetPath_high_total_anom,0.054195182305173,0.582647761107128,(c),Eastern Pacific,HCCF → High-cloud pathway,HCCF anomaly,High-cloud Net CRE contribution (W m$^{-2}$),0.251763176100000,-9.108314886800001,0.000000000000000,-12.447019824200000,-7.051991682200000,True,
2012-05-01,EP,0,HCCF_comparator,HCCF_anom,NetPath_high_total_anom,-0.007765970543096,0.404441548671365,(c),Eastern Pacific,HCCF → High-cloud pathway,HCCF anomaly,High-cloud Net CRE contribution (W m$^{-2}$),0.251763176100000,-9.108314886800001,0.000000000000000,-12.447019824200000,-7.051991682200000,True,
2012-06-01,EP,0,HCCF_comparator,HCCF_anom,NetPath_high_total_anom,0.000162798887614,0.766192605482944,(c),Eastern Pacific,HCCF → High-cloud pathway,HCCF anomaly,High-cloud Net CRE contribution (W m$^{-2}$),0.251763176100000,-9.108314886800001,0.000000000000000,-12.447019824200000,-7.051991682200000,True,
2012-07-01,EP,0,HCCF_comparator,HCCF_anom,NetPath_high_total_anom,0.005519628361875,0.056775547116312,(c),Eastern Pacific,HCCF → High-cloud pathway,HCCF anomaly,High-cloud Net CRE contribution (W m$^{-2}$),0.251763176100000,-9.108314886800001,0.000000000000000,-12.447019824200000,-7.051991682200000,True,
2012-08-01,EP,1,HCCF_comparator,HCCF_anom,NetPath_high_total_anom,0.016266966029607,0.120782171049128,(c),Eastern Pacific,HCCF → High-cloud pathway,HCCF anomaly,High-cloud Net CRE contribution (W m$^{-2}$),0.251763176100000,-9.108314886800001,0.000000000000000,-12.447019824200000,-7.051991682200000,True,
2012-09-01,EP,0,HCCF_comparator,HCCF_anom,NetPath_high_total_anom,-0.014662297127511,0.315721027797862,(c),Eastern Pacific,HCCF → High-cloud pathway,HCCF anomaly,High-cloud Net CRE contribution (W m$^{-2}$),0.251763176100000,-9.108314886800001,0.000000000000000,-12.447019824200000,-7.051991682200000,True,
2012-10-01,EP,0,HCCF_comparator,HCCF_anom,NetPath_high_total_anom,0.013132349614041,-0.029809854914122,(c),Eastern Pacific,HCCF → High-cloud pathway,HCCF anomaly,High-cloud Net CRE contribution (W m$^{-2}$),0.251763176100000,-9.108314886800001,0.000000000000000,-12.447019824200000,-7.051991682200000,True,
2012-11-01,EP,0,HCCF_comparator,HCCF_anom,NetPath_high_total_anom,0.016730213849279,0.212807637471395,(c),Eastern Pacific,HCCF → High-cloud pathway,HCCF anomaly,High-cloud Net CRE contribution (W m$^{-2}$),0.251763176100000,-9.108314886800001,0.000000000000000,-12.447019824200000,-7.051991682200000,True,
2012-12-01,EP,0,HCCF_comparator,HCCF_anom,NetPath_high_total_anom,0.000110693695189,0.007024261281032,(c),Eastern Pacific,HCCF → High-cloud pathway,HCCF anomaly,High-cloud Net CRE contribution (W m$^{-2}$),0.251763176100000,-9.108314886800001,0.000000000000000,-12.447019824200000,-7.051991682200000,True,
2013-01-01,EP,-1,HCCF_comparator,HCCF_anom,NetPath_high_total_anom,0.001615673773679,-0.360120512903631,(c),Eastern Pacific,HCCF → High-cloud pathway,HCCF anomaly,High-cloud Net CRE contribution (W m$^{-2}$),0.251763176100000,-9.108314886800001,0.000000000000000,-12.447019824200000,-7.051991682200000,True,
2013-02-01,EP,-1,HCCF_comparator,HCCF_anom,NetPath_high_total_anom,-0.021334814503571,-0.085415290014566,(c),Eastern Pacific,HCCF → High-cloud pathway,HCCF anomaly,High-cloud Net CRE contribution (W m$^{-2}$),0.251763176100000,-9.108314886800001,0.000000000000000,-12.447019824200000,-7.051991682200000,True,
2013-03-01,EP,0,HCCF_comparator,HCCF_anom,NetPath_high_total_anom,0.024640774164908,-0.579874926767782,(c),Eastern Pacific,HCCF → High-cloud pathway,HCCF anomaly,High-cloud Net CRE contribution (W m$^{-2}$),0.251763176100000,-9.108314886800001,0.000000000000000,-12.447019824200000,-7.051991682200000,True,
2013-04-01,EP,0,HCCF_comparator,HCCF_anom,NetPath_high_total_anom,-0.001164618283060,0.083754145579266,(c),Eastern Pacific,HCCF → High-cloud pathway,HCCF anomaly,High-cloud Net CRE contribution (W m$^{-2}$),0.251763176100000,-9.108314886800001,0.000000000000000,-12.447019824200000,-7.051991682200000,True,
2013-05-01,EP,0,HCCF_comparator,HCCF_anom,NetPath_high_total_anom,0.000076615328136,-0.115335913408373,(c),Eastern Pacific,HCCF → High-cloud pathway,HCCF anomaly,High-cloud Net CRE contribution (W m$^{-2}$),0.251763176100000,-9.108314886800001,0.000000000000000,-12.447019824200000,-7.051991682200000,True,
2013-06-01,EP,0,HCCF_comparator,HCCF_anom,NetPath_high_total_anom,0.000018178332051,-0.278990046162146,(c),Eastern Pacific,HCCF → High-cloud pathway,HCCF anomaly,High-cloud Net CRE contribution (W m$^{-2}$),0.251763176100000,-9.108314886800001,0.000000000000000,-12.447019824200000,-7.051991682200000,True,
2013-07-01,EP,0,HCCF_comparator,HCCF_anom,NetPath_high_total_anom,-0.010199441860934,0.590947440993483,(c),Eastern Pacific,HCCF → High-cloud pathway,HCCF anomaly,High-cloud Net CRE contribution (W m$^{-2}$),0.251763176100000,-9.108314886800001,0.000000000000000,-12.447019824200000,-7.051991682200000,True,
2013-08-01,EP,0,HCCF_comparator,HCCF_anom,NetPath_high_total_anom,0.016547735236592,0.154792742863761,(c),Eastern Pacific,HCCF → High-cloud pathway,HCCF anomaly,High-cloud Net CRE contribution (W m$^{-2}$),0.251763176100000,-9.108314886800001,0.000000000000000,-12.447019824200000,-7.051991682200000,True,
2013-09-01,EP,0,HCCF_comparator,HCCF_anom,NetPath_high_total_anom,-0.024749030329206,0.743825768994788,(c),Eastern Pacific,HCCF → High-cloud pathway,HCCF anomaly,High-cloud Net CRE contribution (W m$^{-2}$),0.251763176100000,-9.108314886800001,0.000000000000000,-12.447019824200000,-7.051991682200000,True,
2013-10-01,EP,0,HCCF_comparator,HCCF_anom,NetPath_high_total_anom,-0.002230412285797,-0.291267730625745,(c),Eastern Pacific,HCCF → High-cloud pathway,HCCF anomaly,High-cloud Net CRE contribution (W m$^{-2}$),0.251763176100000,-9.108314886800001,0.000000000000000,-12.447019824200000,-7.051991682200000,True,
2013-11-01,EP,0,HCCF_comparator,HCCF_anom,NetPath_high_total_anom,-0.014183858109857,0.095797081695684,(c),Eastern Pacific,HCCF → High-cloud pathway,HCCF anomaly,High-cloud Net CRE contribution (W m$^{-2}$),0.251763176100000,-9.108314886800001,0.000000000000000,-12.447019824200000,-7.051991682200000,True,
2013-12-01,EP,0,HCCF_comparator,HCCF_anom,NetPath_high_total_anom,-0.010866223736552,-0.566064141446159,(c),Eastern Pacific,HCCF → High-cloud pathway,HCCF anomaly,High-cloud Net CRE contribution (W m$^{-2}$),0.251763176100000,-9.108314886800001,0.000000000000000,-12.447019824200000,-7.051991682200000,True,
2014-01-01,EP,-1,HCCF_comparator,HCCF_anom,NetPath_high_total_anom,-0.022647357414938,-0.415503774734869,(c),Eastern Pacific,HCCF → High-cloud pathway,HCCF anomaly,High-cloud Net CRE contribution (W m$^{-2}$),0.251763176100000,-9.108314886800001,0.000000000000000,-12.447019824200000,-7.051991682200000,True,
2014-02-01,EP,-1,HCCF_comparator,HCCF_anom,NetPath_high_total_anom,-0.011539007457398,0.189003471512839,(c),Eastern Pacific,HCCF → High-cloud pathway,HCCF anomaly,High-cloud Net CRE contribution (W m$^{-2}$),0.251763176100000,-9.108314886800001,0.000000000000000,-12.447019824200000,-7.051991682200000,True,
2014-03-01,EP,0,HCCF_comparator,HCCF_anom,NetPath_high_total_anom,-0.001326258787769,0.657338769471866,(c),Eastern Pacific,HCCF → High-cloud pathway,HCCF anomaly,High-cloud Net CRE contribution (W m$^{-2}$),0.251763176100000,-9.108314886800001,0.000000000000000,-12.447019824200000,-7.051991682200000,True,
2014-04-01,EP,0,HCCF_comparator,HCCF_anom,NetPath_high_total_anom,0.003384703340055,-0.438676473519485,(c),Eastern Pacific,HCCF → High-cloud pathway,HCCF anomaly,High-cloud Net CRE contribution (W m$^{-2}$),0.251763176100000,-9.108314886800001,0.000000000000000,-12.447019824200000,-7.051991682200000,True,
2014-05-01,EP,0,HCCF_comparator,HCCF_anom,NetPath_high_total_anom,0.019261933627127,-1.154584791181211,(c),Eastern Pacific,HCCF → High-cloud pathway,HCCF anomaly,High-cloud Net CRE contribution (W m$^{-2}$),0.251763176100000,-9.108314886800001,0.000000000000000,-12.447019824200000,-7.051991682200000,True,
2014-06-01,EP,0,HCCF_comparator,HCCF_anom,NetPath_high_total_anom,0.000504667253207,-0.778955521003706,(c),Eastern Pacific,HCCF → High-cloud pathway,HCCF anomaly,High-cloud Net CRE contribution (W m$^{-2}$),0.251763176100000,-9.108314886800001,0.000000000000000,-12.447019824200000,-7.051991682200000,True,
2014-07-01,EP,0,HCCF_comparator,HCCF_anom,NetPath_high_total_anom,0.031526255398772,-0.741751362847208,(c),Eastern Pacific,HCCF → High-cloud pathway,HCCF anomaly,High-cloud Net CRE contribution (W m$^{-2}$),0.251763176100000,-9.108314886800001,0.000000000000000,-12.447019824200000,-7.051991682200000,True,
2014-08-01,EP,0,HCCF_comparator,HCCF_anom,NetPath_high_total_anom,0.049638969311259,-0.917972121292718,(c),Eastern Pacific,HCCF → High-cloud pathway,HCCF anomaly,High-cloud Net CRE contribution (W m$^{-2}$),0.251763176100000,-9.108314886800001,0.000000000000000,-12.447019824200000,-7.051991682200000,True,
2014-09-01,EP,0,HCCF_comparator,HCCF_anom,NetPath_high_total_anom,0.014880071547922,-0.507399555005636,(c),Eastern Pacific,HCCF → High-cloud pathway,HCCF anomaly,High-cloud Net CRE contribution (W m$^{-2}$),0.251763176100000,-9.108314886800001,0.000000000000000,-12.447019824200000,-7.051991682200000,True,
2014-10-01,EP,1,HCCF_comparator,HCCF_anom,NetPath_high_total_anom,0.015449255720518,-0.438409734816044,(c),Eastern Pacific,HCCF → High-cloud pathway,HCCF anomaly,High-cloud Net CRE contribution (W m$^{-2}$),0.251763176100000,-9.108314886800001,0.000000000000000,-12.447019824200000,-7.051991682200000,True,
2014-11-01,EP,1,HCCF_comparator,HCCF_anom,NetPath_high_total_anom,0.023941090910509,-0.438185225773994,(c),Eastern Pacific,HCCF → High-cloud pathway,HCCF anomaly,High-cloud Net CRE contribution (W m$^{-2}$),0.251763176100000,-9.108314886800001,0.000000000000000,-12.447019824200000,-7.051991682200000,True,
2014-12-01,EP,1,HCCF_comparator,HCCF_anom,NetPath_high_total_anom,0.012801373690316,0.214326442060459,(c),Eastern Pacific,HCCF → High-cloud pathway,HCCF anomaly,High-cloud Net CRE contribution (W m$^{-2}$),0.251763176100000,-9.108314886800001,0.000000000000000,-12.447019824200000,-7.051991682200000,True,
2015-01-01,EP,1,HCCF_comparator,HCCF_anom,NetPath_high_total_anom,-0.007740485832434,0.118707930102592,(c),Eastern Pacific,HCCF → High-cloud pathway,HCCF anomaly,High-cloud Net CRE contribution (W m$^{-2}$),0.251763176100000,-9.108314886800001,0.000000000000000,-12.447019824200000,-7.051991682200000,True,
2015-02-01,EP,0,HCCF_comparator,HCCF_anom,NetPath_high_total_anom,0.009364483151836,-0.481106612992570,(c),Eastern Pacific,HCCF → High-cloud pathway,HCCF anomaly,High-cloud Net CRE contribution (W m$^{-2}$),0.251763176100000,-9.108314886800001,0.000000000000000,-12.447019824200000,-7.051991682200000,True,
2015-03-01,EP,1,HCCF_comparator,HCCF_anom,NetPath_high_total_anom,-0.013218650622727,0.471340417283894,(c),Eastern Pacific,HCCF → High-cloud pathway,HCCF anomaly,High-cloud Net CRE contribution (W m$^{-2}$),0.251763176100000,-9.108314886800001,0.000000000000000,-12.447019824200000,-7.051991682200000,True,
2015-04-01,EP,1,HCCF_comparator,HCCF_anom,NetPath_high_total_anom,0.024839676268123,-0.840292577817261,(c),Eastern Pacific,HCCF → High-cloud pathway,HCCF anomaly,High-cloud Net CRE contribution (W m$^{-2}$),0.251763176100000,-9.108314886800001,0.000000000000000,-12.447019824200000,-7.051991682200000,True,
2015-05-01,EP,1,HCCF_comparator,HCCF_anom,NetPath_high_total_anom,0.113832474284413,-1.564183582989585,(c),Eastern Pacific,HCCF → High-cloud pathway,HCCF anomaly,High-cloud Net CRE contribution (W m$^{-2}$),0.251763176100000,-9.108314886800001,0.000000000000000,-12.447019824200000,-7.051991682200000,True,
2015-06-01,EP,1,HCCF_comparator,HCCF_anom,NetPath_high_total_anom,0.085873121355569,0.256969063963252,(c),Eastern Pacific,HCCF → High-cloud pathway,HCCF anomaly,High-cloud Net CRE contribution (W m$^{-2}$),0.251763176100000,-9.108314886800001,0.000000000000000,-12.447019824200000,-7.051991682200000,True,
2015-07-01,EP,1,HCCF_comparator,HCCF_anom,NetPath_high_total_anom,0.113679475921273,-0.573603993711787,(c),Eastern Pacific,HCCF → High-cloud pathway,HCCF anomaly,High-cloud Net CRE contribution (W m$^{-2}$),0.251763176100000,-9.108314886800001,0.000000000000000,-12.447019824200000,-7.051991682200000,True,
2015-08-01,EP,1,HCCF_comparator,HCCF_anom,NetPath_high_total_anom,0.068547676117510,-0.076138524253419,(c),Eastern Pacific,HCCF → High-cloud pathway,HCCF anomaly,High-cloud Net CRE contribution (W m$^{-2}$),0.251763176100000,-9.108314886800001,0.000000000000000,-12.447019824200000,-7.051991682200000,True,
2015-09-01,EP,1,HCCF_comparator,HCCF_anom,NetPath_high_total_anom,0.100531643021772,-0.564568675585086,(c),Eastern Pacific,HCCF → High-cloud pathway,HCCF anomaly,High-cloud Net CRE contribution (W m$^{-2}$),0.251763176100000,-9.108314886800001,0.000000000000000,-12.447019824200000,-7.051991682200000,True,
2015-10-01,EP,1,HCCF_comparator,HCCF_anom,NetPath_high_total_anom,0.098085366091698,-0.869464247158673,(c),Eastern Pacific,HCCF → High-cloud pathway,HCCF anomaly,High-cloud Net CRE contribution (W m$^{-2}$),0.251763176100000,-9.108314886800001,0.000000000000000,-12.447019824200000,-7.051991682200000,True,
2015-11-01,EP,1,HCCF_comparator,HCCF_anom,NetPath_high_total_anom,0.095061675148004,-0.685916015995426,(c),Eastern Pacific,HCCF → High-cloud pathway,HCCF anomaly,High-cloud Net CRE contribution (W m$^{-2}$),0.251763176100000,-9.108314886800001,0.000000000000000,-12.447019824200000,-7.051991682200000,True,
2015-12-01,EP,1,HCCF_comparator,HCCF_anom,NetPath_high_total_anom,0.090980896764424,-0.924485395776026,(c),Eastern Pacific,HCCF → High-cloud pathway,HCCF anomaly,High-cloud Net CRE contribution (W m$^{-2}$),0.251763176100000,-9.108314886800001,0.000000000000000,-12.447019824200000,-7.051991682200000,True,
2016-01-01,EP,1,HCCF_comparator,HCCF_anom,NetPath_high_total_anom,0.086159638270366,-1.394545917183894,(c),Eastern Pacific,HCCF → High-cloud pathway,HCCF anomaly,High-cloud Net CRE contribution (W m$^{-2}$),0.251763176100000,-9.108314886800001,0.000000000000000,-12.447019824200000,-7.051991682200000,True,
2016-02-01,EP,1,HCCF_comparator,HCCF_anom,NetPath_high_total_anom,0.068058503256401,-0.815178257030929,(c),Eastern Pacific,HCCF → High-cloud pathway,HCCF anomaly,High-cloud Net CRE contribution (W m$^{-2}$),0.251763176100000,-9.108314886800001,0.000000000000000,-12.447019824200000,-7.051991682200000,True,
2016-03-01,EP,1,HCCF_comparator,HCCF_anom,NetPath_high_total_anom,0.051052593247737,-0.502448879309966,(c),Eastern Pacific,HCCF → High-cloud pathway,HCCF anomaly,High-cloud Net CRE contribution (W m$^{-2}$),0.251763176100000,-9.108314886800001,0.000000000000000,-12.447019824200000,-7.051991682200000,True,
2016-04-01,EP,1,HCCF_comparator,HCCF_anom,NetPath_high_total_anom,0.021309823105287,-0.063302058647515,(c),Eastern Pacific,HCCF → High-cloud pathway,HCCF anomaly,High-cloud Net CRE contribution (W m$^{-2}$),0.251763176100000,-9.108314886800001,0.000000000000000,-12.447019824200000,-7.051991682200000,True,
2016-05-01,EP,0,HCCF_comparator,HCCF_anom,NetPath_high_total_anom,0.002453063717841,0.773892125852285,(c),Eastern Pacific,HCCF → High-cloud pathway,HCCF anomaly,High-cloud Net CRE contribution (W m$^{-2}$),0.251763176100000,-9.108314886800001,0.000000000000000,-12.447019824200000,-7.051991682200000,True,
2016-06-01,EP,0,HCCF_comparator,HCCF_anom,NetPath_high_total_anom,0.015690376764499,0.101847346737195,(c),Eastern Pacific,HCCF → High-cloud pathway,HCCF anomaly,High-cloud Net CRE contribution (W m$^{-2}$),0.251763176100000,-9.108314886800001,0.000000000000000,-12.447019824200000,-7.051991682200000,True,
2016-07-01,EP,-1,HCCF_comparator,HCCF_anom,NetPath_high_total_anom,-0.003338803757807,-0.052029234971561,(c),Eastern Pacific,HCCF → High-cloud pathway,HCCF anomaly,High-cloud Net CRE contribution (W m$^{-2}$),0.251763176100000,-9.108314886800001,0.000000000000000,-12.447019824200000,-7.051991682200000,True,
2016-08-01,EP,-1,HCCF_comparator,HCCF_anom,NetPath_high_total_anom,-0.023482589373034,0.854290385673397,(c),Eastern Pacific,HCCF → High-cloud pathway,HCCF anomaly,High-cloud Net CRE contribution (W m$^{-2}$),0.251763176100000,-9.108314886800001,0.000000000000000,-12.447019824200000,-7.051991682200000,True,
2016-09-01,EP,-1,HCCF_comparator,HCCF_anom,NetPath_high_total_anom,-0.005230104593890,0.004068975629164,(c),Eastern Pacific,HCCF → High-cloud pathway,HCCF anomaly,High-cloud Net CRE contribution (W m$^{-2}$),0.251763176100000,-9.108314886800001,0.000000000000000,-12.447019824200000,-7.051991682200000,True,
2016-10-01,EP,-1,HCCF_comparator,HCCF_anom,NetPath_high_total_anom,-0.016523303386016,0.282996668584482,(c),Eastern Pacific,HCCF → High-cloud pathway,HCCF anomaly,High-cloud Net CRE contribution (W m$^{-2}$),0.251763176100000,-9.108314886800001,0.000000000000000,-12.447019824200000,-7.051991682200000,True,
2016-11-01,EP,-1,HCCF_comparator,HCCF_anom,NetPath_high_total_anom,0.006924855761665,-0.005260281041008,(c),Eastern Pacific,HCCF → High-cloud pathway,HCCF anomaly,High-cloud Net CRE contribution (W m$^{-2}$),0.251763176100000,-9.108314886800001,0.000000000000000,-12.447019824200000,-7.051991682200000,True,
2016-12-01,EP,-1,HCCF_comparator,HCCF_anom,NetPath_high_total_anom,-0.007050885104893,0.420974226673667,(c),Eastern Pacific,HCCF → High-cloud pathway,HCCF anomaly,High-cloud Net CRE contribution (W m$^{-2}$),0.251763176100000,-9.108314886800001,0.000000000000000,-12.447019824200000,-7.051991682200000,True,
2017-01-01,EP,0,HCCF_comparator,HCCF_anom,NetPath_high_total_anom,-0.026012445850319,0.579491940362549,(c),Eastern Pacific,HCCF → High-cloud pathway,HCCF anomaly,High-cloud Net CRE contribution (W m$^{-2}$),0.251763176100000,-9.108314886800001,0.000000000000000,-12.447019824200000,-7.051991682200000,True,
2017-02-01,EP,0,HCCF_comparator,HCCF_anom,NetPath_high_total_anom,-0.012698720173952,0.231710840572768,(c),Eastern Pacific,HCCF → High-cloud pathway,HCCF anomaly,High-cloud Net CRE contribution (W m$^{-2}$),0.251763176100000,-9.108314886800001,0.000000000000000,-12.447019824200000,-7.051991682200000,True,
2017-03-01,EP,0,HCCF_comparator,HCCF_anom,NetPath_high_total_anom,0.018920544662208,-0.604201332532522,(c),Eastern Pacific,HCCF → High-cloud pathway,HCCF anomaly,High-cloud Net CRE contribution (W m$^{-2}$),0.251763176100000,-9.108314886800001,0.000000000000000,-12.447019824200000,-7.051991682200000,True,
2017-04-01,EP,0,HCCF_comparator,HCCF_anom,NetPath_high_total_anom,0.033686407032125,0.393393517205966,(c),Eastern Pacific,HCCF → High-cloud pathway,HCCF anomaly,High-cloud Net CRE contribution (W m$^{-2}$),0.251763176100000,-9.108314886800001,0.000000000000000,-12.447019824200000,-7.051991682200000,True,
2017-05-01,EP,0,HCCF_comparator,HCCF_anom,NetPath_high_total_anom,-0.001261271339999,-0.413494261335389,(c),Eastern Pacific,HCCF → High-cloud pathway,HCCF anomaly,High-cloud Net CRE contribution (W m$^{-2}$),0.251763176100000,-9.108314886800001,0.000000000000000,-12.447019824200000,-7.051991682200000,True,
2017-06-01,EP,0,HCCF_comparator,HCCF_anom,NetPath_high_total_anom,-0.011292636701853,-0.017912124709146,(c),Eastern Pacific,HCCF → High-cloud pathway,HCCF anomaly,High-cloud Net CRE contribution (W m$^{-2}$),0.251763176100000,-9.108314886800001,0.000000000000000,-12.447019824200000,-7.051991682200000,True,
2017-07-01,EP,0,HCCF_comparator,HCCF_anom,NetPath_high_total_anom,-0.013260289647125,-0.452828464708025,(c),Eastern Pacific,HCCF → High-cloud pathway,HCCF anomaly,High-cloud Net CRE contribution (W m$^{-2}$),0.251763176100000,-9.108314886800001,0.000000000000000,-12.447019824200000,-7.051991682200000,True,
2017-08-01,EP,0,HCCF_comparator,HCCF_anom,NetPath_high_total_anom,-0.004128132612382,-0.076136932296119,(c),Eastern Pacific,HCCF → High-cloud pathway,HCCF anomaly,High-cloud Net CRE contribution (W m$^{-2}$),0.251763176100000,-9.108314886800001,0.000000000000000,-12.447019824200000,-7.051991682200000,True,
2017-09-01,EP,0,HCCF_comparator,HCCF_anom,NetPath_high_total_anom,-0.011347953908457,-0.395556804764399,(c),Eastern Pacific,HCCF → High-cloud pathway,HCCF anomaly,High-cloud Net CRE contribution (W m$^{-2}$),0.251763176100000,-9.108314886800001,0.000000000000000,-12.447019824200000,-7.051991682200000,True,
2017-10-01,EP,-1,HCCF_comparator,HCCF_anom,NetPath_high_total_anom,-0.012372428473582,0.076815428434216,(c),Eastern Pacific,HCCF → High-cloud pathway,HCCF anomaly,High-cloud Net CRE contribution (W m$^{-2}$),0.251763176100000,-9.108314886800001,0.000000000000000,-12.447019824200000,-7.051991682200000,True,
2017-11-01,EP,-1,HCCF_comparator,HCCF_anom,NetPath_high_total_anom,-0.031212505710308,0.345603691174159,(c),Eastern Pacific,HCCF → High-cloud pathway,HCCF anomaly,High-cloud Net CRE contribution (W m$^{-2}$),0.251763176100000,-9.108314886800001,0.000000000000000,-12.447019824200000,-7.051991682200000,True,
2017-12-01,EP,-1,HCCF_comparator,HCCF_anom,NetPath_high_total_anom,-0.016472464771969,0.188396132527850,(c),Eastern Pacific,HCCF → High-cloud pathway,HCCF anomaly,High-cloud Net CRE contribution (W m$^{-2}$),0.251763176100000,-9.108314886800001,0.000000000000000,-12.447019824200000,-7.051991682200000,True,
2018-01-01,EP,-1,HCCF_comparator,HCCF_anom,NetPath_high_total_anom,-0.014243850743952,0.084706375972918,(c),Eastern Pacific,HCCF → High-cloud pathway,HCCF anomaly,High-cloud Net CRE contribution (W m$^{-2}$),0.251763176100000,-9.108314886800001,0.000000000000000,-12.447019824200000,-7.051991682200000,True,
2018-02-01,EP,-1,HCCF_comparator,HCCF_anom,NetPath_high_total_anom,-0.014528583179582,0.369855499684764,(c),Eastern Pacific,HCCF → High-cloud pathway,HCCF anomaly,High-cloud Net CRE contribution (W m$^{-2}$),0.251763176100000,-9.108314886800001,0.000000000000000,-12.447019824200000,-7.051991682200000,True,
2018-03-01,EP,-1,HCCF_comparator,HCCF_anom,NetPath_high_total_anom,-0.032712800647603,0.903191956686991,(c),Eastern Pacific,HCCF → High-cloud pathway,HCCF anomaly,High-cloud Net CRE contribution (W m$^{-2}$),0.251763176100000,-9.108314886800001,0.000000000000000,-12.447019824200000,-7.051991682200000,True,
2018-04-01,EP,-1,HCCF_comparator,HCCF_anom,NetPath_high_total_anom,-0.028551749201445,0.578853896362446,(c),Eastern Pacific,HCCF → High-cloud pathway,HCCF anomaly,High-cloud Net CRE contribution (W m$^{-2}$),0.251763176100000,-9.108314886800001,0.000000000000000,-12.447019824200000,-7.051991682200000,True,
2018-05-01,EP,0,HCCF_comparator,HCCF_anom,NetPath_high_total_anom,-0.027824512278092,-0.096775306188000,(c),Eastern Pacific,HCCF → High-cloud pathway,HCCF anomaly,High-cloud Net CRE contribution (W m$^{-2}$),0.251763176100000,-9.108314886800001,0.000000000000000,-12.447019824200000,-7.051991682200000,True,
2018-06-01,EP,0,HCCF_comparator,HCCF_anom,NetPath_high_total_anom,0.014048950135631,-1.351618599347542,(c),Eastern Pacific,HCCF → High-cloud pathway,HCCF anomaly,High-cloud Net CRE contribution (W m$^{-2}$),0.251763176100000,-9.108314886800001,0.000000000000000,-12.447019824200000,-7.051991682200000,True,
2018-07-01,EP,0,HCCF_comparator,HCCF_anom,NetPath_high_total_anom,-0.011754567516842,-0.283368961960138,(c),Eastern Pacific,HCCF → High-cloud pathway,HCCF anomaly,High-cloud Net CRE contribution (W m$^{-2}$),0.251763176100000,-9.108314886800001,0.000000000000000,-12.447019824200000,-7.051991682200000,True,
2018-08-01,EP,0,HCCF_comparator,HCCF_anom,NetPath_high_total_anom,-0.008598932441396,-0.244961620887203,(c),Eastern Pacific,HCCF → High-cloud pathway,HCCF anomaly,High-cloud Net CRE contribution (W m$^{-2}$),0.251763176100000,-9.108314886800001,0.000000000000000,-12.447019824200000,-7.051991682200000,True,
2018-09-01,EP,1,HCCF_comparator,HCCF_anom,NetPath_high_total_anom,-0.005144665430580,-0.143264318151535,(c),Eastern Pacific,HCCF → High-cloud pathway,HCCF anomaly,High-cloud Net CRE contribution (W m$^{-2}$),0.251763176100000,-9.108314886800001,0.000000000000000,-12.447019824200000,-7.051991682200000,True,
2018-10-01,EP,1,HCCF_comparator,HCCF_anom,NetPath_high_total_anom,0.014687823460620,-0.414020425302548,(c),Eastern Pacific,HCCF → High-cloud pathway,HCCF anomaly,High-cloud Net CRE contribution (W m$^{-2}$),0.251763176100000,-9.108314886800001,0.000000000000000,-12.447019824200000,-7.051991682200000,True,
2018-11-01,EP,1,HCCF_comparator,HCCF_anom,NetPath_high_total_anom,0.017001814890435,0.186589716284385,(c),Eastern Pacific,HCCF → High-cloud pathway,HCCF anomaly,High-cloud Net CRE contribution (W m$^{-2}$),0.251763176100000,-9.108314886800001,0.000000000000000,-12.447019824200000,-7.051991682200000,True,
2018-12-01,EP,1,HCCF_comparator,HCCF_anom,NetPath_high_total_anom,-0.001761620123297,-0.529833707199106,(c),Eastern Pacific,HCCF → High-cloud pathway,HCCF anomaly,High-cloud Net CRE contribution (W m$^{-2}$),0.251763176100000,-9.108314886800001,0.000000000000000,-12.447019824200000,-7.051991682200000,True,
2019-01-01,EP,1,HCCF_comparator,HCCF_anom,NetPath_high_total_anom,-0.006802116309133,0.029773425411214,(c),Eastern Pacific,HCCF → High-cloud pathway,HCCF anomaly,High-cloud Net CRE contribution (W m$^{-2}$),0.251763176100000,-9.108314886800001,0.000000000000000,-12.447019824200000,-7.051991682200000,True,
2019-02-01,EP,1,HCCF_comparator,HCCF_anom,NetPath_high_total_anom,-0.026754596571787,0.034754003995511,(c),Eastern Pacific,HCCF → High-cloud pathway,HCCF anomaly,High-cloud Net CRE contribution (W m$^{-2}$),0.251763176100000,-9.108314886800001,0.000000000000000,-12.447019824200000,-7.051991682200000,True,
2019-03-01,EP,1,HCCF_comparator,HCCF_anom,NetPath_high_total_anom,0.001982584965501,0.377000915368773,(c),Eastern Pacific,HCCF → High-cloud pathway,HCCF anomaly,High-cloud Net CRE contribution (W m$^{-2}$),0.251763176100000,-9.108314886800001,0.000000000000000,-12.447019824200000,-7.051991682200000,True,
2019-04-01,EP,1,HCCF_comparator,HCCF_anom,NetPath_high_total_anom,-0.022047753884074,0.049338396428884,(c),Eastern Pacific,HCCF → High-cloud pathway,HCCF anomaly,High-cloud Net CRE contribution (W m$^{-2}$),0.251763176100000,-9.108314886800001,0.000000000000000,-12.447019824200000,-7.051991682200000,True,
2019-05-01,EP,1,HCCF_comparator,HCCF_anom,NetPath_high_total_anom,0.033976859904814,-0.244084355546208,(c),Eastern Pacific,HCCF → High-cloud pathway,HCCF anomaly,High-cloud Net CRE contribution (W m$^{-2}$),0.251763176100000,-9.108314886800001,0.000000000000000,-12.447019824200000,-7.051991682200000,True,
2019-06-01,EP,1,HCCF_comparator,HCCF_anom,NetPath_high_total_anom,0.002584016926531,0.327803964167581,(c),Eastern Pacific,HCCF → High-cloud pathway,HCCF anomaly,High-cloud Net CRE contribution (W m$^{-2}$),0.251763176100000,-9.108314886800001,0.000000000000000,-12.447019824200000,-7.051991682200000,True,
2019-07-01,EP,0,HCCF_comparator,HCCF_anom,NetPath_high_total_anom,0.009922608697369,-0.372081543932555,(c),Eastern Pacific,HCCF → High-cloud pathway,HCCF anomaly,High-cloud Net CRE contribution (W m$^{-2}$),0.251763176100000,-9.108314886800001,0.000000000000000,-12.447019824200000,-7.051991682200000,True,
2019-08-01,EP,0,HCCF_comparator,HCCF_anom,NetPath_high_total_anom,-0.015155602822753,0.310963431325161,(c),Eastern Pacific,HCCF → High-cloud pathway,HCCF anomaly,High-cloud Net CRE contribution (W m$^{-2}$),0.251763176100000,-9.108314886800001,0.000000000000000,-12.447019824200000,-7.051991682200000,True,
2019-09-01,EP,0,HCCF_comparator,HCCF_anom,NetPath_high_total_anom,0.028080088996681,-0.642558548188757,(c),Eastern Pacific,HCCF → High-cloud pathway,HCCF anomaly,High-cloud Net CRE contribution (W m$^{-2}$),0.251763176100000,-9.108314886800001,0.000000000000000,-12.447019824200000,-7.051991682200000,True,
2019-10-01,EP,1,HCCF_comparator,HCCF_anom,NetPath_high_total_anom,-0.003540489429256,-0.119522706844308,(c),Eastern Pacific,HCCF → High-cloud pathway,HCCF anomaly,High-cloud Net CRE contribution (W m$^{-2}$),0.251763176100000,-9.108314886800001,0.000000000000000,-12.447019824200000,-7.051991682200000,True,
2019-11-01,EP,1,HCCF_comparator,HCCF_anom,NetPath_high_total_anom,-0.009040329801962,0.416254509726415,(c),Eastern Pacific,HCCF → High-cloud pathway,HCCF anomaly,High-cloud Net CRE contribution (W m$^{-2}$),0.251763176100000,-9.108314886800001,0.000000000000000,-12.447019824200000,-7.051991682200000,True,
2019-12-01,EP,1,HCCF_comparator,HCCF_anom,NetPath_high_total_anom,0.003736449422487,-0.064049779481853,(c),Eastern Pacific,HCCF → High-cloud pathway,HCCF anomaly,High-cloud Net CRE contribution (W m$^{-2}$),0.251763176100000,-9.108314886800001,0.000000000000000,-12.447019824200000,-7.051991682200000,True,
2020-01-01,EP,1,HCCF_comparator,HCCF_anom,NetPath_high_total_anom,0.029442267262156,-0.546647722323715,(c),Eastern Pacific,HCCF → High-cloud pathway,HCCF anomaly,High-cloud Net CRE contribution (W m$^{-2}$),0.251763176100000,-9.108314886800001,0.000000000000000,-12.447019824200000,-7.051991682200000,True,
2020-02-01,EP,0,HCCF_comparator,HCCF_anom,NetPath_high_total_anom,0.002754382485869,-0.509635680529114,(c),Eastern Pacific,HCCF → High-cloud pathway,HCCF anomaly,High-cloud Net CRE contribution (W m$^{-2}$),0.251763176100000,-9.108314886800001,0.000000000000000,-12.447019824200000,-7.051991682200000,True,
2020-03-01,EP,1,HCCF_comparator,HCCF_anom,NetPath_high_total_anom,-0.052296935447587,0.455400017248295,(c),Eastern Pacific,HCCF → High-cloud pathway,HCCF anomaly,High-cloud Net CRE contribution (W m$^{-2}$),0.251763176100000,-9.108314886800001,0.000000000000000,-12.447019824200000,-7.051991682200000,True,
2020-04-01,EP,0,HCCF_comparator,HCCF_anom,NetPath_high_total_anom,-0.019749278586842,-0.367106533814191,(c),Eastern Pacific,HCCF → High-cloud pathway,HCCF anomaly,High-cloud Net CRE contribution (W m$^{-2}$),0.251763176100000,-9.108314886800001,0.000000000000000,-12.447019824200000,-7.051991682200000,True,
2020-05-01,EP,0,HCCF_comparator,HCCF_anom,NetPath_high_total_anom,-0.002885747661135,-0.540683645059519,(c),Eastern Pacific,HCCF → High-cloud pathway,HCCF anomaly,High-cloud Net CRE contribution (W m$^{-2}$),0.251763176100000,-9.108314886800001,0.000000000000000,-12.447019824200000,-7.051991682200000,True,
2020-06-01,EP,0,HCCF_comparator,HCCF_anom,NetPath_high_total_anom,-0.010194732291517,-0.587574395248080,(c),Eastern Pacific,HCCF → High-cloud pathway,HCCF anomaly,High-cloud Net CRE contribution (W m$^{-2}$),0.251763176100000,-9.108314886800001,0.000000000000000,-12.447019824200000,-7.051991682200000,True,
2020-07-01,EP,0,HCCF_comparator,HCCF_anom,NetPath_high_total_anom,-0.004505450127604,0.388700195259973,(c),Eastern Pacific,HCCF → High-cloud pathway,HCCF anomaly,High-cloud Net CRE contribution (W m$^{-2}$),0.251763176100000,-9.108314886800001,0.000000000000000,-12.447019824200000,-7.051991682200000,True,
2020-08-01,EP,-1,HCCF_comparator,HCCF_anom,NetPath_high_total_anom,0.003336252212461,-0.224423897077256,(c),Eastern Pacific,HCCF → High-cloud pathway,HCCF anomaly,High-cloud Net CRE contribution (W m$^{-2}$),0.251763176100000,-9.108314886800001,0.000000000000000,-12.447019824200000,-7.051991682200000,True,
2020-09-01,EP,-1,HCCF_comparator,HCCF_anom,NetPath_high_total_anom,-0.029889512282655,0.387566421750566,(c),Eastern Pacific,HCCF → High-cloud pathway,HCCF anomaly,High-cloud Net CRE contribution (W m$^{-2}$),0.251763176100000,-9.108314886800001,0.000000000000000,-12.447019824200000,-7.051991682200000,True,
2020-10-01,EP,-1,HCCF_comparator,HCCF_anom,NetPath_high_total_anom,-0.026684876742797,0.486641090090316,(c),Eastern Pacific,HCCF → High-cloud pathway,HCCF anomaly,High-cloud Net CRE contribution (W m$^{-2}$),0.251763176100000,-9.108314886800001,0.000000000000000,-12.447019824200000,-7.051991682200000,True,
2020-11-01,EP,-1,HCCF_comparator,HCCF_anom,NetPath_high_total_anom,-0.032146291487968,0.389078513682845,(c),Eastern Pacific,HCCF → High-cloud pathway,HCCF anomaly,High-cloud Net CRE contribution (W m$^{-2}$),0.251763176100000,-9.108314886800001,0.000000000000000,-12.447019824200000,-7.051991682200000,True,
2020-12-01,EP,-1,HCCF_comparator,HCCF_anom,NetPath_high_total_anom,-0.002065093347875,-0.073478816030610,(c),Eastern Pacific,HCCF → High-cloud pathway,HCCF anomaly,High-cloud Net CRE contribution (W m$^{-2}$),0.251763176100000,-9.108314886800001,0.000000000000000,-12.447019824200000,-7.051991682200000,True,
2021-01-01,EP,-1,HCCF_comparator,HCCF_anom,NetPath_high_total_anom,0.019200591524404,-0.494821522337452,(c),Eastern Pacific,HCCF → High-cloud pathway,HCCF anomaly,High-cloud Net CRE contribution (W m$^{-2}$),0.251763176100000,-9.108314886800001,0.000000000000000,-12.447019824200000,-7.051991682200000,True,
2021-02-01,EP,-1,HCCF_comparator,HCCF_anom,NetPath_high_total_anom,-0.009628089329144,0.374290443682294,(c),Eastern Pacific,HCCF → High-cloud pathway,HCCF anomaly,High-cloud Net CRE contribution (W m$^{-2}$),0.251763176100000,-9.108314886800001,0.000000000000000,-12.447019824200000,-7.051991682200000,True,
2021-03-01,EP,-1,HCCF_comparator,HCCF_anom,NetPath_high_total_anom,-0.002463835392988,0.164291868556885,(c),Eastern Pacific,HCCF → High-cloud pathway,HCCF anomaly,High-cloud Net CRE contribution (W m$^{-2}$),0.251763176100000,-9.108314886800001,0.000000000000000,-12.447019824200000,-7.051991682200000,True,
2021-04-01,EP,-1,HCCF_comparator,HCCF_anom,NetPath_high_total_anom,0.015231546796192,-0.173472992394565,(c),Eastern Pacific,HCCF → High-cloud pathway,HCCF anomaly,High-cloud Net CRE contribution (W m$^{-2}$),0.251763176100000,-9.108314886800001,0.000000000000000,-12.447019824200000,-7.051991682200000,True,
2021-05-01,EP,-1,HCCF_comparator,HCCF_anom,NetPath_high_total_anom,-0.050621431284818,0.413635837015763,(c),Eastern Pacific,HCCF → High-cloud pathway,HCCF anomaly,High-cloud Net CRE contribution (W m$^{-2}$),0.251763176100000,-9.108314886800001,0.000000000000000,-12.447019824200000,-7.051991682200000,True,
2021-06-01,EP,0,HCCF_comparator,HCCF_anom,NetPath_high_total_anom,-0.017474279878474,-0.617663934956422,(c),Eastern Pacific,HCCF → High-cloud pathway,HCCF anomaly,High-cloud Net CRE contribution (W m$^{-2}$),0.251763176100000,-9.108314886800001,0.000000000000000,-12.447019824200000,-7.051991682200000,True,
2021-07-01,EP,0,HCCF_comparator,HCCF_anom,NetPath_high_total_anom,-0.015345823869629,-0.006580536217010,(c),Eastern Pacific,HCCF → High-cloud pathway,HCCF anomaly,High-cloud Net CRE contribution (W m$^{-2}$),0.251763176100000,-9.108314886800001,0.000000000000000,-12.447019824200000,-7.051991682200000,True,
2021-08-01,EP,-1,HCCF_comparator,HCCF_anom,NetPath_high_total_anom,-0.002212754314791,-0.403814175676540,(c),Eastern Pacific,HCCF → High-cloud pathway,HCCF anomaly,High-cloud Net CRE contribution (W m$^{-2}$),0.251763176100000,-9.108314886800001,0.000000000000000,-12.447019824200000,-7.051991682200000,True,
2021-09-01,EP,-1,HCCF_comparator,HCCF_anom,NetPath_high_total_anom,-0.030578005961585,0.212007394454192,(c),Eastern Pacific,HCCF → High-cloud pathway,HCCF anomaly,High-cloud Net CRE contribution (W m$^{-2}$),0.251763176100000,-9.108314886800001,0.000000000000000,-12.447019824200000,-7.051991682200000,True,
2021-10-01,EP,-1,HCCF_comparator,HCCF_anom,NetPath_high_total_anom,-0.020087990600112,-0.109098071512371,(c),Eastern Pacific,HCCF → High-cloud pathway,HCCF anomaly,High-cloud Net CRE contribution (W m$^{-2}$),0.251763176100000,-9.108314886800001,0.000000000000000,-12.447019824200000,-7.051991682200000,True,
2021-11-01,EP,-1,HCCF_comparator,HCCF_anom,NetPath_high_total_anom,-0.027864885223684,0.173842028564762,(c),Eastern Pacific,HCCF → High-cloud pathway,HCCF anomaly,High-cloud Net CRE contribution (W m$^{-2}$),0.251763176100000,-9.108314886800001,0.000000000000000,-12.447019824200000,-7.051991682200000,True,
2021-12-01,EP,-1,HCCF_comparator,HCCF_anom,NetPath_high_total_anom,-0.023215753144622,0.771912247969003,(c),Eastern Pacific,HCCF → High-cloud pathway,HCCF anomaly,High-cloud Net CRE contribution (W m$^{-2}$),0.251763176100000,-9.108314886800001,0.000000000000000,-12.447019824200000,-7.051991682200000,True,
2022-01-01,EP,-1,HCCF_comparator,HCCF_anom,NetPath_high_total_anom,-0.021538129130436,-0.111885816786603,(c),Eastern Pacific,HCCF → High-cloud pathway,HCCF anomaly,High-cloud Net CRE contribution (W m$^{-2}$),0.251763176100000,-9.108314886800001,0.000000000000000,-12.447019824200000,-7.051991682200000,True,
2022-02-01,EP,-1,HCCF_comparator,HCCF_anom,NetPath_high_total_anom,-0.037908509361801,0.099871629358445,(c),Eastern Pacific,HCCF → High-cloud pathway,HCCF anomaly,High-cloud Net CRE contribution (W m$^{-2}$),0.251763176100000,-9.108314886800001,0.000000000000000,-12.447019824200000,-7.051991682200000,True,
2022-03-01,EP,-1,HCCF_comparator,HCCF_anom,NetPath_high_total_anom,-0.009362361142828,-0.247099850364295,(c),Eastern Pacific,HCCF → High-cloud pathway,HCCF anomaly,High-cloud Net CRE contribution (W m$^{-2}$),0.251763176100000,-9.108314886800001,0.000000000000000,-12.447019824200000,-7.051991682200000,True,
2022-04-01,EP,-1,HCCF_comparator,HCCF_anom,NetPath_high_total_anom,-0.041158437892123,-0.810112031490244,(c),Eastern Pacific,HCCF → High-cloud pathway,HCCF anomaly,High-cloud Net CRE contribution (W m$^{-2}$),0.251763176100000,-9.108314886800001,0.000000000000000,-12.447019824200000,-7.051991682200000,True,
2022-05-01,EP,-1,HCCF_comparator,HCCF_anom,NetPath_high_total_anom,-0.025069858505252,-0.247510012752079,(c),Eastern Pacific,HCCF → High-cloud pathway,HCCF anomaly,High-cloud Net CRE contribution (W m$^{-2}$),0.251763176100000,-9.108314886800001,0.000000000000000,-12.447019824200000,-7.051991682200000,True,
2022-06-01,EP,-1,HCCF_comparator,HCCF_anom,NetPath_high_total_anom,-0.035327168711766,-0.521232256873568,(c),Eastern Pacific,HCCF → High-cloud pathway,HCCF anomaly,High-cloud Net CRE contribution (W m$^{-2}$),0.251763176100000,-9.108314886800001,0.000000000000000,-12.447019824200000,-7.051991682200000,True,
2022-07-01,EP,-1,HCCF_comparator,HCCF_anom,NetPath_high_total_anom,-0.028079344892235,0.163737738143376,(c),Eastern Pacific,HCCF → High-cloud pathway,HCCF anomaly,High-cloud Net CRE contribution (W m$^{-2}$),0.251763176100000,-9.108314886800001,0.000000000000000,-12.447019824200000,-7.051991682200000,True,
2022-08-01,EP,-1,HCCF_comparator,HCCF_anom,NetPath_high_total_anom,-0.022283869520269,0.273962139157018,(c),Eastern Pacific,HCCF → High-cloud pathway,HCCF anomaly,High-cloud Net CRE contribution (W m$^{-2}$),0.251763176100000,-9.108314886800001,0.000000000000000,-12.447019824200000,-7.051991682200000,True,
2022-09-01,EP,-1,HCCF_comparator,HCCF_anom,NetPath_high_total_anom,-0.013978693998166,-0.489472215477265,(c),Eastern Pacific,HCCF → High-cloud pathway,HCCF anomaly,High-cloud Net CRE contribution (W m$^{-2}$),0.251763176100000,-9.108314886800001,0.000000000000000,-12.447019824200000,-7.051991682200000,True,
2022-10-01,EP,-1,HCCF_comparator,HCCF_anom,NetPath_high_total_anom,-0.032805748585255,0.466343351882383,(c),Eastern Pacific,HCCF → High-cloud pathway,HCCF anomaly,High-cloud Net CRE contribution (W m$^{-2}$),0.251763176100000,-9.108314886800001,0.000000000000000,-12.447019824200000,-7.051991682200000,True,
2022-11-01,EP,-1,HCCF_comparator,HCCF_anom,NetPath_high_total_anom,-0.024826778690839,-0.066338717456254,(c),Eastern Pacific,HCCF → High-cloud pathway,HCCF anomaly,High-cloud Net CRE contribution (W m$^{-2}$),0.251763176100000,-9.108314886800001,0.000000000000000,-12.447019824200000,-7.051991682200000,True,
2022-12-01,EP,-1,HCCF_comparator,HCCF_anom,NetPath_high_total_anom,-0.016589950072194,0.607190014822799,(c),Eastern Pacific,HCCF → High-cloud pathway,HCCF anomaly,High-cloud Net CRE contribution (W m$^{-2}$),0.251763176100000,-9.108314886800001,0.000000000000000,-12.447019824200000,-7.051991682200000,True,
2023-01-01,EP,-1,HCCF_comparator,HCCF_anom,NetPath_high_total_anom,-0.039797660527437,0.347569931677827,(c),Eastern Pacific,HCCF → High-cloud pathway,HCCF anomaly,High-cloud Net CRE contribution (W m$^{-2}$),0.251763176100000,-9.108314886800001,0.000000000000000,-12.447019824200000,-7.051991682200000,True,
2023-02-01,EP,-1,HCCF_comparator,HCCF_anom,NetPath_high_total_anom,0.006317713810918,-0.448002126344134,(c),Eastern Pacific,HCCF → High-cloud pathway,HCCF anomaly,High-cloud Net CRE contribution (W m$^{-2}$),0.251763176100000,-9.108314886800001,0.000000000000000,-12.447019824200000,-7.051991682200000,True,
2002-07-01,WP,1,HCTB_candidate_diagnostic,HCTB_anom,NetPath_high_total_anom,-0.004625378599404,0.071869770971126,(d),Western Pacific,HCTB → High-cloud pathway,HCTB anomaly,High-cloud Net CRE contribution (W m$^{-2}$),0.636987975200000,-44.144088134400000,-0.000000000000000,-47.794894931100004,-40.104291734800000,True,0.372313247400000
2002-08-01,WP,1,HCTB_candidate_diagnostic,HCTB_anom,NetPath_high_total_anom,-0.001140190683118,0.500283457030180,(d),Western Pacific,HCTB → High-cloud pathway,HCTB anomaly,High-cloud Net CRE contribution (W m$^{-2}$),0.636987975200000,-44.144088134400000,-0.000000000000000,-47.794894931100004,-40.104291734800000,True,0.372313247400000
2002-09-01,WP,1,HCTB_candidate_diagnostic,HCTB_anom,NetPath_high_total_anom,-0.026188971407856,2.185312562766707,(d),Western Pacific,HCTB → High-cloud pathway,HCTB anomaly,High-cloud Net CRE contribution (W m$^{-2}$),0.636987975200000,-44.144088134400000,-0.000000000000000,-47.794894931100004,-40.104291734800000,True,0.372313247400000
2002-10-01,WP,1,HCTB_candidate_diagnostic,HCTB_anom,NetPath_high_total_anom,-0.017599380324580,2.286611993346188,(d),Western Pacific,HCTB → High-cloud pathway,HCTB anomaly,High-cloud Net CRE contribution (W m$^{-2}$),0.636987975200000,-44.144088134400000,-0.000000000000000,-47.794894931100004,-40.104291734800000,True,0.372313247400000
2002-11-01,WP,1,HCTB_candidate_diagnostic,HCTB_anom,NetPath_high_total_anom,-0.001819223988530,0.873954230031047,(d),Western Pacific,HCTB → High-cloud pathway,HCTB anomaly,High-cloud Net CRE contribution (W m$^{-2}$),0.636987975200000,-44.144088134400000,-0.000000000000000,-47.794894931100004,-40.104291734800000,True,0.372313247400000
2002-12-01,WP,1,HCTB_candidate_diagnostic,HCTB_anom,NetPath_high_total_anom,-0.022260749729504,2.614806893873544,(d),Western Pacific,HCTB → High-cloud pathway,HCTB anomaly,High-cloud Net CRE contribution (W m$^{-2}$),0.636987975200000,-44.144088134400000,-0.000000000000000,-47.794894931100004,-40.104291734800000,True,0.372313247400000
2003-01-01,WP,1,HCTB_candidate_diagnostic,HCTB_anom,NetPath_high_total_anom,-0.023671100075893,1.045158368493827,(d),Western Pacific,HCTB → High-cloud pathway,HCTB anomaly,High-cloud Net CRE contribution (W m$^{-2}$),0.636987975200000,-44.144088134400000,-0.000000000000000,-47.794894931100004,-40.104291734800000,True,0.372313247400000
2003-02-01,WP,1,HCTB_candidate_diagnostic,HCTB_anom,NetPath_high_total_anom,0.007236503051088,0.771202228837650,(d),Western Pacific,HCTB → High-cloud pathway,HCTB anomaly,High-cloud Net CRE contribution (W m$^{-2}$),0.636987975200000,-44.144088134400000,-0.000000000000000,-47.794894931100004,-40.104291734800000,True,0.372313247400000
2003-03-01,WP,0,HCTB_candidate_diagnostic,HCTB_anom,NetPath_high_total_anom,0.012859020370627,-0.682801382203633,(d),Western Pacific,HCTB → High-cloud pathway,HCTB anomaly,High-cloud Net CRE contribution (W m$^{-2}$),0.636987975200000,-44.144088134400000,-0.000000000000000,-47.794894931100004,-40.104291734800000,True,0.372313247400000
2003-04-01,WP,0,HCTB_candidate_diagnostic,HCTB_anom,NetPath_high_total_anom,-0.012019645261413,1.417004082652417,(d),Western Pacific,HCTB → High-cloud pathway,HCTB anomaly,High-cloud Net CRE contribution (W m$^{-2}$),0.636987975200000,-44.144088134400000,-0.000000000000000,-47.794894931100004,-40.104291734800000,True,0.372313247400000
2003-05-01,WP,-1,HCTB_candidate_diagnostic,HCTB_anom,NetPath_high_total_anom,0.021582305489167,-1.156812417404468,(d),Western Pacific,HCTB → High-cloud pathway,HCTB anomaly,High-cloud Net CRE contribution (W m$^{-2}$),0.636987975200000,-44.144088134400000,-0.000000000000000,-47.794894931100004,-40.104291734800000,True,0.372313247400000
2003-06-01,WP,0,HCTB_candidate_diagnostic,HCTB_anom,NetPath_high_total_anom,-0.009703129084895,0.817395575294063,(d),Western Pacific,HCTB → High-cloud pathway,HCTB anomaly,High-cloud Net CRE contribution (W m$^{-2}$),0.636987975200000,-44.144088134400000,-0.000000000000000,-47.794894931100004,-40.104291734800000,True,0.372313247400000
2003-07-01,WP,0,HCTB_candidate_diagnostic,HCTB_anom,NetPath_high_total_anom,0.013936330707801,-0.380961067437647,(d),Western Pacific,HCTB → High-cloud pathway,HCTB anomaly,High-cloud Net CRE contribution (W m$^{-2}$),0.636987975200000,-44.144088134400000,-0.000000000000000,-47.794894931100004,-40.104291734800000,True,0.372313247400000
2003-08-01,WP,0,HCTB_candidate_diagnostic,HCTB_anom,NetPath_high_total_anom,-0.003391405154812,0.072389381638367,(d),Western Pacific,HCTB → High-cloud pathway,HCTB anomaly,High-cloud Net CRE contribution (W m$^{-2}$),0.636987975200000,-44.144088134400000,-0.000000000000000,-47.794894931100004,-40.104291734800000,True,0.372313247400000
2003-09-01,WP,0,HCTB_candidate_diagnostic,HCTB_anom,NetPath_high_total_anom,0.017082763314508,-1.077099431753219,(d),Western Pacific,HCTB → High-cloud pathway,HCTB anomaly,High-cloud Net CRE contribution (W m$^{-2}$),0.636987975200000,-44.144088134400000,-0.000000000000000,-47.794894931100004,-40.104291734800000,True,0.372313247400000
2003-10-01,WP,0,HCTB_candidate_diagnostic,HCTB_anom,NetPath_high_total_anom,-0.007397900670105,0.493908060272387,(d),Western Pacific,HCTB → High-cloud pathway,HCTB anomaly,High-cloud Net CRE contribution (W m$^{-2}$),0.636987975200000,-44.144088134400000,-0.000000000000000,-47.794894931100004,-40.104291734800000,True,0.372313247400000
2003-11-01,WP,0,HCTB_candidate_diagnostic,HCTB_anom,NetPath_high_total_anom,-0.015240506612800,1.287648264367894,(d),Western Pacific,HCTB → High-cloud pathway,HCTB anomaly,High-cloud Net CRE contribution (W m$^{-2}$),0.636987975200000,-44.144088134400000,-0.000000000000000,-47.794894931100004,-40.104291734800000,True,0.372313247400000
2003-12-01,WP,0,HCTB_candidate_diagnostic,HCTB_anom,NetPath_high_total_anom,0.041722781528450,-2.348656933181363,(d),Western Pacific,HCTB → High-cloud pathway,HCTB anomaly,High-cloud Net CRE contribution (W m$^{-2}$),0.636987975200000,-44.144088134400000,-0.000000000000000,-47.794894931100004,-40.104291734800000,True,0.372313247400000
2004-01-01,WP,0,HCTB_candidate_diagnostic,HCTB_anom,NetPath_high_total_anom,-0.067585067179670,1.989308675184763,(d),Western Pacific,HCTB → High-cloud pathway,HCTB anomaly,High-cloud Net CRE contribution (W m$^{-2}$),0.636987975200000,-44.144088134400000,-0.000000000000000,-47.794894931100004,-40.104291734800000,True,0.372313247400000
2004-02-01,WP,0,HCTB_candidate_diagnostic,HCTB_anom,NetPath_high_total_anom,0.060386774729730,-4.060359130203191,(d),Western Pacific,HCTB → High-cloud pathway,HCTB anomaly,High-cloud Net CRE contribution (W m$^{-2}$),0.636987975200000,-44.144088134400000,-0.000000000000000,-47.794894931100004,-40.104291734800000,True,0.372313247400000
2004-03-01,WP,0,HCTB_candidate_diagnostic,HCTB_anom,NetPath_high_total_anom,0.028556052841730,0.936096192314287,(d),Western Pacific,HCTB → High-cloud pathway,HCTB anomaly,High-cloud Net CRE contribution (W m$^{-2}$),0.636987975200000,-44.144088134400000,-0.000000000000000,-47.794894931100004,-40.104291734800000,True,0.372313247400000
2004-04-01,WP,0,HCTB_candidate_diagnostic,HCTB_anom,NetPath_high_total_anom,-0.019731696631356,1.188950261997791,(d),Western Pacific,HCTB → High-cloud pathway,HCTB anomaly,High-cloud Net CRE contribution (W m$^{-2}$),0.636987975200000,-44.144088134400000,-0.000000000000000,-47.794894931100004,-40.104291734800000,True,0.372313247400000
2004-05-01,WP,0,HCTB_candidate_diagnostic,HCTB_anom,NetPath_high_total_anom,0.024368358767256,-1.053027611719343,(d),Western Pacific,HCTB → High-cloud pathway,HCTB anomaly,High-cloud Net CRE contribution (W m$^{-2}$),0.636987975200000,-44.144088134400000,-0.000000000000000,-47.794894931100004,-40.104291734800000,True,0.372313247400000
2004-06-01,WP,0,HCTB_candidate_diagnostic,HCTB_anom,NetPath_high_total_anom,0.033593842515042,-1.009417283220739,(d),Western Pacific,HCTB → High-cloud pathway,HCTB anomaly,High-cloud Net CRE contribution (W m$^{-2}$),0.636987975200000,-44.144088134400000,-0.000000000000000,-47.794894931100004,-40.104291734800000,True,0.372313247400000
2004-07-01,WP,1,HCTB_candidate_diagnostic,HCTB_anom,NetPath_high_total_anom,-0.044350388161389,2.126285652971772,(d),Western Pacific,HCTB → High-cloud pathway,HCTB anomaly,High-cloud Net CRE contribution (W m$^{-2}$),0.636987975200000,-44.144088134400000,-0.000000000000000,-47.794894931100004,-40.104291734800000,True,0.372313247400000
2004-08-01,WP,1,HCTB_candidate_diagnostic,HCTB_anom,NetPath_high_total_anom,0.030004440786691,0.057990903646586,(d),Western Pacific,HCTB → High-cloud pathway,HCTB anomaly,High-cloud Net CRE contribution (W m$^{-2}$),0.636987975200000,-44.144088134400000,-0.000000000000000,-47.794894931100004,-40.104291734800000,True,0.372313247400000
2004-09-01,WP,1,HCTB_candidate_diagnostic,HCTB_anom,NetPath_high_total_anom,-0.016676781949185,1.965937086313534,(d),Western Pacific,HCTB → High-cloud pathway,HCTB anomaly,High-cloud Net CRE contribution (W m$^{-2}$),0.636987975200000,-44.144088134400000,-0.000000000000000,-47.794894931100004,-40.104291734800000,True,0.372313247400000
2004-10-01,WP,1,HCTB_candidate_diagnostic,HCTB_anom,NetPath_high_total_anom,-0.004993711827882,2.207265939112174,(d),Western Pacific,HCTB → High-cloud pathway,HCTB anomaly,High-cloud Net CRE contribution (W m$^{-2}$),0.636987975200000,-44.144088134400000,-0.000000000000000,-47.794894931100004,-40.104291734800000,True,0.372313247400000
2004-11-01,WP,1,HCTB_candidate_diagnostic,HCTB_anom,NetPath_high_total_anom,-0.004983799182791,1.161636555969091,(d),Western Pacific,HCTB → High-cloud pathway,HCTB anomaly,High-cloud Net CRE contribution (W m$^{-2}$),0.636987975200000,-44.144088134400000,-0.000000000000000,-47.794894931100004,-40.104291734800000,True,0.372313247400000
2004-12-01,WP,1,HCTB_candidate_diagnostic,HCTB_anom,NetPath_high_total_anom,-0.035476215683663,2.636935290493175,(d),Western Pacific,HCTB → High-cloud pathway,HCTB anomaly,High-cloud Net CRE contribution (W m$^{-2}$),0.636987975200000,-44.144088134400000,-0.000000000000000,-47.794894931100004,-40.104291734800000,True,0.372313247400000
2005-01-01,WP,1,HCTB_candidate_diagnostic,HCTB_anom,NetPath_high_total_anom,0.040758398364223,-1.427922275738810,(d),Western Pacific,HCTB → High-cloud pathway,HCTB anomaly,High-cloud Net CRE contribution (W m$^{-2}$),0.636987975200000,-44.144088134400000,-0.000000000000000,-47.794894931100004,-40.104291734800000,True,0.372313247400000
2005-02-01,WP,0,HCTB_candidate_diagnostic,HCTB_anom,NetPath_high_total_anom,-0.007462842195361,2.542868357979800,(d),Western Pacific,HCTB → High-cloud pathway,HCTB anomaly,High-cloud Net CRE contribution (W m$^{-2}$),0.636987975200000,-44.144088134400000,-0.000000000000000,-47.794894931100004,-40.104291734800000,True,0.372313247400000
2005-03-01,WP,1,HCTB_candidate_diagnostic,HCTB_anom,NetPath_high_total_anom,0.028546719616672,-1.190899603373205,(d),Western Pacific,HCTB → High-cloud pathway,HCTB anomaly,High-cloud Net CRE contribution (W m$^{-2}$),0.636987975200000,-44.144088134400000,-0.000000000000000,-47.794894931100004,-40.104291734800000,True,0.372313247400000
2005-04-01,WP,0,HCTB_candidate_diagnostic,HCTB_anom,NetPath_high_total_anom,0.056810915072717,-0.256274561707058,(d),Western Pacific,HCTB → High-cloud pathway,HCTB anomaly,High-cloud Net CRE contribution (W m$^{-2}$),0.636987975200000,-44.144088134400000,-0.000000000000000,-47.794894931100004,-40.104291734800000,True,0.372313247400000
2005-05-01,WP,0,HCTB_candidate_diagnostic,HCTB_anom,NetPath_high_total_anom,0.025309578972412,-0.738198581446708,(d),Western Pacific,HCTB → High-cloud pathway,HCTB anomaly,High-cloud Net CRE contribution (W m$^{-2}$),0.636987975200000,-44.144088134400000,-0.000000000000000,-47.794894931100004,-40.104291734800000,True,0.372313247400000
2005-06-01,WP,0,HCTB_candidate_diagnostic,HCTB_anom,NetPath_high_total_anom,-0.022233609840841,0.396758087753888,(d),Western Pacific,HCTB → High-cloud pathway,HCTB anomaly,High-cloud Net CRE contribution (W m$^{-2}$),0.636987975200000,-44.144088134400000,-0.000000000000000,-47.794894931100004,-40.104291734800000,True,0.372313247400000
2005-07-01,WP,0,HCTB_candidate_diagnostic,HCTB_anom,NetPath_high_total_anom,0.005279614794196,-0.472519990320700,(d),Western Pacific,HCTB → High-cloud pathway,HCTB anomaly,High-cloud Net CRE contribution (W m$^{-2}$),0.636987975200000,-44.144088134400000,-0.000000000000000,-47.794894931100004,-40.104291734800000,True,0.372313247400000
2005-08-01,WP,0,HCTB_candidate_diagnostic,HCTB_anom,NetPath_high_total_anom,0.039761969851512,-2.042221368249669,(d),Western Pacific,HCTB → High-cloud pathway,HCTB anomaly,High-cloud Net CRE contribution (W m$^{-2}$),0.636987975200000,-44.144088134400000,-0.000000000000000,-47.794894931100004,-40.104291734800000,True,0.372313247400000
2005-09-01,WP,0,HCTB_candidate_diagnostic,HCTB_anom,NetPath_high_total_anom,0.023533403588481,-1.972321994292307,(d),Western Pacific,HCTB → High-cloud pathway,HCTB anomaly,High-cloud Net CRE contribution (W m$^{-2}$),0.636987975200000,-44.144088134400000,-0.000000000000000,-47.794894931100004,-40.104291734800000,True,0.372313247400000
2005-10-01,WP,0,HCTB_candidate_diagnostic,HCTB_anom,NetPath_high_total_anom,-0.045309190928191,1.331229470482404,(d),Western Pacific,HCTB → High-cloud pathway,HCTB anomaly,High-cloud Net CRE contribution (W m$^{-2}$),0.636987975200000,-44.144088134400000,-0.000000000000000,-47.794894931100004,-40.104291734800000,True,0.372313247400000
2005-11-01,WP,-1,HCTB_candidate_diagnostic,HCTB_anom,NetPath_high_total_anom,-0.013300627033623,-0.235959160963279,(d),Western Pacific,HCTB → High-cloud pathway,HCTB anomaly,High-cloud Net CRE contribution (W m$^{-2}$),0.636987975200000,-44.144088134400000,-0.000000000000000,-47.794894931100004,-40.104291734800000,True,0.372313247400000
2005-12-01,WP,-1,HCTB_candidate_diagnostic,HCTB_anom,NetPath_high_total_anom,0.008605523617721,-1.345352319164381,(d),Western Pacific,HCTB → High-cloud pathway,HCTB anomaly,High-cloud Net CRE contribution (W m$^{-2}$),0.636987975200000,-44.144088134400000,-0.000000000000000,-47.794894931100004,-40.104291734800000,True,0.372313247400000
2006-01-01,WP,-1,HCTB_candidate_diagnostic,HCTB_anom,NetPath_high_total_anom,0.030433141005739,-1.261072944024620,(d),Western Pacific,HCTB → High-cloud pathway,HCTB anomaly,High-cloud Net CRE contribution (W m$^{-2}$),0.636987975200000,-44.144088134400000,-0.000000000000000,-47.794894931100004,-40.104291734800000,True,0.372313247400000
2006-02-01,WP,-1,HCTB_candidate_diagnostic,HCTB_anom,NetPath_high_total_anom,-0.016347572433272,1.295685401059091,(d),Western Pacific,HCTB → High-cloud pathway,HCTB anomaly,High-cloud Net CRE contribution (W m$^{-2}$),0.636987975200000,-44.144088134400000,-0.000000000000000,-47.794894931100004,-40.104291734800000,True,0.372313247400000
2006-03-01,WP,-1,HCTB_candidate_diagnostic,HCTB_anom,NetPath_high_total_anom,0.023692445494942,-2.020493440123496,(d),Western Pacific,HCTB → High-cloud pathway,HCTB anomaly,High-cloud Net CRE contribution (W m$^{-2}$),0.636987975200000,-44.144088134400000,-0.000000000000000,-47.794894931100004,-40.104291734800000,True,0.372313247400000
2006-04-01,WP,0,HCTB_candidate_diagnostic,HCTB_anom,NetPath_high_total_anom,0.018841898392667,-0.433309539405458,(d),Western Pacific,HCTB → High-cloud pathway,HCTB anomaly,High-cloud Net CRE contribution (W m$^{-2}$),0.636987975200000,-44.144088134400000,-0.000000000000000,-47.794894931100004,-40.104291734800000,True,0.372313247400000
2006-05-01,WP,0,HCTB_candidate_diagnostic,HCTB_anom,NetPath_high_total_anom,-0.024064349468906,1.353276312325250,(d),Western Pacific,HCTB → High-cloud pathway,HCTB anomaly,High-cloud Net CRE contribution (W m$^{-2}$),0.636987975200000,-44.144088134400000,-0.000000000000000,-47.794894931100004,-40.104291734800000,True,0.372313247400000
2006-06-01,WP,0,HCTB_candidate_diagnostic,HCTB_anom,NetPath_high_total_anom,0.030105088221292,0.452179474410480,(d),Western Pacific,HCTB → High-cloud pathway,HCTB anomaly,High-cloud Net CRE contribution (W m$^{-2}$),0.636987975200000,-44.144088134400000,-0.000000000000000,-47.794894931100004,-40.104291734800000,True,0.372313247400000
2006-07-01,WP,0,HCTB_candidate_diagnostic,HCTB_anom,NetPath_high_total_anom,0.054350738417389,-3.084025521032604,(d),Western Pacific,HCTB → High-cloud pathway,HCTB anomaly,High-cloud Net CRE contribution (W m$^{-2}$),0.636987975200000,-44.144088134400000,-0.000000000000000,-47.794894931100004,-40.104291734800000,True,0.372313247400000
2006-08-01,WP,0,HCTB_candidate_diagnostic,HCTB_anom,NetPath_high_total_anom,0.028730284656433,-0.754054589298502,(d),Western Pacific,HCTB → High-cloud pathway,HCTB anomaly,High-cloud Net CRE contribution (W m$^{-2}$),0.636987975200000,-44.144088134400000,-0.000000000000000,-47.794894931100004,-40.104291734800000,True,0.372313247400000
2006-09-01,WP,1,HCTB_candidate_diagnostic,HCTB_anom,NetPath_high_total_anom,-0.005605185959382,0.476271985196459,(d),Western Pacific,HCTB → High-cloud pathway,HCTB anomaly,High-cloud Net CRE contribution (W m$^{-2}$),0.636987975200000,-44.144088134400000,-0.000000000000000,-47.794894931100004,-40.104291734800000,True,0.372313247400000
2006-10-01,WP,1,HCTB_candidate_diagnostic,HCTB_anom,NetPath_high_total_anom,0.044409607737768,-0.112125299677076,(d),Western Pacific,HCTB → High-cloud pathway,HCTB anomaly,High-cloud Net CRE contribution (W m$^{-2}$),0.636987975200000,-44.144088134400000,-0.000000000000000,-47.794894931100004,-40.104291734800000,True,0.372313247400000
2006-11-01,WP,1,HCTB_candidate_diagnostic,HCTB_anom,NetPath_high_total_anom,0.013983246902294,1.431685659596308,(d),Western Pacific,HCTB → High-cloud pathway,HCTB anomaly,High-cloud Net CRE contribution (W m$^{-2}$),0.636987975200000,-44.144088134400000,-0.000000000000000,-47.794894931100004,-40.104291734800000,True,0.372313247400000
2006-12-01,WP,1,HCTB_candidate_diagnostic,HCTB_anom,NetPath_high_total_anom,0.007682666956864,1.967414828788267,(d),Western Pacific,HCTB → High-cloud pathway,HCTB anomaly,High-cloud Net CRE contribution (W m$^{-2}$),0.636987975200000,-44.144088134400000,-0.000000000000000,-47.794894931100004,-40.104291734800000,True,0.372313247400000
2007-01-01,WP,1,HCTB_candidate_diagnostic,HCTB_anom,NetPath_high_total_anom,0.022768521809039,0.468412478032138,(d),Western Pacific,HCTB → High-cloud pathway,HCTB anomaly,High-cloud Net CRE contribution (W m$^{-2}$),0.636987975200000,-44.144088134400000,-0.000000000000000,-47.794894931100004,-40.104291734800000,True,0.372313247400000
2007-02-01,WP,0,HCTB_candidate_diagnostic,HCTB_anom,NetPath_high_total_anom,0.000063235662758,0.422398836640323,(d),Western Pacific,HCTB → High-cloud pathway,HCTB anomaly,High-cloud Net CRE contribution (W m$^{-2}$),0.636987975200000,-44.144088134400000,-0.000000000000000,-47.794894931100004,-40.104291734800000,True,0.372313247400000
2007-03-01,WP,0,HCTB_candidate_diagnostic,HCTB_anom,NetPath_high_total_anom,0.026699001759570,-1.212738941379373,(d),Western Pacific,HCTB → High-cloud pathway,HCTB anomaly,High-cloud Net CRE contribution (W m$^{-2}$),0.636987975200000,-44.144088134400000,-0.000000000000000,-47.794894931100004,-40.104291734800000,True,0.372313247400000
2007-04-01,WP,0,HCTB_candidate_diagnostic,HCTB_anom,NetPath_high_total_anom,-0.002874768291488,0.733183941772644,(d),Western Pacific,HCTB → High-cloud pathway,HCTB anomaly,High-cloud Net CRE contribution (W m$^{-2}$),0.636987975200000,-44.144088134400000,-0.000000000000000,-47.794894931100004,-40.104291734800000,True,0.372313247400000
2007-05-01,WP,-1,HCTB_candidate_diagnostic,HCTB_anom,NetPath_high_total_anom,-0.001268190005572,0.617695704873110,(d),Western Pacific,HCTB → High-cloud pathway,HCTB anomaly,High-cloud Net CRE contribution (W m$^{-2}$),0.636987975200000,-44.144088134400000,-0.000000000000000,-47.794894931100004,-40.104291734800000,True,0.372313247400000
2007-06-01,WP,0,HCTB_candidate_diagnostic,HCTB_anom,NetPath_high_total_anom,-0.002741615974213,0.663220564487842,(d),Western Pacific,HCTB → High-cloud pathway,HCTB anomaly,High-cloud Net CRE contribution (W m$^{-2}$),0.636987975200000,-44.144088134400000,-0.000000000000000,-47.794894931100004,-40.104291734800000,True,0.372313247400000
2007-07-01,WP,-1,HCTB_candidate_diagnostic,HCTB_anom,NetPath_high_total_anom,-0.010208583032423,0.928680721630791,(d),Western Pacific,HCTB → High-cloud pathway,HCTB anomaly,High-cloud Net CRE contribution (W m$^{-2}$),0.636987975200000,-44.144088134400000,-0.000000000000000,-47.794894931100004,-40.104291734800000,True,0.372313247400000
2007-08-01,WP,-1,HCTB_candidate_diagnostic,HCTB_anom,NetPath_high_total_anom,0.010000911964942,-0.647886499335845,(d),Western Pacific,HCTB → High-cloud pathway,HCTB anomaly,High-cloud Net CRE contribution (W m$^{-2}$),0.636987975200000,-44.144088134400000,-0.000000000000000,-47.794894931100004,-40.104291734800000,True,0.372313247400000
2007-09-01,WP,-1,HCTB_candidate_diagnostic,HCTB_anom,NetPath_high_total_anom,0.039277975982504,-1.139153238295287,(d),Western Pacific,HCTB → High-cloud pathway,HCTB anomaly,High-cloud Net CRE contribution (W m$^{-2}$),0.636987975200000,-44.144088134400000,-0.000000000000000,-47.794894931100004,-40.104291734800000,True,0.372313247400000
2007-10-01,WP,-1,HCTB_candidate_diagnostic,HCTB_anom,NetPath_high_total_anom,-0.028933800261422,0.608053320271356,(d),Western Pacific,HCTB → High-cloud pathway,HCTB anomaly,High-cloud Net CRE contribution (W m$^{-2}$),0.636987975200000,-44.144088134400000,-0.000000000000000,-47.794894931100004,-40.104291734800000,True,0.372313247400000
2007-11-01,WP,-1,HCTB_candidate_diagnostic,HCTB_anom,NetPath_high_total_anom,0.053999233624997,-1.128448582972917,(d),Western Pacific,HCTB → High-cloud pathway,HCTB anomaly,High-cloud Net CRE contribution (W m$^{-2}$),0.636987975200000,-44.144088134400000,-0.000000000000000,-47.794894931100004,-40.104291734800000,True,0.372313247400000
2007-12-01,WP,-1,HCTB_candidate_diagnostic,HCTB_anom,NetPath_high_total_anom,-0.006537339875345,0.447309927650427,(d),Western Pacific,HCTB → High-cloud pathway,HCTB anomaly,High-cloud Net CRE contribution (W m$^{-2}$),0.636987975200000,-44.144088134400000,-0.000000000000000,-47.794894931100004,-40.104291734800000,True,0.372313247400000
2008-01-01,WP,-1,HCTB_candidate_diagnostic,HCTB_anom,NetPath_high_total_anom,-0.025808190047990,1.573849510823283,(d),Western Pacific,HCTB → High-cloud pathway,HCTB anomaly,High-cloud Net CRE contribution (W m$^{-2}$),0.636987975200000,-44.144088134400000,-0.000000000000000,-47.794894931100004,-40.104291734800000,True,0.372313247400000
2008-02-01,WP,-1,HCTB_candidate_diagnostic,HCTB_anom,NetPath_high_total_anom,0.023103626637787,-3.587389557538295,(d),Western Pacific,HCTB → High-cloud pathway,HCTB anomaly,High-cloud Net CRE contribution (W m$^{-2}$),0.636987975200000,-44.144088134400000,-0.000000000000000,-47.794894931100004,-40.104291734800000,True,0.372313247400000
2008-03-01,WP,-1,HCTB_candidate_diagnostic,HCTB_anom,NetPath_high_total_anom,-0.057396275673387,1.899165796271288,(d),Western Pacific,HCTB → High-cloud pathway,HCTB anomaly,High-cloud Net CRE contribution (W m$^{-2}$),0.636987975200000,-44.144088134400000,-0.000000000000000,-47.794894931100004,-40.104291734800000,True,0.372313247400000
2008-04-01,WP,-1,HCTB_candidate_diagnostic,HCTB_anom,NetPath_high_total_anom,0.011946452878054,-0.612779018156101,(d),Western Pacific,HCTB → High-cloud pathway,HCTB anomaly,High-cloud Net CRE contribution (W m$^{-2}$),0.636987975200000,-44.144088134400000,-0.000000000000000,-47.794894931100004,-40.104291734800000,True,0.372313247400000
2008-05-01,WP,-1,HCTB_candidate_diagnostic,HCTB_anom,NetPath_high_total_anom,0.038518512696775,-2.377595911184691,(d),Western Pacific,HCTB → High-cloud pathway,HCTB anomaly,High-cloud Net CRE contribution (W m$^{-2}$),0.636987975200000,-44.144088134400000,-0.000000000000000,-47.794894931100004,-40.104291734800000,True,0.372313247400000
2008-06-01,WP,-1,HCTB_candidate_diagnostic,HCTB_anom,NetPath_high_total_anom,0.028404613738137,-0.905174959773666,(d),Western Pacific,HCTB → High-cloud pathway,HCTB anomaly,High-cloud Net CRE contribution (W m$^{-2}$),0.636987975200000,-44.144088134400000,-0.000000000000000,-47.794894931100004,-40.104291734800000,True,0.372313247400000
2008-07-01,WP,0,HCTB_candidate_diagnostic,HCTB_anom,NetPath_high_total_anom,-0.032263161479665,1.750537690328912,(d),Western Pacific,HCTB → High-cloud pathway,HCTB anomaly,High-cloud Net CRE contribution (W m$^{-2}$),0.636987975200000,-44.144088134400000,-0.000000000000000,-47.794894931100004,-40.104291734800000,True,0.372313247400000
2008-08-01,WP,0,HCTB_candidate_diagnostic,HCTB_anom,NetPath_high_total_anom,0.004164603565696,-0.416975935658758,(d),Western Pacific,HCTB → High-cloud pathway,HCTB anomaly,High-cloud Net CRE contribution (W m$^{-2}$),0.636987975200000,-44.144088134400000,-0.000000000000000,-47.794894931100004,-40.104291734800000,True,0.372313247400000
2008-09-01,WP,0,HCTB_candidate_diagnostic,HCTB_anom,NetPath_high_total_anom,0.017245706175886,-0.803011777135112,(d),Western Pacific,HCTB → High-cloud pathway,HCTB anomaly,High-cloud Net CRE contribution (W m$^{-2}$),0.636987975200000,-44.144088134400000,-0.000000000000000,-47.794894931100004,-40.104291734800000,True,0.372313247400000
2008-10-01,WP,0,HCTB_candidate_diagnostic,HCTB_anom,NetPath_high_total_anom,0.038018758267837,-2.519336900490184,(d),Western Pacific,HCTB → High-cloud pathway,HCTB anomaly,High-cloud Net CRE contribution (W m$^{-2}$),0.636987975200000,-44.144088134400000,-0.000000000000000,-47.794894931100004,-40.104291734800000,True,0.372313247400000
2008-11-01,WP,-1,HCTB_candidate_diagnostic,HCTB_anom,NetPath_high_total_anom,-0.003987875241514,-0.786741769907106,(d),Western Pacific,HCTB → High-cloud pathway,HCTB anomaly,High-cloud Net CRE contribution (W m$^{-2}$),0.636987975200000,-44.144088134400000,-0.000000000000000,-47.794894931100004,-40.104291734800000,True,0.372313247400000
2008-12-01,WP,-1,HCTB_candidate_diagnostic,HCTB_anom,NetPath_high_total_anom,-0.007435354133045,-1.867450833147997,(d),Western Pacific,HCTB → High-cloud pathway,HCTB anomaly,High-cloud Net CRE contribution (W m$^{-2}$),0.636987975200000,-44.144088134400000,-0.000000000000000,-47.794894931100004,-40.104291734800000,True,0.372313247400000
2009-01-01,WP,-1,HCTB_candidate_diagnostic,HCTB_anom,NetPath_high_total_anom,-0.032328484765318,0.275313798194659,(d),Western Pacific,HCTB → High-cloud pathway,HCTB anomaly,High-cloud Net CRE contribution (W m$^{-2}$),0.636987975200000,-44.144088134400000,-0.000000000000000,-47.794894931100004,-40.104291734800000,True,0.372313247400000
2009-02-01,WP,-1,HCTB_candidate_diagnostic,HCTB_anom,NetPath_high_total_anom,0.068614507270100,-4.016517076742012,(d),Western Pacific,HCTB → High-cloud pathway,HCTB anomaly,High-cloud Net CRE contribution (W m$^{-2}$),0.636987975200000,-44.144088134400000,-0.000000000000000,-47.794894931100004,-40.104291734800000,True,0.372313247400000
2009-03-01,WP,-1,HCTB_candidate_diagnostic,HCTB_anom,NetPath_high_total_anom,-0.004403402737135,0.679897144393787,(d),Western Pacific,HCTB → High-cloud pathway,HCTB anomaly,High-cloud Net CRE contribution (W m$^{-2}$),0.636987975200000,-44.144088134400000,-0.000000000000000,-47.794894931100004,-40.104291734800000,True,0.372313247400000
2009-04-01,WP,0,HCTB_candidate_diagnostic,HCTB_anom,NetPath_high_total_anom,0.001231685080451,0.381807118155642,(d),Western Pacific,HCTB → High-cloud pathway,HCTB anomaly,High-cloud Net CRE contribution (W m$^{-2}$),0.636987975200000,-44.144088134400000,-0.000000000000000,-47.794894931100004,-40.104291734800000,True,0.372313247400000
2009-05-01,WP,0,HCTB_candidate_diagnostic,HCTB_anom,NetPath_high_total_anom,-0.015740753820063,0.256463768267477,(d),Western Pacific,HCTB → High-cloud pathway,HCTB anomaly,High-cloud Net CRE contribution (W m$^{-2}$),0.636987975200000,-44.144088134400000,-0.000000000000000,-47.794894931100004,-40.104291734800000,True,0.372313247400000
2009-06-01,WP,0,HCTB_candidate_diagnostic,HCTB_anom,NetPath_high_total_anom,-0.010227099811040,-0.193914153283219,(d),Western Pacific,HCTB → High-cloud pathway,HCTB anomaly,High-cloud Net CRE contribution (W m$^{-2}$),0.636987975200000,-44.144088134400000,-0.000000000000000,-47.794894931100004,-40.104291734800000,True,0.372313247400000
2009-07-01,WP,1,HCTB_candidate_diagnostic,HCTB_anom,NetPath_high_total_anom,0.045960697738639,-2.629693765035533,(d),Western Pacific,HCTB → High-cloud pathway,HCTB anomaly,High-cloud Net CRE contribution (W m$^{-2}$),0.636987975200000,-44.144088134400000,-0.000000000000000,-47.794894931100004,-40.104291734800000,True,0.372313247400000
2009-08-01,WP,1,HCTB_candidate_diagnostic,HCTB_anom,NetPath_high_total_anom,-0.010286439954921,1.387145506011225,(d),Western Pacific,HCTB → High-cloud pathway,HCTB anomaly,High-cloud Net CRE contribution (W m$^{-2}$),0.636987975200000,-44.144088134400000,-0.000000000000000,-47.794894931100004,-40.104291734800000,True,0.372313247400000
2009-09-01,WP,1,HCTB_candidate_diagnostic,HCTB_anom,NetPath_high_total_anom,0.059051369930601,-2.225283321920462,(d),Western Pacific,HCTB → High-cloud pathway,HCTB anomaly,High-cloud Net CRE contribution (W m$^{-2}$),0.636987975200000,-44.144088134400000,-0.000000000000000,-47.794894931100004,-40.104291734800000,True,0.372313247400000
2009-10-01,WP,1,HCTB_candidate_diagnostic,HCTB_anom,NetPath_high_total_anom,0.019359823582864,-0.789694523771553,(d),Western Pacific,HCTB → High-cloud pathway,HCTB anomaly,High-cloud Net CRE contribution (W m$^{-2}$),0.636987975200000,-44.144088134400000,-0.000000000000000,-47.794894931100004,-40.104291734800000,True,0.372313247400000
2009-11-01,WP,1,HCTB_candidate_diagnostic,HCTB_anom,NetPath_high_total_anom,0.049583606160696,-1.896311508919361,(d),Western Pacific,HCTB → High-cloud pathway,HCTB anomaly,High-cloud Net CRE contribution (W m$^{-2}$),0.636987975200000,-44.144088134400000,-0.000000000000000,-47.794894931100004,-40.104291734800000,True,0.372313247400000
2009-12-01,WP,1,HCTB_candidate_diagnostic,HCTB_anom,NetPath_high_total_anom,-0.033065164314228,1.646464926370656,(d),Western Pacific,HCTB → High-cloud pathway,HCTB anomaly,High-cloud Net CRE contribution (W m$^{-2}$),0.636987975200000,-44.144088134400000,-0.000000000000000,-47.794894931100004,-40.104291734800000,True,0.372313247400000
2010-01-01,WP,1,HCTB_candidate_diagnostic,HCTB_anom,NetPath_high_total_anom,0.036894173402110,-1.772976411190710,(d),Western Pacific,HCTB → High-cloud pathway,HCTB anomaly,High-cloud Net CRE contribution (W m$^{-2}$),0.636987975200000,-44.144088134400000,-0.000000000000000,-47.794894931100004,-40.104291734800000,True,0.372313247400000
2010-02-01,WP,1,HCTB_candidate_diagnostic,HCTB_anom,NetPath_high_total_anom,-0.018837807705020,3.268677225903077,(d),Western Pacific,HCTB → High-cloud pathway,HCTB anomaly,High-cloud Net CRE contribution (W m$^{-2}$),0.636987975200000,-44.144088134400000,-0.000000000000000,-47.794894931100004,-40.104291734800000,True,0.372313247400000
2010-03-01,WP,1,HCTB_candidate_diagnostic,HCTB_anom,NetPath_high_total_anom,-0.000964608246337,0.869324671236812,(d),Western Pacific,HCTB → High-cloud pathway,HCTB anomaly,High-cloud Net CRE contribution (W m$^{-2}$),0.636987975200000,-44.144088134400000,-0.000000000000000,-47.794894931100004,-40.104291734800000,True,0.372313247400000
2010-04-01,WP,0,HCTB_candidate_diagnostic,HCTB_anom,NetPath_high_total_anom,-0.000481249497865,-0.227854815158626,(d),Western Pacific,HCTB → High-cloud pathway,HCTB anomaly,High-cloud Net CRE contribution (W m$^{-2}$),0.636987975200000,-44.144088134400000,-0.000000000000000,-47.794894931100004,-40.104291734800000,True,0.372313247400000
2010-05-01,WP,0,HCTB_candidate_diagnostic,HCTB_anom,NetPath_high_total_anom,-0.022283634676181,0.763465516507593,(d),Western Pacific,HCTB → High-cloud pathway,HCTB anomaly,High-cloud Net CRE contribution (W m$^{-2}$),0.636987975200000,-44.144088134400000,-0.000000000000000,-47.794894931100004,-40.104291734800000,True,0.372313247400000
2010-06-01,WP,-1,HCTB_candidate_diagnostic,HCTB_anom,NetPath_high_total_anom,-0.036993263324436,1.641189245110504,(d),Western Pacific,HCTB → High-cloud pathway,HCTB anomaly,High-cloud Net CRE contribution (W m$^{-2}$),0.636987975200000,-44.144088134400000,-0.000000000000000,-47.794894931100004,-40.104291734800000,True,0.372313247400000
2010-07-01,WP,-1,HCTB_candidate_diagnostic,HCTB_anom,NetPath_high_total_anom,-0.023228253173239,1.624327620661703,(d),Western Pacific,HCTB → High-cloud pathway,HCTB anomaly,High-cloud Net CRE contribution (W m$^{-2}$),0.636987975200000,-44.144088134400000,-0.000000000000000,-47.794894931100004,-40.104291734800000,True,0.372313247400000
2010-08-01,WP,-1,HCTB_candidate_diagnostic,HCTB_anom,NetPath_high_total_anom,-0.006424831769799,0.404964072748544,(d),Western Pacific,HCTB → High-cloud pathway,HCTB anomaly,High-cloud Net CRE contribution (W m$^{-2}$),0.636987975200000,-44.144088134400000,-0.000000000000000,-47.794894931100004,-40.104291734800000,True,0.372313247400000
2010-09-01,WP,-1,HCTB_candidate_diagnostic,HCTB_anom,NetPath_high_total_anom,-0.052712851141102,2.407206092320911,(d),Western Pacific,HCTB → High-cloud pathway,HCTB anomaly,High-cloud Net CRE contribution (W m$^{-2}$),0.636987975200000,-44.144088134400000,-0.000000000000000,-47.794894931100004,-40.104291734800000,True,0.372313247400000
2010-10-01,WP,-1,HCTB_candidate_diagnostic,HCTB_anom,NetPath_high_total_anom,-0.001789398965068,-1.551381556146085,(d),Western Pacific,HCTB → High-cloud pathway,HCTB anomaly,High-cloud Net CRE contribution (W m$^{-2}$),0.636987975200000,-44.144088134400000,-0.000000000000000,-47.794894931100004,-40.104291734800000,True,0.372313247400000
2010-11-01,WP,-1,HCTB_candidate_diagnostic,HCTB_anom,NetPath_high_total_anom,-0.032585451809626,0.064634824642366,(d),Western Pacific,HCTB → High-cloud pathway,HCTB anomaly,High-cloud Net CRE contribution (W m$^{-2}$),0.636987975200000,-44.144088134400000,-0.000000000000000,-47.794894931100004,-40.104291734800000,True,0.372313247400000
2010-12-01,WP,-1,HCTB_candidate_diagnostic,HCTB_anom,NetPath_high_total_anom,0.007884335403523,-1.691092581494062,(d),Western Pacific,HCTB → High-cloud pathway,HCTB anomaly,High-cloud Net CRE contribution (W m$^{-2}$),0.636987975200000,-44.144088134400000,-0.000000000000000,-47.794894931100004,-40.104291734800000,True,0.372313247400000
2011-01-01,WP,-1,HCTB_candidate_diagnostic,HCTB_anom,NetPath_high_total_anom,0.003717750952458,-0.341508867400546,(d),Western Pacific,HCTB → High-cloud pathway,HCTB anomaly,High-cloud Net CRE contribution (W m$^{-2}$),0.636987975200000,-44.144088134400000,-0.000000000000000,-47.794894931100004,-40.104291734800000,True,0.372313247400000
2011-02-01,WP,-1,HCTB_candidate_diagnostic,HCTB_anom,NetPath_high_total_anom,0.017218631925873,-2.772781019991376,(d),Western Pacific,HCTB → High-cloud pathway,HCTB anomaly,High-cloud Net CRE contribution (W m$^{-2}$),0.636987975200000,-44.144088134400000,-0.000000000000000,-47.794894931100004,-40.104291734800000,True,0.372313247400000
2011-03-01,WP,-1,HCTB_candidate_diagnostic,HCTB_anom,NetPath_high_total_anom,0.038727331534960,-3.008438652081099,(d),Western Pacific,HCTB → High-cloud pathway,HCTB anomaly,High-cloud Net CRE contribution (W m$^{-2}$),0.636987975200000,-44.144088134400000,-0.000000000000000,-47.794894931100004,-40.104291734800000,True,0.372313247400000
2011-04-01,WP,-1,HCTB_candidate_diagnostic,HCTB_anom,NetPath_high_total_anom,0.012975483895607,-1.606504232296689,(d),Western Pacific,HCTB → High-cloud pathway,HCTB anomaly,High-cloud Net CRE contribution (W m$^{-2}$),0.636987975200000,-44.144088134400000,-0.000000000000000,-47.794894931100004,-40.104291734800000,True,0.372313247400000
2011-05-01,WP,-1,HCTB_candidate_diagnostic,HCTB_anom,NetPath_high_total_anom,0.015897808394531,-1.585166029462319,(d),Western Pacific,HCTB → High-cloud pathway,HCTB anomaly,High-cloud Net CRE contribution (W m$^{-2}$),0.636987975200000,-44.144088134400000,-0.000000000000000,-47.794894931100004,-40.104291734800000,True,0.372313247400000
2011-06-01,WP,0,HCTB_candidate_diagnostic,HCTB_anom,NetPath_high_total_anom,0.063327424829770,-2.397156371701498,(d),Western Pacific,HCTB → High-cloud pathway,HCTB anomaly,High-cloud Net CRE contribution (W m$^{-2}$),0.636987975200000,-44.144088134400000,-0.000000000000000,-47.794894931100004,-40.104291734800000,True,0.372313247400000
2011-07-01,WP,0,HCTB_candidate_diagnostic,HCTB_anom,NetPath_high_total_anom,0.041153249528288,-0.901526915098385,(d),Western Pacific,HCTB → High-cloud pathway,HCTB anomaly,High-cloud Net CRE contribution (W m$^{-2}$),0.636987975200000,-44.144088134400000,-0.000000000000000,-47.794894931100004,-40.104291734800000,True,0.372313247400000
2011-08-01,WP,-1,HCTB_candidate_diagnostic,HCTB_anom,NetPath_high_total_anom,0.001136720380258,-1.326220685543462,(d),Western Pacific,HCTB → High-cloud pathway,HCTB anomaly,High-cloud Net CRE contribution (W m$^{-2}$),0.636987975200000,-44.144088134400000,-0.000000000000000,-47.794894931100004,-40.104291734800000,True,0.372313247400000
2011-09-01,WP,-1,HCTB_candidate_diagnostic,HCTB_anom,NetPath_high_total_anom,0.039201600393555,-3.070791296478446,(d),Western Pacific,HCTB → High-cloud pathway,HCTB anomaly,High-cloud Net CRE contribution (W m$^{-2}$),0.636987975200000,-44.144088134400000,-0.000000000000000,-47.794894931100004,-40.104291734800000,True,0.372313247400000
2011-10-01,WP,-1,HCTB_candidate_diagnostic,HCTB_anom,NetPath_high_total_anom,0.016100441955466,-0.698811995797818,(d),Western Pacific,HCTB → High-cloud pathway,HCTB anomaly,High-cloud Net CRE contribution (W m$^{-2}$),0.636987975200000,-44.144088134400000,-0.000000000000000,-47.794894931100004,-40.104291734800000,True,0.372313247400000
2011-11-01,WP,-1,HCTB_candidate_diagnostic,HCTB_anom,NetPath_high_total_anom,0.021444563980731,-1.572744074257777,(d),Western Pacific,HCTB → High-cloud pathway,HCTB anomaly,High-cloud Net CRE contribution (W m$^{-2}$),0.636987975200000,-44.144088134400000,-0.000000000000000,-47.794894931100004,-40.104291734800000,True,0.372313247400000
2011-12-01,WP,-1,HCTB_candidate_diagnostic,HCTB_anom,NetPath_high_total_anom,0.013236562131245,-2.047238574758988,(d),Western Pacific,HCTB → High-cloud pathway,HCTB anomaly,High-cloud Net CRE contribution (W m$^{-2}$),0.636987975200000,-44.144088134400000,-0.000000000000000,-47.794894931100004,-40.104291734800000,True,0.372313247400000
2012-01-01,WP,-1,HCTB_candidate_diagnostic,HCTB_anom,NetPath_high_total_anom,-0.033315304464703,-0.113331397041585,(d),Western Pacific,HCTB → High-cloud pathway,HCTB anomaly,High-cloud Net CRE contribution (W m$^{-2}$),0.636987975200000,-44.144088134400000,-0.000000000000000,-47.794894931100004,-40.104291734800000,True,0.372313247400000
2012-02-01,WP,-1,HCTB_candidate_diagnostic,HCTB_anom,NetPath_high_total_anom,-0.065188348301842,2.620228004529713,(d),Western Pacific,HCTB → High-cloud pathway,HCTB anomaly,High-cloud Net CRE contribution (W m$^{-2}$),0.636987975200000,-44.144088134400000,-0.000000000000000,-47.794894931100004,-40.104291734800000,True,0.372313247400000
2012-03-01,WP,-1,HCTB_candidate_diagnostic,HCTB_anom,NetPath_high_total_anom,0.049483470860724,-3.212496231636433,(d),Western Pacific,HCTB → High-cloud pathway,HCTB anomaly,High-cloud Net CRE contribution (W m$^{-2}$),0.636987975200000,-44.144088134400000,-0.000000000000000,-47.794894931100004,-40.104291734800000,True,0.372313247400000
2012-04-01,WP,-1,HCTB_candidate_diagnostic,HCTB_anom,NetPath_high_total_anom,-0.026546066957398,1.113174068160971,(d),Western Pacific,HCTB → High-cloud pathway,HCTB anomaly,High-cloud Net CRE contribution (W m$^{-2}$),0.636987975200000,-44.144088134400000,-0.000000000000000,-47.794894931100004,-40.104291734800000,True,0.372313247400000
2012-05-01,WP,0,HCTB_candidate_diagnostic,HCTB_anom,NetPath_high_total_anom,0.012675187618913,-1.579891894056652,(d),Western Pacific,HCTB → High-cloud pathway,HCTB anomaly,High-cloud Net CRE contribution (W m$^{-2}$),0.636987975200000,-44.144088134400000,-0.000000000000000,-47.794894931100004,-40.104291734800000,True,0.372313247400000
2012-06-01,WP,0,HCTB_candidate_diagnostic,HCTB_anom,NetPath_high_total_anom,0.038790629162209,-1.862441141221963,(d),Western Pacific,HCTB → High-cloud pathway,HCTB anomaly,High-cloud Net CRE contribution (W m$^{-2}$),0.636987975200000,-44.144088134400000,-0.000000000000000,-47.794894931100004,-40.104291734800000,True,0.372313247400000
2012-07-01,WP,0,HCTB_candidate_diagnostic,HCTB_anom,NetPath_high_total_anom,0.004387281332830,-0.655031594912751,(d),Western Pacific,HCTB → High-cloud pathway,HCTB anomaly,High-cloud Net CRE contribution (W m$^{-2}$),0.636987975200000,-44.144088134400000,-0.000000000000000,-47.794894931100004,-40.104291734800000,True,0.372313247400000
2012-08-01,WP,1,HCTB_candidate_diagnostic,HCTB_anom,NetPath_high_total_anom,0.006871835426530,-1.771939624588538,(d),Western Pacific,HCTB → High-cloud pathway,HCTB anomaly,High-cloud Net CRE contribution (W m$^{-2}$),0.636987975200000,-44.144088134400000,-0.000000000000000,-47.794894931100004,-40.104291734800000,True,0.372313247400000
2012-09-01,WP,0,HCTB_candidate_diagnostic,HCTB_anom,NetPath_high_total_anom,0.028203857987029,-2.125897723727859,(d),Western Pacific,HCTB → High-cloud pathway,HCTB anomaly,High-cloud Net CRE contribution (W m$^{-2}$),0.636987975200000,-44.144088134400000,-0.000000000000000,-47.794894931100004,-40.104291734800000,True,0.372313247400000
2012-10-01,WP,0,HCTB_candidate_diagnostic,HCTB_anom,NetPath_high_total_anom,0.022512797949050,-1.213076350303213,(d),Western Pacific,HCTB → High-cloud pathway,HCTB anomaly,High-cloud Net CRE contribution (W m$^{-2}$),0.636987975200000,-44.144088134400000,-0.000000000000000,-47.794894931100004,-40.104291734800000,True,0.372313247400000
2012-11-01,WP,0,HCTB_candidate_diagnostic,HCTB_anom,NetPath_high_total_anom,-0.011365747713239,1.015591169591902,(d),Western Pacific,HCTB → High-cloud pathway,HCTB anomaly,High-cloud Net CRE contribution (W m$^{-2}$),0.636987975200000,-44.144088134400000,-0.000000000000000,-47.794894931100004,-40.104291734800000,True,0.372313247400000
2012-12-01,WP,0,HCTB_candidate_diagnostic,HCTB_anom,NetPath_high_total_anom,-0.054805580410962,2.952490394271368,(d),Western Pacific,HCTB → High-cloud pathway,HCTB anomaly,High-cloud Net CRE contribution (W m$^{-2}$),0.636987975200000,-44.144088134400000,-0.000000000000000,-47.794894931100004,-40.104291734800000,True,0.372313247400000
2013-01-01,WP,-1,HCTB_candidate_diagnostic,HCTB_anom,NetPath_high_total_anom,0.007095242545672,-0.975478399424301,(d),Western Pacific,HCTB → High-cloud pathway,HCTB anomaly,High-cloud Net CRE contribution (W m$^{-2}$),0.636987975200000,-44.144088134400000,-0.000000000000000,-47.794894931100004,-40.104291734800000,True,0.372313247400000
2013-02-01,WP,-1,HCTB_candidate_diagnostic,HCTB_anom,NetPath_high_total_anom,0.006559692330668,0.184668834117672,(d),Western Pacific,HCTB → High-cloud pathway,HCTB anomaly,High-cloud Net CRE contribution (W m$^{-2}$),0.636987975200000,-44.144088134400000,-0.000000000000000,-47.794894931100004,-40.104291734800000,True,0.372313247400000
2013-03-01,WP,0,HCTB_candidate_diagnostic,HCTB_anom,NetPath_high_total_anom,-0.006159299022506,0.174714984433526,(d),Western Pacific,HCTB → High-cloud pathway,HCTB anomaly,High-cloud Net CRE contribution (W m$^{-2}$),0.636987975200000,-44.144088134400000,-0.000000000000000,-47.794894931100004,-40.104291734800000,True,0.372313247400000
2013-04-01,WP,0,HCTB_candidate_diagnostic,HCTB_anom,NetPath_high_total_anom,-0.001485252163642,-0.880967409309318,(d),Western Pacific,HCTB → High-cloud pathway,HCTB anomaly,High-cloud Net CRE contribution (W m$^{-2}$),0.636987975200000,-44.144088134400000,-0.000000000000000,-47.794894931100004,-40.104291734800000,True,0.372313247400000
2013-05-01,WP,0,HCTB_candidate_diagnostic,HCTB_anom,NetPath_high_total_anom,-0.024586779743013,1.133430615415465,(d),Western Pacific,HCTB → High-cloud pathway,HCTB anomaly,High-cloud Net CRE contribution (W m$^{-2}$),0.636987975200000,-44.144088134400000,-0.000000000000000,-47.794894931100004,-40.104291734800000,True,0.372313247400000
2013-06-01,WP,0,HCTB_candidate_diagnostic,HCTB_anom,NetPath_high_total_anom,0.009048716894390,-1.459215743831282,(d),Western Pacific,HCTB → High-cloud pathway,HCTB anomaly,High-cloud Net CRE contribution (W m$^{-2}$),0.636987975200000,-44.144088134400000,-0.000000000000000,-47.794894931100004,-40.104291734800000,True,0.372313247400000
2013-07-01,WP,0,HCTB_candidate_diagnostic,HCTB_anom,NetPath_high_total_anom,-0.017537645811941,0.601444443241103,(d),Western Pacific,HCTB → High-cloud pathway,HCTB anomaly,High-cloud Net CRE contribution (W m$^{-2}$),0.636987975200000,-44.144088134400000,-0.000000000000000,-47.794894931100004,-40.104291734800000,True,0.372313247400000
2013-08-01,WP,0,HCTB_candidate_diagnostic,HCTB_anom,NetPath_high_total_anom,0.001410999924248,0.017126117122005,(d),Western Pacific,HCTB → High-cloud pathway,HCTB anomaly,High-cloud Net CRE contribution (W m$^{-2}$),0.636987975200000,-44.144088134400000,-0.000000000000000,-47.794894931100004,-40.104291734800000,True,0.372313247400000
2013-09-01,WP,0,HCTB_candidate_diagnostic,HCTB_anom,NetPath_high_total_anom,-0.017682475791216,0.376193128305364,(d),Western Pacific,HCTB → High-cloud pathway,HCTB anomaly,High-cloud Net CRE contribution (W m$^{-2}$),0.636987975200000,-44.144088134400000,-0.000000000000000,-47.794894931100004,-40.104291734800000,True,0.372313247400000
2013-10-01,WP,0,HCTB_candidate_diagnostic,HCTB_anom,NetPath_high_total_anom,-0.008376102121352,-0.406787888287204,(d),Western Pacific,HCTB → High-cloud pathway,HCTB anomaly,High-cloud Net CRE contribution (W m$^{-2}$),0.636987975200000,-44.144088134400000,-0.000000000000000,-47.794894931100004,-40.104291734800000,True,0.372313247400000
2013-11-01,WP,0,HCTB_candidate_diagnostic,HCTB_anom,NetPath_high_total_anom,0.014444759383494,-1.611291810356607,(d),Western Pacific,HCTB → High-cloud pathway,HCTB anomaly,High-cloud Net CRE contribution (W m$^{-2}$),0.636987975200000,-44.144088134400000,-0.000000000000000,-47.794894931100004,-40.104291734800000,True,0.372313247400000
2013-12-01,WP,0,HCTB_candidate_diagnostic,HCTB_anom,NetPath_high_total_anom,-0.012865927167112,-0.438045474170009,(d),Western Pacific,HCTB → High-cloud pathway,HCTB anomaly,High-cloud Net CRE contribution (W m$^{-2}$),0.636987975200000,-44.144088134400000,-0.000000000000000,-47.794894931100004,-40.104291734800000,True,0.372313247400000
2014-01-01,WP,-1,HCTB_candidate_diagnostic,HCTB_anom,NetPath_high_total_anom,0.081278976896058,-1.495129440856227,(d),Western Pacific,HCTB → High-cloud pathway,HCTB anomaly,High-cloud Net CRE contribution (W m$^{-2}$),0.636987975200000,-44.144088134400000,-0.000000000000000,-47.794894931100004,-40.104291734800000,True,0.372313247400000
2014-02-01,WP,-1,HCTB_candidate_diagnostic,HCTB_anom,NetPath_high_total_anom,0.005479781886252,-0.776632823310133,(d),Western Pacific,HCTB → High-cloud pathway,HCTB anomaly,High-cloud Net CRE contribution (W m$^{-2}$),0.636987975200000,-44.144088134400000,-0.000000000000000,-47.794894931100004,-40.104291734800000,True,0.372313247400000
2014-03-01,WP,0,HCTB_candidate_diagnostic,HCTB_anom,NetPath_high_total_anom,-0.035721162733444,2.786478401842098,(d),Western Pacific,HCTB → High-cloud pathway,HCTB anomaly,High-cloud Net CRE contribution (W m$^{-2}$),0.636987975200000,-44.144088134400000,-0.000000000000000,-47.794894931100004,-40.104291734800000,True,0.372313247400000
2014-04-01,WP,0,HCTB_candidate_diagnostic,HCTB_anom,NetPath_high_total_anom,0.006688093645674,-0.382750566786120,(d),Western Pacific,HCTB → High-cloud pathway,HCTB anomaly,High-cloud Net CRE contribution (W m$^{-2}$),0.636987975200000,-44.144088134400000,-0.000000000000000,-47.794894931100004,-40.104291734800000,True,0.372313247400000
2014-05-01,WP,0,HCTB_candidate_diagnostic,HCTB_anom,NetPath_high_total_anom,-0.023483398138860,1.266203658235529,(d),Western Pacific,HCTB → High-cloud pathway,HCTB anomaly,High-cloud Net CRE contribution (W m$^{-2}$),0.636987975200000,-44.144088134400000,-0.000000000000000,-47.794894931100004,-40.104291734800000,True,0.372313247400000
2014-06-01,WP,0,HCTB_candidate_diagnostic,HCTB_anom,NetPath_high_total_anom,-0.013926304015426,-0.600897124135424,(d),Western Pacific,HCTB → High-cloud pathway,HCTB anomaly,High-cloud Net CRE contribution (W m$^{-2}$),0.636987975200000,-44.144088134400000,-0.000000000000000,-47.794894931100004,-40.104291734800000,True,0.372313247400000
2014-07-01,WP,0,HCTB_candidate_diagnostic,HCTB_anom,NetPath_high_total_anom,0.031769314680239,-2.652638085628311,(d),Western Pacific,HCTB → High-cloud pathway,HCTB anomaly,High-cloud Net CRE contribution (W m$^{-2}$),0.636987975200000,-44.144088134400000,-0.000000000000000,-47.794894931100004,-40.104291734800000,True,0.372313247400000
2014-08-01,WP,0,HCTB_candidate_diagnostic,HCTB_anom,NetPath_high_total_anom,-0.021901408309981,0.765795880158872,(d),Western Pacific,HCTB → High-cloud pathway,HCTB anomaly,High-cloud Net CRE contribution (W m$^{-2}$),0.636987975200000,-44.144088134400000,-0.000000000000000,-47.794894931100004,-40.104291734800000,True,0.372313247400000
2014-09-01,WP,0,HCTB_candidate_diagnostic,HCTB_anom,NetPath_high_total_anom,0.018720723532217,-2.055119999517931,(d),Western Pacific,HCTB → High-cloud pathway,HCTB anomaly,High-cloud Net CRE contribution (W m$^{-2}$),0.636987975200000,-44.144088134400000,-0.000000000000000,-47.794894931100004,-40.104291734800000,True,0.372313247400000
2014-10-01,WP,1,HCTB_candidate_diagnostic,HCTB_anom,NetPath_high_total_anom,0.005756677228829,-0.315786604790377,(d),Western Pacific,HCTB → High-cloud pathway,HCTB anomaly,High-cloud Net CRE contribution (W m$^{-2}$),0.636987975200000,-44.144088134400000,-0.000000000000000,-47.794894931100004,-40.104291734800000,True,0.372313247400000
2014-11-01,WP,1,HCTB_candidate_diagnostic,HCTB_anom,NetPath_high_total_anom,-0.014791222557415,0.545700439611554,(d),Western Pacific,HCTB → High-cloud pathway,HCTB anomaly,High-cloud Net CRE contribution (W m$^{-2}$),0.636987975200000,-44.144088134400000,-0.000000000000000,-47.794894931100004,-40.104291734800000,True,0.372313247400000
2014-12-01,WP,1,HCTB_candidate_diagnostic,HCTB_anom,NetPath_high_total_anom,-0.037245703542095,0.464748693940333,(d),Western Pacific,HCTB → High-cloud pathway,HCTB anomaly,High-cloud Net CRE contribution (W m$^{-2}$),0.636987975200000,-44.144088134400000,-0.000000000000000,-47.794894931100004,-40.104291734800000,True,0.372313247400000
2015-01-01,WP,1,HCTB_candidate_diagnostic,HCTB_anom,NetPath_high_total_anom,0.037121646991763,-0.600789832327774,(d),Western Pacific,HCTB → High-cloud pathway,HCTB anomaly,High-cloud Net CRE contribution (W m$^{-2}$),0.636987975200000,-44.144088134400000,-0.000000000000000,-47.794894931100004,-40.104291734800000,True,0.372313247400000
2015-02-01,WP,0,HCTB_candidate_diagnostic,HCTB_anom,NetPath_high_total_anom,0.028952842246161,-1.587444771878462,(d),Western Pacific,HCTB → High-cloud pathway,HCTB anomaly,High-cloud Net CRE contribution (W m$^{-2}$),0.636987975200000,-44.144088134400000,-0.000000000000000,-47.794894931100004,-40.104291734800000,True,0.372313247400000
2015-03-01,WP,1,HCTB_candidate_diagnostic,HCTB_anom,NetPath_high_total_anom,-0.032829156201155,2.969211157329521,(d),Western Pacific,HCTB → High-cloud pathway,HCTB anomaly,High-cloud Net CRE contribution (W m$^{-2}$),0.636987975200000,-44.144088134400000,-0.000000000000000,-47.794894931100004,-40.104291734800000,True,0.372313247400000
2015-04-01,WP,1,HCTB_candidate_diagnostic,HCTB_anom,NetPath_high_total_anom,-0.054484482132298,2.058398711925741,(d),Western Pacific,HCTB → High-cloud pathway,HCTB anomaly,High-cloud Net CRE contribution (W m$^{-2}$),0.636987975200000,-44.144088134400000,-0.000000000000000,-47.794894931100004,-40.104291734800000,True,0.372313247400000
2015-05-01,WP,1,HCTB_candidate_diagnostic,HCTB_anom,NetPath_high_total_anom,-0.018616233467573,1.881951428414355,(d),Western Pacific,HCTB → High-cloud pathway,HCTB anomaly,High-cloud Net CRE contribution (W m$^{-2}$),0.636987975200000,-44.144088134400000,-0.000000000000000,-47.794894931100004,-40.104291734800000,True,0.372313247400000
2015-06-01,WP,1,HCTB_candidate_diagnostic,HCTB_anom,NetPath_high_total_anom,0.012162652524394,-0.073798334107960,(d),Western Pacific,HCTB → High-cloud pathway,HCTB anomaly,High-cloud Net CRE contribution (W m$^{-2}$),0.636987975200000,-44.144088134400000,-0.000000000000000,-47.794894931100004,-40.104291734800000,True,0.372313247400000
2015-07-01,WP,1,HCTB_candidate_diagnostic,HCTB_anom,NetPath_high_total_anom,-0.030498077521672,2.412121309082769,(d),Western Pacific,HCTB → High-cloud pathway,HCTB anomaly,High-cloud Net CRE contribution (W m$^{-2}$),0.636987975200000,-44.144088134400000,-0.000000000000000,-47.794894931100004,-40.104291734800000,True,0.372313247400000
2015-08-01,WP,1,HCTB_candidate_diagnostic,HCTB_anom,NetPath_high_total_anom,-0.028772172967879,1.957095270603843,(d),Western Pacific,HCTB → High-cloud pathway,HCTB anomaly,High-cloud Net CRE contribution (W m$^{-2}$),0.636987975200000,-44.144088134400000,-0.000000000000000,-47.794894931100004,-40.104291734800000,True,0.372313247400000
2015-09-01,WP,1,HCTB_candidate_diagnostic,HCTB_anom,NetPath_high_total_anom,0.014299154219409,0.793467474105304,(d),Western Pacific,HCTB → High-cloud pathway,HCTB anomaly,High-cloud Net CRE contribution (W m$^{-2}$),0.636987975200000,-44.144088134400000,-0.000000000000000,-47.794894931100004,-40.104291734800000,True,0.372313247400000
2015-10-01,WP,1,HCTB_candidate_diagnostic,HCTB_anom,NetPath_high_total_anom,0.023052811771892,1.797307773231153,(d),Western Pacific,HCTB → High-cloud pathway,HCTB anomaly,High-cloud Net CRE contribution (W m$^{-2}$),0.636987975200000,-44.144088134400000,-0.000000000000000,-47.794894931100004,-40.104291734800000,True,0.372313247400000
2015-11-01,WP,1,HCTB_candidate_diagnostic,HCTB_anom,NetPath_high_total_anom,0.018685417015504,0.294977856489930,(d),Western Pacific,HCTB → High-cloud pathway,HCTB anomaly,High-cloud Net CRE contribution (W m$^{-2}$),0.636987975200000,-44.144088134400000,-0.000000000000000,-47.794894931100004,-40.104291734800000,True,0.372313247400000
2015-12-01,WP,1,HCTB_candidate_diagnostic,HCTB_anom,NetPath_high_total_anom,0.002483152780311,0.801299693007753,(d),Western Pacific,HCTB → High-cloud pathway,HCTB anomaly,High-cloud Net CRE contribution (W m$^{-2}$),0.636987975200000,-44.144088134400000,-0.000000000000000,-47.794894931100004,-40.104291734800000,True,0.372313247400000
2016-01-01,WP,1,HCTB_candidate_diagnostic,HCTB_anom,NetPath_high_total_anom,-0.006116155397064,3.451225570601447,(d),Western Pacific,HCTB → High-cloud pathway,HCTB anomaly,High-cloud Net CRE contribution (W m$^{-2}$),0.636987975200000,-44.144088134400000,-0.000000000000000,-47.794894931100004,-40.104291734800000,True,0.372313247400000
2016-02-01,WP,1,HCTB_candidate_diagnostic,HCTB_anom,NetPath_high_total_anom,-0.055371891768860,3.482728160069732,(d),Western Pacific,HCTB → High-cloud pathway,HCTB anomaly,High-cloud Net CRE contribution (W m$^{-2}$),0.636987975200000,-44.144088134400000,-0.000000000000000,-47.794894931100004,-40.104291734800000,True,0.372313247400000
2016-03-01,WP,1,HCTB_candidate_diagnostic,HCTB_anom,NetPath_high_total_anom,-0.035254133155247,2.766854482593183,(d),Western Pacific,HCTB → High-cloud pathway,HCTB anomaly,High-cloud Net CRE contribution (W m$^{-2}$),0.636987975200000,-44.144088134400000,-0.000000000000000,-47.794894931100004,-40.104291734800000,True,0.372313247400000
2016-04-01,WP,1,HCTB_candidate_diagnostic,HCTB_anom,NetPath_high_total_anom,0.007307781389415,0.644198647488930,(d),Western Pacific,HCTB → High-cloud pathway,HCTB anomaly,High-cloud Net CRE contribution (W m$^{-2}$),0.636987975200000,-44.144088134400000,-0.000000000000000,-47.794894931100004,-40.104291734800000,True,0.372313247400000
2016-05-01,WP,0,HCTB_candidate_diagnostic,HCTB_anom,NetPath_high_total_anom,-0.007586381126261,0.530685099523791,(d),Western Pacific,HCTB → High-cloud pathway,HCTB anomaly,High-cloud Net CRE contribution (W m$^{-2}$),0.636987975200000,-44.144088134400000,-0.000000000000000,-47.794894931100004,-40.104291734800000,True,0.372313247400000
2016-06-01,WP,0,HCTB_candidate_diagnostic,HCTB_anom,NetPath_high_total_anom,-0.054391644917377,2.370046625641722,(d),Western Pacific,HCTB → High-cloud pathway,HCTB anomaly,High-cloud Net CRE contribution (W m$^{-2}$),0.636987975200000,-44.144088134400000,-0.000000000000000,-47.794894931100004,-40.104291734800000,True,0.372313247400000
2016-07-01,WP,-1,HCTB_candidate_diagnostic,HCTB_anom,NetPath_high_total_anom,-0.015275325675452,1.708424335824081,(d),Western Pacific,HCTB → High-cloud pathway,HCTB anomaly,High-cloud Net CRE contribution (W m$^{-2}$),0.636987975200000,-44.144088134400000,-0.000000000000000,-47.794894931100004,-40.104291734800000,True,0.372313247400000
2016-08-01,WP,-1,HCTB_candidate_diagnostic,HCTB_anom,NetPath_high_total_anom,-0.032100816389483,1.163789275343889,(d),Western Pacific,HCTB → High-cloud pathway,HCTB anomaly,High-cloud Net CRE contribution (W m$^{-2}$),0.636987975200000,-44.144088134400000,-0.000000000000000,-47.794894931100004,-40.104291734800000,True,0.372313247400000
2016-09-01,WP,-1,HCTB_candidate_diagnostic,HCTB_anom,NetPath_high_total_anom,-0.028211608454659,0.644647336875422,(d),Western Pacific,HCTB → High-cloud pathway,HCTB anomaly,High-cloud Net CRE contribution (W m$^{-2}$),0.636987975200000,-44.144088134400000,-0.000000000000000,-47.794894931100004,-40.104291734800000,True,0.372313247400000
2016-10-01,WP,-1,HCTB_candidate_diagnostic,HCTB_anom,NetPath_high_total_anom,0.004711900518753,-1.313944235340676,(d),Western Pacific,HCTB → High-cloud pathway,HCTB anomaly,High-cloud Net CRE contribution (W m$^{-2}$),0.636987975200000,-44.144088134400000,-0.000000000000000,-47.794894931100004,-40.104291734800000,True,0.372313247400000
2016-11-01,WP,-1,HCTB_candidate_diagnostic,HCTB_anom,NetPath_high_total_anom,-0.065389844777856,2.611989093570915,(d),Western Pacific,HCTB → High-cloud pathway,HCTB anomaly,High-cloud Net CRE contribution (W m$^{-2}$),0.636987975200000,-44.144088134400000,-0.000000000000000,-47.794894931100004,-40.104291734800000,True,0.372313247400000
2016-12-01,WP,-1,HCTB_candidate_diagnostic,HCTB_anom,NetPath_high_total_anom,0.048085273093844,-2.280966931154034,(d),Western Pacific,HCTB → High-cloud pathway,HCTB anomaly,High-cloud Net CRE contribution (W m$^{-2}$),0.636987975200000,-44.144088134400000,-0.000000000000000,-47.794894931100004,-40.104291734800000,True,0.372313247400000
2017-01-01,WP,0,HCTB_candidate_diagnostic,HCTB_anom,NetPath_high_total_anom,0.004448696346893,-1.057207114863810,(d),Western Pacific,HCTB → High-cloud pathway,HCTB anomaly,High-cloud Net CRE contribution (W m$^{-2}$),0.636987975200000,-44.144088134400000,-0.000000000000000,-47.794894931100004,-40.104291734800000,True,0.372313247400000
2017-02-01,WP,0,HCTB_candidate_diagnostic,HCTB_anom,NetPath_high_total_anom,0.030668815961610,-1.950509981685514,(d),Western Pacific,HCTB → High-cloud pathway,HCTB anomaly,High-cloud Net CRE contribution (W m$^{-2}$),0.636987975200000,-44.144088134400000,-0.000000000000000,-47.794894931100004,-40.104291734800000,True,0.372313247400000
2017-03-01,WP,0,HCTB_candidate_diagnostic,HCTB_anom,NetPath_high_total_anom,0.021316844366472,-2.078904949678098,(d),Western Pacific,HCTB → High-cloud pathway,HCTB anomaly,High-cloud Net CRE contribution (W m$^{-2}$),0.636987975200000,-44.144088134400000,-0.000000000000000,-47.794894931100004,-40.104291734800000,True,0.372313247400000
2017-04-01,WP,0,HCTB_candidate_diagnostic,HCTB_anom,NetPath_high_total_anom,0.010156004833594,-0.486991224433512,(d),Western Pacific,HCTB → High-cloud pathway,HCTB anomaly,High-cloud Net CRE contribution (W m$^{-2}$),0.636987975200000,-44.144088134400000,-0.000000000000000,-47.794894931100004,-40.104291734800000,True,0.372313247400000
2017-05-01,WP,0,HCTB_candidate_diagnostic,HCTB_anom,NetPath_high_total_anom,-0.015142956647979,0.561245843973436,(d),Western Pacific,HCTB → High-cloud pathway,HCTB anomaly,High-cloud Net CRE contribution (W m$^{-2}$),0.636987975200000,-44.144088134400000,-0.000000000000000,-47.794894931100004,-40.104291734800000,True,0.372313247400000
2017-06-01,WP,0,HCTB_candidate_diagnostic,HCTB_anom,NetPath_high_total_anom,0.021390727702281,-0.749551926434918,(d),Western Pacific,HCTB → High-cloud pathway,HCTB anomaly,High-cloud Net CRE contribution (W m$^{-2}$),0.636987975200000,-44.144088134400000,-0.000000000000000,-47.794894931100004,-40.104291734800000,True,0.372313247400000
2017-07-01,WP,0,HCTB_candidate_diagnostic,HCTB_anom,NetPath_high_total_anom,0.025694772486956,-1.064006429034156,(d),Western Pacific,HCTB → High-cloud pathway,HCTB anomaly,High-cloud Net CRE contribution (W m$^{-2}$),0.636987975200000,-44.144088134400000,-0.000000000000000,-47.794894931100004,-40.104291734800000,True,0.372313247400000
2017-08-01,WP,0,HCTB_candidate_diagnostic,HCTB_anom,NetPath_high_total_anom,-0.026056570428990,1.497672709531931,(d),Western Pacific,HCTB → High-cloud pathway,HCTB anomaly,High-cloud Net CRE contribution (W m$^{-2}$),0.636987975200000,-44.144088134400000,-0.000000000000000,-47.794894931100004,-40.104291734800000,True,0.372313247400000
2017-09-01,WP,0,HCTB_candidate_diagnostic,HCTB_anom,NetPath_high_total_anom,0.006936595064665,-1.196222880041832,(d),Western Pacific,HCTB → High-cloud pathway,HCTB anomaly,High-cloud Net CRE contribution (W m$^{-2}$),0.636987975200000,-44.144088134400000,-0.000000000000000,-47.794894931100004,-40.104291734800000,True,0.372313247400000
2017-10-01,WP,-1,HCTB_candidate_diagnostic,HCTB_anom,NetPath_high_total_anom,0.024707035043157,-2.098927109652693,(d),Western Pacific,HCTB → High-cloud pathway,HCTB anomaly,High-cloud Net CRE contribution (W m$^{-2}$),0.636987975200000,-44.144088134400000,-0.000000000000000,-47.794894931100004,-40.104291734800000,True,0.372313247400000
2017-11-01,WP,-1,HCTB_candidate_diagnostic,HCTB_anom,NetPath_high_total_anom,-0.022486015384534,-0.439569604021394,(d),Western Pacific,HCTB → High-cloud pathway,HCTB anomaly,High-cloud Net CRE contribution (W m$^{-2}$),0.636987975200000,-44.144088134400000,-0.000000000000000,-47.794894931100004,-40.104291734800000,True,0.372313247400000
2017-12-01,WP,-1,HCTB_candidate_diagnostic,HCTB_anom,NetPath_high_total_anom,0.038164067308022,-1.486099971492048,(d),Western Pacific,HCTB → High-cloud pathway,HCTB anomaly,High-cloud Net CRE contribution (W m$^{-2}$),0.636987975200000,-44.144088134400000,-0.000000000000000,-47.794894931100004,-40.104291734800000,True,0.372313247400000
2018-01-01,WP,-1,HCTB_candidate_diagnostic,HCTB_anom,NetPath_high_total_anom,-0.002421776451160,-1.431447471467036,(d),Western Pacific,HCTB → High-cloud pathway,HCTB anomaly,High-cloud Net CRE contribution (W m$^{-2}$),0.636987975200000,-44.144088134400000,-0.000000000000000,-47.794894931100004,-40.104291734800000,True,0.372313247400000
2018-02-01,WP,-1,HCTB_candidate_diagnostic,HCTB_anom,NetPath_high_total_anom,-0.007087303473556,0.433667100512677,(d),Western Pacific,HCTB → High-cloud pathway,HCTB anomaly,High-cloud Net CRE contribution (W m$^{-2}$),0.636987975200000,-44.144088134400000,-0.000000000000000,-47.794894931100004,-40.104291734800000,True,0.372313247400000
2018-03-01,WP,-1,HCTB_candidate_diagnostic,HCTB_anom,NetPath_high_total_anom,-0.014099879546863,0.708474376379103,(d),Western Pacific,HCTB → High-cloud pathway,HCTB anomaly,High-cloud Net CRE contribution (W m$^{-2}$),0.636987975200000,-44.144088134400000,-0.000000000000000,-47.794894931100004,-40.104291734800000,True,0.372313247400000
2018-04-01,WP,-1,HCTB_candidate_diagnostic,HCTB_anom,NetPath_high_total_anom,-0.047145550151957,1.447015967504905,(d),Western Pacific,HCTB → High-cloud pathway,HCTB anomaly,High-cloud Net CRE contribution (W m$^{-2}$),0.636987975200000,-44.144088134400000,-0.000000000000000,-47.794894931100004,-40.104291734800000,True,0.372313247400000
2018-05-01,WP,0,HCTB_candidate_diagnostic,HCTB_anom,NetPath_high_total_anom,-0.005686421767853,-0.061876804761278,(d),Western Pacific,HCTB → High-cloud pathway,HCTB anomaly,High-cloud Net CRE contribution (W m$^{-2}$),0.636987975200000,-44.144088134400000,-0.000000000000000,-47.794894931100004,-40.104291734800000,True,0.372313247400000
2018-06-01,WP,0,HCTB_candidate_diagnostic,HCTB_anom,NetPath_high_total_anom,-0.004336590008140,-0.474085793773876,(d),Western Pacific,HCTB → High-cloud pathway,HCTB anomaly,High-cloud Net CRE contribution (W m$^{-2}$),0.636987975200000,-44.144088134400000,-0.000000000000000,-47.794894931100004,-40.104291734800000,True,0.372313247400000
2018-07-01,WP,0,HCTB_candidate_diagnostic,HCTB_anom,NetPath_high_total_anom,0.021699297124151,-1.547282972216618,(d),Western Pacific,HCTB → High-cloud pathway,HCTB anomaly,High-cloud Net CRE contribution (W m$^{-2}$),0.636987975200000,-44.144088134400000,-0.000000000000000,-47.794894931100004,-40.104291734800000,True,0.372313247400000
2018-08-01,WP,0,HCTB_candidate_diagnostic,HCTB_anom,NetPath_high_total_anom,0.027383904486760,-1.383377514342825,(d),Western Pacific,HCTB → High-cloud pathway,HCTB anomaly,High-cloud Net CRE contribution (W m$^{-2}$),0.636987975200000,-44.144088134400000,-0.000000000000000,-47.794894931100004,-40.104291734800000,True,0.372313247400000
2018-09-01,WP,1,HCTB_candidate_diagnostic,HCTB_anom,NetPath_high_total_anom,0.002787731903819,-0.010290135277062,(d),Western Pacific,HCTB → High-cloud pathway,HCTB anomaly,High-cloud Net CRE contribution (W m$^{-2}$),0.636987975200000,-44.144088134400000,-0.000000000000000,-47.794894931100004,-40.104291734800000,True,0.372313247400000
2018-10-01,WP,1,HCTB_candidate_diagnostic,HCTB_anom,NetPath_high_total_anom,-0.013511672967574,1.382031139377721,(d),Western Pacific,HCTB → High-cloud pathway,HCTB anomaly,High-cloud Net CRE contribution (W m$^{-2}$),0.636987975200000,-44.144088134400000,-0.000000000000000,-47.794894931100004,-40.104291734800000,True,0.372313247400000
2018-11-01,WP,1,HCTB_candidate_diagnostic,HCTB_anom,NetPath_high_total_anom,-0.002523700147145,-0.429191400894625,(d),Western Pacific,HCTB → High-cloud pathway,HCTB anomaly,High-cloud Net CRE contribution (W m$^{-2}$),0.636987975200000,-44.144088134400000,-0.000000000000000,-47.794894931100004,-40.104291734800000,True,0.372313247400000
2018-12-01,WP,1,HCTB_candidate_diagnostic,HCTB_anom,NetPath_high_total_anom,0.006203669078230,0.070631693549474,(d),Western Pacific,HCTB → High-cloud pathway,HCTB anomaly,High-cloud Net CRE contribution (W m$^{-2}$),0.636987975200000,-44.144088134400000,-0.000000000000000,-47.794894931100004,-40.104291734800000,True,0.372313247400000
2019-01-01,WP,1,HCTB_candidate_diagnostic,HCTB_anom,NetPath_high_total_anom,-0.000580446225617,-0.503940169375285,(d),Western Pacific,HCTB → High-cloud pathway,HCTB anomaly,High-cloud Net CRE contribution (W m$^{-2}$),0.636987975200000,-44.144088134400000,-0.000000000000000,-47.794894931100004,-40.104291734800000,True,0.372313247400000
2019-02-01,WP,1,HCTB_candidate_diagnostic,HCTB_anom,NetPath_high_total_anom,-0.090156818646710,5.990430587013156,(d),Western Pacific,HCTB → High-cloud pathway,HCTB anomaly,High-cloud Net CRE contribution (W m$^{-2}$),0.636987975200000,-44.144088134400000,-0.000000000000000,-47.794894931100004,-40.104291734800000,True,0.372313247400000
2019-03-01,WP,1,HCTB_candidate_diagnostic,HCTB_anom,NetPath_high_total_anom,-0.001570954682048,-0.658278705403462,(d),Western Pacific,HCTB → High-cloud pathway,HCTB anomaly,High-cloud Net CRE contribution (W m$^{-2}$),0.636987975200000,-44.144088134400000,-0.000000000000000,-47.794894931100004,-40.104291734800000,True,0.372313247400000
2019-04-01,WP,1,HCTB_candidate_diagnostic,HCTB_anom,NetPath_high_total_anom,0.019348179552261,-0.118406165367604,(d),Western Pacific,HCTB → High-cloud pathway,HCTB anomaly,High-cloud Net CRE contribution (W m$^{-2}$),0.636987975200000,-44.144088134400000,-0.000000000000000,-47.794894931100004,-40.104291734800000,True,0.372313247400000
2019-05-01,WP,1,HCTB_candidate_diagnostic,HCTB_anom,NetPath_high_total_anom,-0.002264935354533,1.518700670772454,(d),Western Pacific,HCTB → High-cloud pathway,HCTB anomaly,High-cloud Net CRE contribution (W m$^{-2}$),0.636987975200000,-44.144088134400000,-0.000000000000000,-47.794894931100004,-40.104291734800000,True,0.372313247400000
2019-06-01,WP,1,HCTB_candidate_diagnostic,HCTB_anom,NetPath_high_total_anom,0.022318761179468,-1.367737480848521,(d),Western Pacific,HCTB → High-cloud pathway,HCTB anomaly,High-cloud Net CRE contribution (W m$^{-2}$),0.636987975200000,-44.144088134400000,-0.000000000000000,-47.794894931100004,-40.104291734800000,True,0.372313247400000
2019-07-01,WP,0,HCTB_candidate_diagnostic,HCTB_anom,NetPath_high_total_anom,0.017269676156238,-0.473449290915584,(d),Western Pacific,HCTB → High-cloud pathway,HCTB anomaly,High-cloud Net CRE contribution (W m$^{-2}$),0.636987975200000,-44.144088134400000,-0.000000000000000,-47.794894931100004,-40.104291734800000,True,0.372313247400000
2019-08-01,WP,0,HCTB_candidate_diagnostic,HCTB_anom,NetPath_high_total_anom,0.047254564028906,-3.180838916201094,(d),Western Pacific,HCTB → High-cloud pathway,HCTB anomaly,High-cloud Net CRE contribution (W m$^{-2}$),0.636987975200000,-44.144088134400000,-0.000000000000000,-47.794894931100004,-40.104291734800000,True,0.372313247400000
2019-09-01,WP,0,HCTB_candidate_diagnostic,HCTB_anom,NetPath_high_total_anom,0.013697836836927,1.013518273269619,(d),Western Pacific,HCTB → High-cloud pathway,HCTB anomaly,High-cloud Net CRE contribution (W m$^{-2}$),0.636987975200000,-44.144088134400000,-0.000000000000000,-47.794894931100004,-40.104291734800000,True,0.372313247400000
2019-10-01,WP,1,HCTB_candidate_diagnostic,HCTB_anom,NetPath_high_total_anom,-0.007962100761426,0.175585054277855,(d),Western Pacific,HCTB → High-cloud pathway,HCTB anomaly,High-cloud Net CRE contribution (W m$^{-2}$),0.636987975200000,-44.144088134400000,-0.000000000000000,-47.794894931100004,-40.104291734800000,True,0.372313247400000
2019-11-01,WP,1,HCTB_candidate_diagnostic,HCTB_anom,NetPath_high_total_anom,0.049244248995853,-0.251428786070804,(d),Western Pacific,HCTB → High-cloud pathway,HCTB anomaly,High-cloud Net CRE contribution (W m$^{-2}$),0.636987975200000,-44.144088134400000,-0.000000000000000,-47.794894931100004,-40.104291734800000,True,0.372313247400000
2019-12-01,WP,1,HCTB_candidate_diagnostic,HCTB_anom,NetPath_high_total_anom,-0.031318209922254,3.254022221031846,(d),Western Pacific,HCTB → High-cloud pathway,HCTB anomaly,High-cloud Net CRE contribution (W m$^{-2}$),0.636987975200000,-44.144088134400000,-0.000000000000000,-47.794894931100004,-40.104291734800000,True,0.372313247400000
2020-01-01,WP,1,HCTB_candidate_diagnostic,HCTB_anom,NetPath_high_total_anom,-0.024165798671258,2.262963575186348,(d),Western Pacific,HCTB → High-cloud pathway,HCTB anomaly,High-cloud Net CRE contribution (W m$^{-2}$),0.636987975200000,-44.144088134400000,-0.000000000000000,-47.794894931100004,-40.104291734800000,True,0.372313247400000
2020-02-01,WP,0,HCTB_candidate_diagnostic,HCTB_anom,NetPath_high_total_anom,-0.061963154136239,2.594245353805449,(d),Western Pacific,HCTB → High-cloud pathway,HCTB anomaly,High-cloud Net CRE contribution (W m$^{-2}$),0.636987975200000,-44.144088134400000,-0.000000000000000,-47.794894931100004,-40.104291734800000,True,0.372313247400000
2020-03-01,WP,1,HCTB_candidate_diagnostic,HCTB_anom,NetPath_high_total_anom,-0.010051691142777,0.986001159156299,(d),Western Pacific,HCTB → High-cloud pathway,HCTB anomaly,High-cloud Net CRE contribution (W m$^{-2}$),0.636987975200000,-44.144088134400000,-0.000000000000000,-47.794894931100004,-40.104291734800000,True,0.372313247400000
2020-04-01,WP,0,HCTB_candidate_diagnostic,HCTB_anom,NetPath_high_total_anom,0.001176494990220,0.528650958685534,(d),Western Pacific,HCTB → High-cloud pathway,HCTB anomaly,High-cloud Net CRE contribution (W m$^{-2}$),0.636987975200000,-44.144088134400000,-0.000000000000000,-47.794894931100004,-40.104291734800000,True,0.372313247400000
2020-05-01,WP,0,HCTB_candidate_diagnostic,HCTB_anom,NetPath_high_total_anom,0.006029720938312,-0.281529814319373,(d),Western Pacific,HCTB → High-cloud pathway,HCTB anomaly,High-cloud Net CRE contribution (W m$^{-2}$),0.636987975200000,-44.144088134400000,-0.000000000000000,-47.794894931100004,-40.104291734800000,True,0.372313247400000
2020-06-01,WP,0,HCTB_candidate_diagnostic,HCTB_anom,NetPath_high_total_anom,-0.013972325782971,0.762774598450810,(d),Western Pacific,HCTB → High-cloud pathway,HCTB anomaly,High-cloud Net CRE contribution (W m$^{-2}$),0.636987975200000,-44.144088134400000,-0.000000000000000,-47.794894931100004,-40.104291734800000,True,0.372313247400000
2020-07-01,WP,0,HCTB_candidate_diagnostic,HCTB_anom,NetPath_high_total_anom,-0.028107241687977,1.652368061592473,(d),Western Pacific,HCTB → High-cloud pathway,HCTB anomaly,High-cloud Net CRE contribution (W m$^{-2}$),0.636987975200000,-44.144088134400000,-0.000000000000000,-47.794894931100004,-40.104291734800000,True,0.372313247400000
2020-08-01,WP,-1,HCTB_candidate_diagnostic,HCTB_anom,NetPath_high_total_anom,-0.002263585773806,0.689109791032169,(d),Western Pacific,HCTB → High-cloud pathway,HCTB anomaly,High-cloud Net CRE contribution (W m$^{-2}$),0.636987975200000,-44.144088134400000,-0.000000000000000,-47.794894931100004,-40.104291734800000,True,0.372313247400000
2020-09-01,WP,-1,HCTB_candidate_diagnostic,HCTB_anom,NetPath_high_total_anom,-0.046155823605471,2.030738053592221,(d),Western Pacific,HCTB → High-cloud pathway,HCTB anomaly,High-cloud Net CRE contribution (W m$^{-2}$),0.636987975200000,-44.144088134400000,-0.000000000000000,-47.794894931100004,-40.104291734800000,True,0.372313247400000
2020-10-01,WP,-1,HCTB_candidate_diagnostic,HCTB_anom,NetPath_high_total_anom,0.005834779295915,-1.283611242455848,(d),Western Pacific,HCTB → High-cloud pathway,HCTB anomaly,High-cloud Net CRE contribution (W m$^{-2}$),0.636987975200000,-44.144088134400000,-0.000000000000000,-47.794894931100004,-40.104291734800000,True,0.372313247400000
2020-11-01,WP,-1,HCTB_candidate_diagnostic,HCTB_anom,NetPath_high_total_anom,0.037681340682295,-1.767930419383793,(d),Western Pacific,HCTB → High-cloud pathway,HCTB anomaly,High-cloud Net CRE contribution (W m$^{-2}$),0.636987975200000,-44.144088134400000,-0.000000000000000,-47.794894931100004,-40.104291734800000,True,0.372313247400000
2020-12-01,WP,-1,HCTB_candidate_diagnostic,HCTB_anom,NetPath_high_total_anom,0.025206658223344,-2.065815317908609,(d),Western Pacific,HCTB → High-cloud pathway,HCTB anomaly,High-cloud Net CRE contribution (W m$^{-2}$),0.636987975200000,-44.144088134400000,-0.000000000000000,-47.794894931100004,-40.104291734800000,True,0.372313247400000
2021-01-01,WP,-1,HCTB_candidate_diagnostic,HCTB_anom,NetPath_high_total_anom,-0.020364263386794,-1.002695016742223,(d),Western Pacific,HCTB → High-cloud pathway,HCTB anomaly,High-cloud Net CRE contribution (W m$^{-2}$),0.636987975200000,-44.144088134400000,-0.000000000000000,-47.794894931100004,-40.104291734800000,True,0.372313247400000
2021-02-01,WP,-1,HCTB_candidate_diagnostic,HCTB_anom,NetPath_high_total_anom,0.005410146668813,-2.343185528638269,(d),Western Pacific,HCTB → High-cloud pathway,HCTB anomaly,High-cloud Net CRE contribution (W m$^{-2}$),0.636987975200000,-44.144088134400000,-0.000000000000000,-47.794894931100004,-40.104291734800000,True,0.372313247400000
2021-03-01,WP,-1,HCTB_candidate_diagnostic,HCTB_anom,NetPath_high_total_anom,-0.012286736140421,-0.593226225205181,(d),Western Pacific,HCTB → High-cloud pathway,HCTB anomaly,High-cloud Net CRE contribution (W m$^{-2}$),0.636987975200000,-44.144088134400000,-0.000000000000000,-47.794894931100004,-40.104291734800000,True,0.372313247400000
2021-04-01,WP,-1,HCTB_candidate_diagnostic,HCTB_anom,NetPath_high_total_anom,0.015272503864117,-1.974132237212248,(d),Western Pacific,HCTB → High-cloud pathway,HCTB anomaly,High-cloud Net CRE contribution (W m$^{-2}$),0.636987975200000,-44.144088134400000,-0.000000000000000,-47.794894931100004,-40.104291734800000,True,0.372313247400000
2021-05-01,WP,-1,HCTB_candidate_diagnostic,HCTB_anom,NetPath_high_total_anom,0.035874265557471,-1.402878560986159,(d),Western Pacific,HCTB → High-cloud pathway,HCTB anomaly,High-cloud Net CRE contribution (W m$^{-2}$),0.636987975200000,-44.144088134400000,-0.000000000000000,-47.794894931100004,-40.104291734800000,True,0.372313247400000
2021-06-01,WP,0,HCTB_candidate_diagnostic,HCTB_anom,NetPath_high_total_anom,-0.051730814240716,1.589691031810652,(d),Western Pacific,HCTB → High-cloud pathway,HCTB anomaly,High-cloud Net CRE contribution (W m$^{-2}$),0.636987975200000,-44.144088134400000,-0.000000000000000,-47.794894931100004,-40.104291734800000,True,0.372313247400000
2021-07-01,WP,0,HCTB_candidate_diagnostic,HCTB_anom,NetPath_high_total_anom,-0.022957860220503,0.353810385275914,(d),Western Pacific,HCTB → High-cloud pathway,HCTB anomaly,High-cloud Net CRE contribution (W m$^{-2}$),0.636987975200000,-44.144088134400000,-0.000000000000000,-47.794894931100004,-40.104291734800000,True,0.372313247400000
2021-08-01,WP,-1,HCTB_candidate_diagnostic,HCTB_anom,NetPath_high_total_anom,-0.027216838236058,1.052964061090710,(d),Western Pacific,HCTB → High-cloud pathway,HCTB anomaly,High-cloud Net CRE contribution (W m$^{-2}$),0.636987975200000,-44.144088134400000,-0.000000000000000,-47.794894931100004,-40.104291734800000,True,0.372313247400000
2021-09-01,WP,-1,HCTB_candidate_diagnostic,HCTB_anom,NetPath_high_total_anom,-0.006640229404464,-0.096778801024541,(d),Western Pacific,HCTB → High-cloud pathway,HCTB anomaly,High-cloud Net CRE contribution (W m$^{-2}$),0.636987975200000,-44.144088134400000,-0.000000000000000,-47.794894931100004,-40.104291734800000,True,0.372313247400000
2021-10-01,WP,-1,HCTB_candidate_diagnostic,HCTB_anom,NetPath_high_total_anom,-0.022874805407271,0.379994135199798,(d),Western Pacific,HCTB → High-cloud pathway,HCTB anomaly,High-cloud Net CRE contribution (W m$^{-2}$),0.636987975200000,-44.144088134400000,-0.000000000000000,-47.794894931100004,-40.104291734800000,True,0.372313247400000
2021-11-01,WP,-1,HCTB_candidate_diagnostic,HCTB_anom,NetPath_high_total_anom,-0.037524923830670,0.567999422842129,(d),Western Pacific,HCTB → High-cloud pathway,HCTB anomaly,High-cloud Net CRE contribution (W m$^{-2}$),0.636987975200000,-44.144088134400000,-0.000000000000000,-47.794894931100004,-40.104291734800000,True,0.372313247400000
2021-12-01,WP,-1,HCTB_candidate_diagnostic,HCTB_anom,NetPath_high_total_anom,0.027452824224319,-0.149118844503545,(d),Western Pacific,HCTB → High-cloud pathway,HCTB anomaly,High-cloud Net CRE contribution (W m$^{-2}$),0.636987975200000,-44.144088134400000,-0.000000000000000,-47.794894931100004,-40.104291734800000,True,0.372313247400000
2022-01-01,WP,-1,HCTB_candidate_diagnostic,HCTB_anom,NetPath_high_total_anom,-0.040060423095963,1.241978004918987,(d),Western Pacific,HCTB → High-cloud pathway,HCTB anomaly,High-cloud Net CRE contribution (W m$^{-2}$),0.636987975200000,-44.144088134400000,-0.000000000000000,-47.794894931100004,-40.104291734800000,True,0.372313247400000
2022-02-01,WP,-1,HCTB_candidate_diagnostic,HCTB_anom,NetPath_high_total_anom,0.016002640791150,-0.580568939495202,(d),Western Pacific,HCTB → High-cloud pathway,HCTB anomaly,High-cloud Net CRE contribution (W m$^{-2}$),0.636987975200000,-44.144088134400000,-0.000000000000000,-47.794894931100004,-40.104291734800000,True,0.372313247400000
2022-03-01,WP,-1,HCTB_candidate_diagnostic,HCTB_anom,NetPath_high_total_anom,-0.019143587564376,-0.117940234865928,(d),Western Pacific,HCTB → High-cloud pathway,HCTB anomaly,High-cloud Net CRE contribution (W m$^{-2}$),0.636987975200000,-44.144088134400000,-0.000000000000000,-47.794894931100004,-40.104291734800000,True,0.372313247400000
2022-04-01,WP,-1,HCTB_candidate_diagnostic,HCTB_anom,NetPath_high_total_anom,0.003013217492639,-2.532413988511834,(d),Western Pacific,HCTB → High-cloud pathway,HCTB anomaly,High-cloud Net CRE contribution (W m$^{-2}$),0.636987975200000,-44.144088134400000,-0.000000000000000,-47.794894931100004,-40.104291734800000,True,0.372313247400000
2022-05-01,WP,-1,HCTB_candidate_diagnostic,HCTB_anom,NetPath_high_total_anom,-0.019531704218044,0.353859007032530,(d),Western Pacific,HCTB → High-cloud pathway,HCTB anomaly,High-cloud Net CRE contribution (W m$^{-2}$),0.636987975200000,-44.144088134400000,-0.000000000000000,-47.794894931100004,-40.104291734800000,True,0.372313247400000
2022-06-01,WP,-1,HCTB_candidate_diagnostic,HCTB_anom,NetPath_high_total_anom,-0.038886059766927,2.400135109373099,(d),Western Pacific,HCTB → High-cloud pathway,HCTB anomaly,High-cloud Net CRE contribution (W m$^{-2}$),0.636987975200000,-44.144088134400000,-0.000000000000000,-47.794894931100004,-40.104291734800000,True,0.372313247400000
2022-07-01,WP,-1,HCTB_candidate_diagnostic,HCTB_anom,NetPath_high_total_anom,-0.032449057603063,0.631265640051655,(d),Western Pacific,HCTB → High-cloud pathway,HCTB anomaly,High-cloud Net CRE contribution (W m$^{-2}$),0.636987975200000,-44.144088134400000,-0.000000000000000,-47.794894931100004,-40.104291734800000,True,0.372313247400000
2022-08-01,WP,-1,HCTB_candidate_diagnostic,HCTB_anom,NetPath_high_total_anom,-0.037165975403130,1.957188707260369,(d),Western Pacific,HCTB → High-cloud pathway,HCTB anomaly,High-cloud Net CRE contribution (W m$^{-2}$),0.636987975200000,-44.144088134400000,-0.000000000000000,-47.794894931100004,-40.104291734800000,True,0.372313247400000
2022-09-01,WP,-1,HCTB_candidate_diagnostic,HCTB_anom,NetPath_high_total_anom,-0.080164791216267,3.878678606718501,(d),Western Pacific,HCTB → High-cloud pathway,HCTB anomaly,High-cloud Net CRE contribution (W m$^{-2}$),0.636987975200000,-44.144088134400000,-0.000000000000000,-47.794894931100004,-40.104291734800000,True,0.372313247400000
2022-10-01,WP,-1,HCTB_candidate_diagnostic,HCTB_anom,NetPath_high_total_anom,-0.045716569116660,1.641496821141692,(d),Western Pacific,HCTB → High-cloud pathway,HCTB anomaly,High-cloud Net CRE contribution (W m$^{-2}$),0.636987975200000,-44.144088134400000,-0.000000000000000,-47.794894931100004,-40.104291734800000,True,0.372313247400000
2022-11-01,WP,-1,HCTB_candidate_diagnostic,HCTB_anom,NetPath_high_total_anom,-0.033067478466122,0.263799601034525,(d),Western Pacific,HCTB → High-cloud pathway,HCTB anomaly,High-cloud Net CRE contribution (W m$^{-2}$),0.636987975200000,-44.144088134400000,-0.000000000000000,-47.794894931100004,-40.104291734800000,True,0.372313247400000
2022-12-01,WP,-1,HCTB_candidate_diagnostic,HCTB_anom,NetPath_high_total_anom,0.014282730432334,-1.136286782001816,(d),Western Pacific,HCTB → High-cloud pathway,HCTB anomaly,High-cloud Net CRE contribution (W m$^{-2}$),0.636987975200000,-44.144088134400000,-0.000000000000000,-47.794894931100004,-40.104291734800000,True,0.372313247400000
2023-01-01,WP,-1,HCTB_candidate_diagnostic,HCTB_anom,NetPath_high_total_anom,0.011900461447478,-0.324710640982536,(d),Western Pacific,HCTB → High-cloud pathway,HCTB anomaly,High-cloud Net CRE contribution (W m$^{-2}$),0.636987975200000,-44.144088134400000,-0.000000000000000,-47.794894931100004,-40.104291734800000,True,0.372313247400000
2023-02-01,WP,-1,HCTB_candidate_diagnostic,HCTB_anom,NetPath_high_total_anom,0.052718539498870,-1.931411260985879,(d),Western Pacific,HCTB → High-cloud pathway,HCTB anomaly,High-cloud Net CRE contribution (W m$^{-2}$),0.636987975200000,-44.144088134400000,-0.000000000000000,-47.794894931100004,-40.104291734800000,True,0.372313247400000
2002-07-01,CP,1,HCTB_candidate_diagnostic,HCTB_anom,NetPath_high_total_anom,0.031648199453128,-2.359301481231793,(e),Central Pacific,HCTB → High-cloud pathway,HCTB anomaly,High-cloud Net CRE contribution (W m$^{-2}$),0.410516019000000,-37.862140316999998,-0.000000000000000,-44.723683063700001,-30.339220262000001,True,0.536160153100000
2002-08-01,CP,1,HCTB_candidate_diagnostic,HCTB_anom,NetPath_high_total_anom,0.029694138179153,-2.706623762682827,(e),Central Pacific,HCTB → High-cloud pathway,HCTB anomaly,High-cloud Net CRE contribution (W m$^{-2}$),0.410516019000000,-37.862140316999998,-0.000000000000000,-44.723683063700001,-30.339220262000001,True,0.536160153100000
2002-09-01,CP,1,HCTB_candidate_diagnostic,HCTB_anom,NetPath_high_total_anom,-0.002270450222807,-0.958316436166342,(e),Central Pacific,HCTB → High-cloud pathway,HCTB anomaly,High-cloud Net CRE contribution (W m$^{-2}$),0.410516019000000,-37.862140316999998,-0.000000000000000,-44.723683063700001,-30.339220262000001,True,0.536160153100000
2002-10-01,CP,1,HCTB_candidate_diagnostic,HCTB_anom,NetPath_high_total_anom,0.017402606949561,-1.835141809597053,(e),Central Pacific,HCTB → High-cloud pathway,HCTB anomaly,High-cloud Net CRE contribution (W m$^{-2}$),0.410516019000000,-37.862140316999998,-0.000000000000000,-44.723683063700001,-30.339220262000001,True,0.536160153100000
2002-11-01,CP,1,HCTB_candidate_diagnostic,HCTB_anom,NetPath_high_total_anom,-0.011349774966646,-0.100063347409714,(e),Central Pacific,HCTB → High-cloud pathway,HCTB anomaly,High-cloud Net CRE contribution (W m$^{-2}$),0.410516019000000,-37.862140316999998,-0.000000000000000,-44.723683063700001,-30.339220262000001,True,0.536160153100000
2002-12-01,CP,1,HCTB_candidate_diagnostic,HCTB_anom,NetPath_high_total_anom,0.017964982151644,-1.855442450005157,(e),Central Pacific,HCTB → High-cloud pathway,HCTB anomaly,High-cloud Net CRE contribution (W m$^{-2}$),0.410516019000000,-37.862140316999998,-0.000000000000000,-44.723683063700001,-30.339220262000001,True,0.536160153100000
2003-01-01,CP,1,HCTB_candidate_diagnostic,HCTB_anom,NetPath_high_total_anom,-0.013238873987127,0.167860678149041,(e),Central Pacific,HCTB → High-cloud pathway,HCTB anomaly,High-cloud Net CRE contribution (W m$^{-2}$),0.410516019000000,-37.862140316999998,-0.000000000000000,-44.723683063700001,-30.339220262000001,True,0.536160153100000
2003-02-01,CP,1,HCTB_candidate_diagnostic,HCTB_anom,NetPath_high_total_anom,-0.027373923026211,2.130943902441078,(e),Central Pacific,HCTB → High-cloud pathway,HCTB anomaly,High-cloud Net CRE contribution (W m$^{-2}$),0.410516019000000,-37.862140316999998,-0.000000000000000,-44.723683063700001,-30.339220262000001,True,0.536160153100000
2003-03-01,CP,0,HCTB_candidate_diagnostic,HCTB_anom,NetPath_high_total_anom,-0.027746660741214,1.669355935492193,(e),Central Pacific,HCTB → High-cloud pathway,HCTB anomaly,High-cloud Net CRE contribution (W m$^{-2}$),0.410516019000000,-37.862140316999998,-0.000000000000000,-44.723683063700001,-30.339220262000001,True,0.536160153100000
2003-04-01,CP,0,HCTB_candidate_diagnostic,HCTB_anom,NetPath_high_total_anom,0.014346622395447,-1.009603979831430,(e),Central Pacific,HCTB → High-cloud pathway,HCTB anomaly,High-cloud Net CRE contribution (W m$^{-2}$),0.410516019000000,-37.862140316999998,-0.000000000000000,-44.723683063700001,-30.339220262000001,True,0.536160153100000
2003-05-01,CP,-1,HCTB_candidate_diagnostic,HCTB_anom,NetPath_high_total_anom,0.005839256339751,-0.941000242038580,(e),Central Pacific,HCTB → High-cloud pathway,HCTB anomaly,High-cloud Net CRE contribution (W m$^{-2}$),0.410516019000000,-37.862140316999998,-0.000000000000000,-44.723683063700001,-30.339220262000001,True,0.536160153100000
2003-06-01,CP,0,HCTB_candidate_diagnostic,HCTB_anom,NetPath_high_total_anom,0.004439716559381,0.207653122904808,(e),Central Pacific,HCTB → High-cloud pathway,HCTB anomaly,High-cloud Net CRE contribution (W m$^{-2}$),0.410516019000000,-37.862140316999998,-0.000000000000000,-44.723683063700001,-30.339220262000001,True,0.536160153100000
2003-07-01,CP,0,HCTB_candidate_diagnostic,HCTB_anom,NetPath_high_total_anom,-0.007536882716916,0.060151531541791,(e),Central Pacific,HCTB → High-cloud pathway,HCTB anomaly,High-cloud Net CRE contribution (W m$^{-2}$),0.410516019000000,-37.862140316999998,-0.000000000000000,-44.723683063700001,-30.339220262000001,True,0.536160153100000
2003-08-01,CP,0,HCTB_candidate_diagnostic,HCTB_anom,NetPath_high_total_anom,-0.021958087455514,1.100277960463510,(e),Central Pacific,HCTB → High-cloud pathway,HCTB anomaly,High-cloud Net CRE contribution (W m$^{-2}$),0.410516019000000,-37.862140316999998,-0.000000000000000,-44.723683063700001,-30.339220262000001,True,0.536160153100000
2003-09-01,CP,0,HCTB_candidate_diagnostic,HCTB_anom,NetPath_high_total_anom,-0.010862202904440,0.405838699510923,(e),Central Pacific,HCTB → High-cloud pathway,HCTB anomaly,High-cloud Net CRE contribution (W m$^{-2}$),0.410516019000000,-37.862140316999998,-0.000000000000000,-44.723683063700001,-30.339220262000001,True,0.536160153100000
2003-10-01,CP,0,HCTB_candidate_diagnostic,HCTB_anom,NetPath_high_total_anom,-0.021477118240171,0.752027925963636,(e),Central Pacific,HCTB → High-cloud pathway,HCTB anomaly,High-cloud Net CRE contribution (W m$^{-2}$),0.410516019000000,-37.862140316999998,-0.000000000000000,-44.723683063700001,-30.339220262000001,True,0.536160153100000
2003-11-01,CP,0,HCTB_candidate_diagnostic,HCTB_anom,NetPath_high_total_anom,-0.004813298227043,-0.188632955720686,(e),Central Pacific,HCTB → High-cloud pathway,HCTB anomaly,High-cloud Net CRE contribution (W m$^{-2}$),0.410516019000000,-37.862140316999998,-0.000000000000000,-44.723683063700001,-30.339220262000001,True,0.536160153100000
2003-12-01,CP,0,HCTB_candidate_diagnostic,HCTB_anom,NetPath_high_total_anom,-0.014839006324976,0.792079300012574,(e),Central Pacific,HCTB → High-cloud pathway,HCTB anomaly,High-cloud Net CRE contribution (W m$^{-2}$),0.410516019000000,-37.862140316999998,-0.000000000000000,-44.723683063700001,-30.339220262000001,True,0.536160153100000
2004-01-01,CP,0,HCTB_candidate_diagnostic,HCTB_anom,NetPath_high_total_anom,-0.048858402707678,2.665455999573364,(e),Central Pacific,HCTB → High-cloud pathway,HCTB anomaly,High-cloud Net CRE contribution (W m$^{-2}$),0.410516019000000,-37.862140316999998,-0.000000000000000,-44.723683063700001,-30.339220262000001,True,0.536160153100000
2004-02-01,CP,0,HCTB_candidate_diagnostic,HCTB_anom,NetPath_high_total_anom,-0.018700541604889,0.924323216650562,(e),Central Pacific,HCTB → High-cloud pathway,HCTB anomaly,High-cloud Net CRE contribution (W m$^{-2}$),0.410516019000000,-37.862140316999998,-0.000000000000000,-44.723683063700001,-30.339220262000001,True,0.536160153100000
2004-03-01,CP,0,HCTB_candidate_diagnostic,HCTB_anom,NetPath_high_total_anom,0.021745236788184,-1.400780230790344,(e),Central Pacific,HCTB → High-cloud pathway,HCTB anomaly,High-cloud Net CRE contribution (W m$^{-2}$),0.410516019000000,-37.862140316999998,-0.000000000000000,-44.723683063700001,-30.339220262000001,True,0.536160153100000
2004-04-01,CP,0,HCTB_candidate_diagnostic,HCTB_anom,NetPath_high_total_anom,0.030104005922744,-1.507883114280149,(e),Central Pacific,HCTB → High-cloud pathway,HCTB anomaly,High-cloud Net CRE contribution (W m$^{-2}$),0.410516019000000,-37.862140316999998,-0.000000000000000,-44.723683063700001,-30.339220262000001,True,0.536160153100000
2004-05-01,CP,0,HCTB_candidate_diagnostic,HCTB_anom,NetPath_high_total_anom,-0.000462255066721,-0.041740999407589,(e),Central Pacific,HCTB → High-cloud pathway,HCTB anomaly,High-cloud Net CRE contribution (W m$^{-2}$),0.410516019000000,-37.862140316999998,-0.000000000000000,-44.723683063700001,-30.339220262000001,True,0.536160153100000
2004-06-01,CP,0,HCTB_candidate_diagnostic,HCTB_anom,NetPath_high_total_anom,0.012688419754241,-0.988672073885132,(e),Central Pacific,HCTB → High-cloud pathway,HCTB anomaly,High-cloud Net CRE contribution (W m$^{-2}$),0.410516019000000,-37.862140316999998,-0.000000000000000,-44.723683063700001,-30.339220262000001,True,0.536160153100000
2004-07-01,CP,1,HCTB_candidate_diagnostic,HCTB_anom,NetPath_high_total_anom,-0.031684225585736,1.816295694468063,(e),Central Pacific,HCTB → High-cloud pathway,HCTB anomaly,High-cloud Net CRE contribution (W m$^{-2}$),0.410516019000000,-37.862140316999998,-0.000000000000000,-44.723683063700001,-30.339220262000001,True,0.536160153100000
2004-08-01,CP,1,HCTB_candidate_diagnostic,HCTB_anom,NetPath_high_total_anom,-0.000678302278673,-0.769399340808154,(e),Central Pacific,HCTB → High-cloud pathway,HCTB anomaly,High-cloud Net CRE contribution (W m$^{-2}$),0.410516019000000,-37.862140316999998,-0.000000000000000,-44.723683063700001,-30.339220262000001,True,0.536160153100000
2004-09-01,CP,1,HCTB_candidate_diagnostic,HCTB_anom,NetPath_high_total_anom,-0.012266829162326,0.942050859840704,(e),Central Pacific,HCTB → High-cloud pathway,HCTB anomaly,High-cloud Net CRE contribution (W m$^{-2}$),0.410516019000000,-37.862140316999998,-0.000000000000000,-44.723683063700001,-30.339220262000001,True,0.536160153100000
2004-10-01,CP,1,HCTB_candidate_diagnostic,HCTB_anom,NetPath_high_total_anom,-0.009360901522844,0.015162970260570,(e),Central Pacific,HCTB → High-cloud pathway,HCTB anomaly,High-cloud Net CRE contribution (W m$^{-2}$),0.410516019000000,-37.862140316999998,-0.000000000000000,-44.723683063700001,-30.339220262000001,True,0.536160153100000
2004-11-01,CP,1,HCTB_candidate_diagnostic,HCTB_anom,NetPath_high_total_anom,-0.012894427313815,0.854386623518457,(e),Central Pacific,HCTB → High-cloud pathway,HCTB anomaly,High-cloud Net CRE contribution (W m$^{-2}$),0.410516019000000,-37.862140316999998,-0.000000000000000,-44.723683063700001,-30.339220262000001,True,0.536160153100000
2004-12-01,CP,1,HCTB_candidate_diagnostic,HCTB_anom,NetPath_high_total_anom,0.005118081811533,0.127773543352856,(e),Central Pacific,HCTB → High-cloud pathway,HCTB anomaly,High-cloud Net CRE contribution (W m$^{-2}$),0.410516019000000,-37.862140316999998,-0.000000000000000,-44.723683063700001,-30.339220262000001,True,0.536160153100000
2005-01-01,CP,1,HCTB_candidate_diagnostic,HCTB_anom,NetPath_high_total_anom,-0.012826940276112,0.296295270032059,(e),Central Pacific,HCTB → High-cloud pathway,HCTB anomaly,High-cloud Net CRE contribution (W m$^{-2}$),0.410516019000000,-37.862140316999998,-0.000000000000000,-44.723683063700001,-30.339220262000001,True,0.536160153100000
2005-02-01,CP,0,HCTB_candidate_diagnostic,HCTB_anom,NetPath_high_total_anom,0.024071640105002,-3.058546844097990,(e),Central Pacific,HCTB → High-cloud pathway,HCTB anomaly,High-cloud Net CRE contribution (W m$^{-2}$),0.410516019000000,-37.862140316999998,-0.000000000000000,-44.723683063700001,-30.339220262000001,True,0.536160153100000
2005-03-01,CP,1,HCTB_candidate_diagnostic,HCTB_anom,NetPath_high_total_anom,-0.022729705828214,2.084099229455607,(e),Central Pacific,HCTB → High-cloud pathway,HCTB anomaly,High-cloud Net CRE contribution (W m$^{-2}$),0.410516019000000,-37.862140316999998,-0.000000000000000,-44.723683063700001,-30.339220262000001,True,0.536160153100000
2005-04-01,CP,0,HCTB_candidate_diagnostic,HCTB_anom,NetPath_high_total_anom,0.008761724349883,-0.645246537060816,(e),Central Pacific,HCTB → High-cloud pathway,HCTB anomaly,High-cloud Net CRE contribution (W m$^{-2}$),0.410516019000000,-37.862140316999998,-0.000000000000000,-44.723683063700001,-30.339220262000001,True,0.536160153100000
2005-05-01,CP,0,HCTB_candidate_diagnostic,HCTB_anom,NetPath_high_total_anom,-0.015732081425673,0.554690897196347,(e),Central Pacific,HCTB → High-cloud pathway,HCTB anomaly,High-cloud Net CRE contribution (W m$^{-2}$),0.410516019000000,-37.862140316999998,-0.000000000000000,-44.723683063700001,-30.339220262000001,True,0.536160153100000
2005-06-01,CP,0,HCTB_candidate_diagnostic,HCTB_anom,NetPath_high_total_anom,-0.007364527072305,0.011661745736816,(e),Central Pacific,HCTB → High-cloud pathway,HCTB anomaly,High-cloud Net CRE contribution (W m$^{-2}$),0.410516019000000,-37.862140316999998,-0.000000000000000,-44.723683063700001,-30.339220262000001,True,0.536160153100000
2005-07-01,CP,0,HCTB_candidate_diagnostic,HCTB_anom,NetPath_high_total_anom,-0.004134910536147,0.266861567153640,(e),Central Pacific,HCTB → High-cloud pathway,HCTB anomaly,High-cloud Net CRE contribution (W m$^{-2}$),0.410516019000000,-37.862140316999998,-0.000000000000000,-44.723683063700001,-30.339220262000001,True,0.536160153100000
2005-08-01,CP,0,HCTB_candidate_diagnostic,HCTB_anom,NetPath_high_total_anom,0.004845267262656,-0.069882293713912,(e),Central Pacific,HCTB → High-cloud pathway,HCTB anomaly,High-cloud Net CRE contribution (W m$^{-2}$),0.410516019000000,-37.862140316999998,-0.000000000000000,-44.723683063700001,-30.339220262000001,True,0.536160153100000
2005-09-01,CP,0,HCTB_candidate_diagnostic,HCTB_anom,NetPath_high_total_anom,-0.021260707312306,0.485362843190731,(e),Central Pacific,HCTB → High-cloud pathway,HCTB anomaly,High-cloud Net CRE contribution (W m$^{-2}$),0.410516019000000,-37.862140316999998,-0.000000000000000,-44.723683063700001,-30.339220262000001,True,0.536160153100000
2005-10-01,CP,0,HCTB_candidate_diagnostic,HCTB_anom,NetPath_high_total_anom,-0.018272365718170,0.987582266521260,(e),Central Pacific,HCTB → High-cloud pathway,HCTB anomaly,High-cloud Net CRE contribution (W m$^{-2}$),0.410516019000000,-37.862140316999998,-0.000000000000000,-44.723683063700001,-30.339220262000001,True,0.536160153100000
2005-11-01,CP,-1,HCTB_candidate_diagnostic,HCTB_anom,NetPath_high_total_anom,-0.026812070037528,0.913009036036718,(e),Central Pacific,HCTB → High-cloud pathway,HCTB anomaly,High-cloud Net CRE contribution (W m$^{-2}$),0.410516019000000,-37.862140316999998,-0.000000000000000,-44.723683063700001,-30.339220262000001,True,0.536160153100000
2005-12-01,CP,-1,HCTB_candidate_diagnostic,HCTB_anom,NetPath_high_total_anom,-0.032017054573143,1.729558136994460,(e),Central Pacific,HCTB → High-cloud pathway,HCTB anomaly,High-cloud Net CRE contribution (W m$^{-2}$),0.410516019000000,-37.862140316999998,-0.000000000000000,-44.723683063700001,-30.339220262000001,True,0.536160153100000
2006-01-01,CP,-1,HCTB_candidate_diagnostic,HCTB_anom,NetPath_high_total_anom,0.010162933094329,-0.350078047987581,(e),Central Pacific,HCTB → High-cloud pathway,HCTB anomaly,High-cloud Net CRE contribution (W m$^{-2}$),0.410516019000000,-37.862140316999998,-0.000000000000000,-44.723683063700001,-30.339220262000001,True,0.536160153100000
2006-02-01,CP,-1,HCTB_candidate_diagnostic,HCTB_anom,NetPath_high_total_anom,-0.046910574790036,0.476949740567504,(e),Central Pacific,HCTB → High-cloud pathway,HCTB anomaly,High-cloud Net CRE contribution (W m$^{-2}$),0.410516019000000,-37.862140316999998,-0.000000000000000,-44.723683063700001,-30.339220262000001,True,0.536160153100000
2006-03-01,CP,-1,HCTB_candidate_diagnostic,HCTB_anom,NetPath_high_total_anom,-0.001903258479546,-0.131744070117009,(e),Central Pacific,HCTB → High-cloud pathway,HCTB anomaly,High-cloud Net CRE contribution (W m$^{-2}$),0.410516019000000,-37.862140316999998,-0.000000000000000,-44.723683063700001,-30.339220262000001,True,0.536160153100000
2006-04-01,CP,0,HCTB_candidate_diagnostic,HCTB_anom,NetPath_high_total_anom,0.018853100044475,-0.506796573189613,(e),Central Pacific,HCTB → High-cloud pathway,HCTB anomaly,High-cloud Net CRE contribution (W m$^{-2}$),0.410516019000000,-37.862140316999998,-0.000000000000000,-44.723683063700001,-30.339220262000001,True,0.536160153100000
2006-05-01,CP,0,HCTB_candidate_diagnostic,HCTB_anom,NetPath_high_total_anom,-0.018164275492278,0.514574878572122,(e),Central Pacific,HCTB → High-cloud pathway,HCTB anomaly,High-cloud Net CRE contribution (W m$^{-2}$),0.410516019000000,-37.862140316999998,-0.000000000000000,-44.723683063700001,-30.339220262000001,True,0.536160153100000
2006-06-01,CP,0,HCTB_candidate_diagnostic,HCTB_anom,NetPath_high_total_anom,-0.012896341312447,0.924614806947720,(e),Central Pacific,HCTB → High-cloud pathway,HCTB anomaly,High-cloud Net CRE contribution (W m$^{-2}$),0.410516019000000,-37.862140316999998,-0.000000000000000,-44.723683063700001,-30.339220262000001,True,0.536160153100000
2006-07-01,CP,0,HCTB_candidate_diagnostic,HCTB_anom,NetPath_high_total_anom,0.010869178931821,-0.882373790784445,(e),Central Pacific,HCTB → High-cloud pathway,HCTB anomaly,High-cloud Net CRE contribution (W m$^{-2}$),0.410516019000000,-37.862140316999998,-0.000000000000000,-44.723683063700001,-30.339220262000001,True,0.536160153100000
2006-08-01,CP,0,HCTB_candidate_diagnostic,HCTB_anom,NetPath_high_total_anom,-0.017406571472790,0.065601339063585,(e),Central Pacific,HCTB → High-cloud pathway,HCTB anomaly,High-cloud Net CRE contribution (W m$^{-2}$),0.410516019000000,-37.862140316999998,-0.000000000000000,-44.723683063700001,-30.339220262000001,True,0.536160153100000
2006-09-01,CP,1,HCTB_candidate_diagnostic,HCTB_anom,NetPath_high_total_anom,-0.003450747727909,-0.154691358529918,(e),Central Pacific,HCTB → High-cloud pathway,HCTB anomaly,High-cloud Net CRE contribution (W m$^{-2}$),0.410516019000000,-37.862140316999998,-0.000000000000000,-44.723683063700001,-30.339220262000001,True,0.536160153100000
2006-10-01,CP,1,HCTB_candidate_diagnostic,HCTB_anom,NetPath_high_total_anom,0.002719033382712,-1.637457858095447,(e),Central Pacific,HCTB → High-cloud pathway,HCTB anomaly,High-cloud Net CRE contribution (W m$^{-2}$),0.410516019000000,-37.862140316999998,-0.000000000000000,-44.723683063700001,-30.339220262000001,True,0.536160153100000
2006-11-01,CP,1,HCTB_candidate_diagnostic,HCTB_anom,NetPath_high_total_anom,-0.008095488139035,-0.090180084698166,(e),Central Pacific,HCTB → High-cloud pathway,HCTB anomaly,High-cloud Net CRE contribution (W m$^{-2}$),0.410516019000000,-37.862140316999998,-0.000000000000000,-44.723683063700001,-30.339220262000001,True,0.536160153100000
2006-12-01,CP,1,HCTB_candidate_diagnostic,HCTB_anom,NetPath_high_total_anom,-0.004003664505029,0.316965572568343,(e),Central Pacific,HCTB → High-cloud pathway,HCTB anomaly,High-cloud Net CRE contribution (W m$^{-2}$),0.410516019000000,-37.862140316999998,-0.000000000000000,-44.723683063700001,-30.339220262000001,True,0.536160153100000
2007-01-01,CP,1,HCTB_candidate_diagnostic,HCTB_anom,NetPath_high_total_anom,0.001280650069146,-0.652050824551219,(e),Central Pacific,HCTB → High-cloud pathway,HCTB anomaly,High-cloud Net CRE contribution (W m$^{-2}$),0.410516019000000,-37.862140316999998,-0.000000000000000,-44.723683063700001,-30.339220262000001,True,0.536160153100000
2007-02-01,CP,0,HCTB_candidate_diagnostic,HCTB_anom,NetPath_high_total_anom,-0.031508199733129,0.547352113596700,(e),Central Pacific,HCTB → High-cloud pathway,HCTB anomaly,High-cloud Net CRE contribution (W m$^{-2}$),0.410516019000000,-37.862140316999998,-0.000000000000000,-44.723683063700001,-30.339220262000001,True,0.536160153100000
2007-03-01,CP,0,HCTB_candidate_diagnostic,HCTB_anom,NetPath_high_total_anom,-0.022807825648471,0.888846542502781,(e),Central Pacific,HCTB → High-cloud pathway,HCTB anomaly,High-cloud Net CRE contribution (W m$^{-2}$),0.410516019000000,-37.862140316999998,-0.000000000000000,-44.723683063700001,-30.339220262000001,True,0.536160153100000
2007-04-01,CP,0,HCTB_candidate_diagnostic,HCTB_anom,NetPath_high_total_anom,-0.006058921254282,0.896954661701269,(e),Central Pacific,HCTB → High-cloud pathway,HCTB anomaly,High-cloud Net CRE contribution (W m$^{-2}$),0.410516019000000,-37.862140316999998,-0.000000000000000,-44.723683063700001,-30.339220262000001,True,0.536160153100000
2007-05-01,CP,-1,HCTB_candidate_diagnostic,HCTB_anom,NetPath_high_total_anom,0.009393409515884,-0.001572068595410,(e),Central Pacific,HCTB → High-cloud pathway,HCTB anomaly,High-cloud Net CRE contribution (W m$^{-2}$),0.410516019000000,-37.862140316999998,-0.000000000000000,-44.723683063700001,-30.339220262000001,True,0.536160153100000
2007-06-01,CP,0,HCTB_candidate_diagnostic,HCTB_anom,NetPath_high_total_anom,-0.008723968238525,0.642088909984446,(e),Central Pacific,HCTB → High-cloud pathway,HCTB anomaly,High-cloud Net CRE contribution (W m$^{-2}$),0.410516019000000,-37.862140316999998,-0.000000000000000,-44.723683063700001,-30.339220262000001,True,0.536160153100000
2007-07-01,CP,-1,HCTB_candidate_diagnostic,HCTB_anom,NetPath_high_total_anom,-0.010572254100419,0.889651286621744,(e),Central Pacific,HCTB → High-cloud pathway,HCTB anomaly,High-cloud Net CRE contribution (W m$^{-2}$),0.410516019000000,-37.862140316999998,-0.000000000000000,-44.723683063700001,-30.339220262000001,True,0.536160153100000
2007-08-01,CP,-1,HCTB_candidate_diagnostic,HCTB_anom,NetPath_high_total_anom,-0.003605748399612,0.642442330095561,(e),Central Pacific,HCTB → High-cloud pathway,HCTB anomaly,High-cloud Net CRE contribution (W m$^{-2}$),0.410516019000000,-37.862140316999998,-0.000000000000000,-44.723683063700001,-30.339220262000001,True,0.536160153100000
2007-09-01,CP,-1,HCTB_candidate_diagnostic,HCTB_anom,NetPath_high_total_anom,0.003531088052697,0.382431486100089,(e),Central Pacific,HCTB → High-cloud pathway,HCTB anomaly,High-cloud Net CRE contribution (W m$^{-2}$),0.410516019000000,-37.862140316999998,-0.000000000000000,-44.723683063700001,-30.339220262000001,True,0.536160153100000
2007-10-01,CP,-1,HCTB_candidate_diagnostic,HCTB_anom,NetPath_high_total_anom,0.011491848412703,0.384328791120247,(e),Central Pacific,HCTB → High-cloud pathway,HCTB anomaly,High-cloud Net CRE contribution (W m$^{-2}$),0.410516019000000,-37.862140316999998,-0.000000000000000,-44.723683063700001,-30.339220262000001,True,0.536160153100000
2007-11-01,CP,-1,HCTB_candidate_diagnostic,HCTB_anom,NetPath_high_total_anom,-0.008177079250323,-0.395653430789590,(e),Central Pacific,HCTB → High-cloud pathway,HCTB anomaly,High-cloud Net CRE contribution (W m$^{-2}$),0.410516019000000,-37.862140316999998,-0.000000000000000,-44.723683063700001,-30.339220262000001,True,0.536160153100000
2007-12-01,CP,-1,HCTB_candidate_diagnostic,HCTB_anom,NetPath_high_total_anom,0.024665015057170,-0.178877974872623,(e),Central Pacific,HCTB → High-cloud pathway,HCTB anomaly,High-cloud Net CRE contribution (W m$^{-2}$),0.410516019000000,-37.862140316999998,-0.000000000000000,-44.723683063700001,-30.339220262000001,True,0.536160153100000
2008-01-01,CP,-1,HCTB_candidate_diagnostic,HCTB_anom,NetPath_high_total_anom,-0.000404774264293,-1.755348544695576,(e),Central Pacific,HCTB → High-cloud pathway,HCTB anomaly,High-cloud Net CRE contribution (W m$^{-2}$),0.410516019000000,-37.862140316999998,-0.000000000000000,-44.723683063700001,-30.339220262000001,True,0.536160153100000
2008-02-01,CP,-1,HCTB_candidate_diagnostic,HCTB_anom,NetPath_high_total_anom,0.008225061615377,1.646189833557169,(e),Central Pacific,HCTB → High-cloud pathway,HCTB anomaly,High-cloud Net CRE contribution (W m$^{-2}$),0.410516019000000,-37.862140316999998,-0.000000000000000,-44.723683063700001,-30.339220262000001,True,0.536160153100000
2008-03-01,CP,-1,HCTB_candidate_diagnostic,HCTB_anom,NetPath_high_total_anom,-0.007891895689704,2.323262686846111,(e),Central Pacific,HCTB → High-cloud pathway,HCTB anomaly,High-cloud Net CRE contribution (W m$^{-2}$),0.410516019000000,-37.862140316999998,-0.000000000000000,-44.723683063700001,-30.339220262000001,True,0.536160153100000
2008-04-01,CP,-1,HCTB_candidate_diagnostic,HCTB_anom,NetPath_high_total_anom,-0.008856644369768,0.821403255619117,(e),Central Pacific,HCTB → High-cloud pathway,HCTB anomaly,High-cloud Net CRE contribution (W m$^{-2}$),0.410516019000000,-37.862140316999998,-0.000000000000000,-44.723683063700001,-30.339220262000001,True,0.536160153100000
2008-05-01,CP,-1,HCTB_candidate_diagnostic,HCTB_anom,NetPath_high_total_anom,0.010599641363378,0.695090074751026,(e),Central Pacific,HCTB → High-cloud pathway,HCTB anomaly,High-cloud Net CRE contribution (W m$^{-2}$),0.410516019000000,-37.862140316999998,-0.000000000000000,-44.723683063700001,-30.339220262000001,True,0.536160153100000
2008-06-01,CP,-1,HCTB_candidate_diagnostic,HCTB_anom,NetPath_high_total_anom,0.022386572397410,-0.530166486695224,(e),Central Pacific,HCTB → High-cloud pathway,HCTB anomaly,High-cloud Net CRE contribution (W m$^{-2}$),0.410516019000000,-37.862140316999998,-0.000000000000000,-44.723683063700001,-30.339220262000001,True,0.536160153100000
2008-07-01,CP,0,HCTB_candidate_diagnostic,HCTB_anom,NetPath_high_total_anom,0.007664759406526,1.107929314239843,(e),Central Pacific,HCTB → High-cloud pathway,HCTB anomaly,High-cloud Net CRE contribution (W m$^{-2}$),0.410516019000000,-37.862140316999998,-0.000000000000000,-44.723683063700001,-30.339220262000001,True,0.536160153100000
2008-08-01,CP,0,HCTB_candidate_diagnostic,HCTB_anom,NetPath_high_total_anom,0.013462590412359,0.549466596140390,(e),Central Pacific,HCTB → High-cloud pathway,HCTB anomaly,High-cloud Net CRE contribution (W m$^{-2}$),0.410516019000000,-37.862140316999998,-0.000000000000000,-44.723683063700001,-30.339220262000001,True,0.536160153100000
2008-09-01,CP,0,HCTB_candidate_diagnostic,HCTB_anom,NetPath_high_total_anom,-0.000293520735057,0.762615901250006,(e),Central Pacific,HCTB → High-cloud pathway,HCTB anomaly,High-cloud Net CRE contribution (W m$^{-2}$),0.410516019000000,-37.862140316999998,-0.000000000000000,-44.723683063700001,-30.339220262000001,True,0.536160153100000
2008-10-01,CP,0,HCTB_candidate_diagnostic,HCTB_anom,NetPath_high_total_anom,0.012858114899501,0.615404799566694,(e),Central Pacific,HCTB → High-cloud pathway,HCTB anomaly,High-cloud Net CRE contribution (W m$^{-2}$),0.410516019000000,-37.862140316999998,-0.000000000000000,-44.723683063700001,-30.339220262000001,True,0.536160153100000
2008-11-01,CP,-1,HCTB_candidate_diagnostic,HCTB_anom,NetPath_high_total_anom,0.020493183436384,0.028734418082013,(e),Central Pacific,HCTB → High-cloud pathway,HCTB anomaly,High-cloud Net CRE contribution (W m$^{-2}$),0.410516019000000,-37.862140316999998,-0.000000000000000,-44.723683063700001,-30.339220262000001,True,0.536160153100000
2008-12-01,CP,-1,HCTB_candidate_diagnostic,HCTB_anom,NetPath_high_total_anom,-0.005564193557625,1.199912190649617,(e),Central Pacific,HCTB → High-cloud pathway,HCTB anomaly,High-cloud Net CRE contribution (W m$^{-2}$),0.410516019000000,-37.862140316999998,-0.000000000000000,-44.723683063700001,-30.339220262000001,True,0.536160153100000
2009-01-01,CP,-1,HCTB_candidate_diagnostic,HCTB_anom,NetPath_high_total_anom,0.008963047649666,-0.069057352633773,(e),Central Pacific,HCTB → High-cloud pathway,HCTB anomaly,High-cloud Net CRE contribution (W m$^{-2}$),0.410516019000000,-37.862140316999998,-0.000000000000000,-44.723683063700001,-30.339220262000001,True,0.536160153100000
2009-02-01,CP,-1,HCTB_candidate_diagnostic,HCTB_anom,NetPath_high_total_anom,0.026970969840804,-0.603587200897302,(e),Central Pacific,HCTB → High-cloud pathway,HCTB anomaly,High-cloud Net CRE contribution (W m$^{-2}$),0.410516019000000,-37.862140316999998,-0.000000000000000,-44.723683063700001,-30.339220262000001,True,0.536160153100000
2009-03-01,CP,-1,HCTB_candidate_diagnostic,HCTB_anom,NetPath_high_total_anom,-0.014969902157581,-0.078189333742653,(e),Central Pacific,HCTB → High-cloud pathway,HCTB anomaly,High-cloud Net CRE contribution (W m$^{-2}$),0.410516019000000,-37.862140316999998,-0.000000000000000,-44.723683063700001,-30.339220262000001,True,0.536160153100000
2009-04-01,CP,0,HCTB_candidate_diagnostic,HCTB_anom,NetPath_high_total_anom,0.010089554649412,0.535077177329967,(e),Central Pacific,HCTB → High-cloud pathway,HCTB anomaly,High-cloud Net CRE contribution (W m$^{-2}$),0.410516019000000,-37.862140316999998,-0.000000000000000,-44.723683063700001,-30.339220262000001,True,0.536160153100000
2009-05-01,CP,0,HCTB_candidate_diagnostic,HCTB_anom,NetPath_high_total_anom,-0.009274101512297,0.724196367188739,(e),Central Pacific,HCTB → High-cloud pathway,HCTB anomaly,High-cloud Net CRE contribution (W m$^{-2}$),0.410516019000000,-37.862140316999998,-0.000000000000000,-44.723683063700001,-30.339220262000001,True,0.536160153100000
2009-06-01,CP,0,HCTB_candidate_diagnostic,HCTB_anom,NetPath_high_total_anom,-0.026174794029531,1.049641085851181,(e),Central Pacific,HCTB → High-cloud pathway,HCTB anomaly,High-cloud Net CRE contribution (W m$^{-2}$),0.410516019000000,-37.862140316999998,-0.000000000000000,-44.723683063700001,-30.339220262000001,True,0.536160153100000
2009-07-01,CP,1,HCTB_candidate_diagnostic,HCTB_anom,NetPath_high_total_anom,-0.020554342152382,-0.270434266772415,(e),Central Pacific,HCTB → High-cloud pathway,HCTB anomaly,High-cloud Net CRE contribution (W m$^{-2}$),0.410516019000000,-37.862140316999998,-0.000000000000000,-44.723683063700001,-30.339220262000001,True,0.536160153100000
2009-08-01,CP,1,HCTB_candidate_diagnostic,HCTB_anom,NetPath_high_total_anom,0.009833399195238,-0.793968738536226,(e),Central Pacific,HCTB → High-cloud pathway,HCTB anomaly,High-cloud Net CRE contribution (W m$^{-2}$),0.410516019000000,-37.862140316999998,-0.000000000000000,-44.723683063700001,-30.339220262000001,True,0.536160153100000
2009-09-01,CP,1,HCTB_candidate_diagnostic,HCTB_anom,NetPath_high_total_anom,0.006333277580173,-1.108012585383114,(e),Central Pacific,HCTB → High-cloud pathway,HCTB anomaly,High-cloud Net CRE contribution (W m$^{-2}$),0.410516019000000,-37.862140316999998,-0.000000000000000,-44.723683063700001,-30.339220262000001,True,0.536160153100000
2009-10-01,CP,1,HCTB_candidate_diagnostic,HCTB_anom,NetPath_high_total_anom,-0.015425015930148,-0.150514374793864,(e),Central Pacific,HCTB → High-cloud pathway,HCTB anomaly,High-cloud Net CRE contribution (W m$^{-2}$),0.410516019000000,-37.862140316999998,-0.000000000000000,-44.723683063700001,-30.339220262000001,True,0.536160153100000
2009-11-01,CP,1,HCTB_candidate_diagnostic,HCTB_anom,NetPath_high_total_anom,-0.001254770293663,-0.336312284182693,(e),Central Pacific,HCTB → High-cloud pathway,HCTB anomaly,High-cloud Net CRE contribution (W m$^{-2}$),0.410516019000000,-37.862140316999998,-0.000000000000000,-44.723683063700001,-30.339220262000001,True,0.536160153100000
2009-12-01,CP,1,HCTB_candidate_diagnostic,HCTB_anom,NetPath_high_total_anom,-0.045446040553970,1.338380834554552,(e),Central Pacific,HCTB → High-cloud pathway,HCTB anomaly,High-cloud Net CRE contribution (W m$^{-2}$),0.410516019000000,-37.862140316999998,-0.000000000000000,-44.723683063700001,-30.339220262000001,True,0.536160153100000
2010-01-01,CP,1,HCTB_candidate_diagnostic,HCTB_anom,NetPath_high_total_anom,0.013877930227292,-1.354932533131119,(e),Central Pacific,HCTB → High-cloud pathway,HCTB anomaly,High-cloud Net CRE contribution (W m$^{-2}$),0.410516019000000,-37.862140316999998,-0.000000000000000,-44.723683063700001,-30.339220262000001,True,0.536160153100000
2010-02-01,CP,1,HCTB_candidate_diagnostic,HCTB_anom,NetPath_high_total_anom,0.055133936641025,-3.211658774800622,(e),Central Pacific,HCTB → High-cloud pathway,HCTB anomaly,High-cloud Net CRE contribution (W m$^{-2}$),0.410516019000000,-37.862140316999998,-0.000000000000000,-44.723683063700001,-30.339220262000001,True,0.536160153100000
2010-03-01,CP,1,HCTB_candidate_diagnostic,HCTB_anom,NetPath_high_total_anom,0.022499475926019,-1.864215256612826,(e),Central Pacific,HCTB → High-cloud pathway,HCTB anomaly,High-cloud Net CRE contribution (W m$^{-2}$),0.410516019000000,-37.862140316999998,-0.000000000000000,-44.723683063700001,-30.339220262000001,True,0.536160153100000
2010-04-01,CP,0,HCTB_candidate_diagnostic,HCTB_anom,NetPath_high_total_anom,-0.004076365539449,-0.112942646121520,(e),Central Pacific,HCTB → High-cloud pathway,HCTB anomaly,High-cloud Net CRE contribution (W m$^{-2}$),0.410516019000000,-37.862140316999998,-0.000000000000000,-44.723683063700001,-30.339220262000001,True,0.536160153100000
2010-05-01,CP,0,HCTB_candidate_diagnostic,HCTB_anom,NetPath_high_total_anom,0.012817673268819,0.146087134265428,(e),Central Pacific,HCTB → High-cloud pathway,HCTB anomaly,High-cloud Net CRE contribution (W m$^{-2}$),0.410516019000000,-37.862140316999998,-0.000000000000000,-44.723683063700001,-30.339220262000001,True,0.536160153100000
2010-06-01,CP,-1,HCTB_candidate_diagnostic,HCTB_anom,NetPath_high_total_anom,0.011659385591999,-0.267453891151803,(e),Central Pacific,HCTB → High-cloud pathway,HCTB anomaly,High-cloud Net CRE contribution (W m$^{-2}$),0.410516019000000,-37.862140316999998,-0.000000000000000,-44.723683063700001,-30.339220262000001,True,0.536160153100000
2010-07-01,CP,-1,HCTB_candidate_diagnostic,HCTB_anom,NetPath_high_total_anom,0.003750774142756,0.617911504787075,(e),Central Pacific,HCTB → High-cloud pathway,HCTB anomaly,High-cloud Net CRE contribution (W m$^{-2}$),0.410516019000000,-37.862140316999998,-0.000000000000000,-44.723683063700001,-30.339220262000001,True,0.536160153100000
2010-08-01,CP,-1,HCTB_candidate_diagnostic,HCTB_anom,NetPath_high_total_anom,0.008667181996196,0.262450795172496,(e),Central Pacific,HCTB → High-cloud pathway,HCTB anomaly,High-cloud Net CRE contribution (W m$^{-2}$),0.410516019000000,-37.862140316999998,-0.000000000000000,-44.723683063700001,-30.339220262000001,True,0.536160153100000
2010-09-01,CP,-1,HCTB_candidate_diagnostic,HCTB_anom,NetPath_high_total_anom,0.035698964767465,-0.163417609087924,(e),Central Pacific,HCTB → High-cloud pathway,HCTB anomaly,High-cloud Net CRE contribution (W m$^{-2}$),0.410516019000000,-37.862140316999998,-0.000000000000000,-44.723683063700001,-30.339220262000001,True,0.536160153100000
2010-10-01,CP,-1,HCTB_candidate_diagnostic,HCTB_anom,NetPath_high_total_anom,0.022996707376608,-0.157085066019497,(e),Central Pacific,HCTB → High-cloud pathway,HCTB anomaly,High-cloud Net CRE contribution (W m$^{-2}$),0.410516019000000,-37.862140316999998,-0.000000000000000,-44.723683063700001,-30.339220262000001,True,0.536160153100000
2010-11-01,CP,-1,HCTB_candidate_diagnostic,HCTB_anom,NetPath_high_total_anom,0.006425490433024,1.072883549233342,(e),Central Pacific,HCTB → High-cloud pathway,HCTB anomaly,High-cloud Net CRE contribution (W m$^{-2}$),0.410516019000000,-37.862140316999998,-0.000000000000000,-44.723683063700001,-30.339220262000001,True,0.536160153100000
2010-12-01,CP,-1,HCTB_candidate_diagnostic,HCTB_anom,NetPath_high_total_anom,0.031984855979189,0.154777334431774,(e),Central Pacific,HCTB → High-cloud pathway,HCTB anomaly,High-cloud Net CRE contribution (W m$^{-2}$),0.410516019000000,-37.862140316999998,-0.000000000000000,-44.723683063700001,-30.339220262000001,True,0.536160153100000
2011-01-01,CP,-1,HCTB_candidate_diagnostic,HCTB_anom,NetPath_high_total_anom,0.031031167131769,-1.155180038004742,(e),Central Pacific,HCTB → High-cloud pathway,HCTB anomaly,High-cloud Net CRE contribution (W m$^{-2}$),0.410516019000000,-37.862140316999998,-0.000000000000000,-44.723683063700001,-30.339220262000001,True,0.536160153100000
2011-02-01,CP,-1,HCTB_candidate_diagnostic,HCTB_anom,NetPath_high_total_anom,0.003117138184241,1.643189718555073,(e),Central Pacific,HCTB → High-cloud pathway,HCTB anomaly,High-cloud Net CRE contribution (W m$^{-2}$),0.410516019000000,-37.862140316999998,-0.000000000000000,-44.723683063700001,-30.339220262000001,True,0.536160153100000
2011-03-01,CP,-1,HCTB_candidate_diagnostic,HCTB_anom,NetPath_high_total_anom,0.013080369854869,1.007536256512879,(e),Central Pacific,HCTB → High-cloud pathway,HCTB anomaly,High-cloud Net CRE contribution (W m$^{-2}$),0.410516019000000,-37.862140316999998,-0.000000000000000,-44.723683063700001,-30.339220262000001,True,0.536160153100000
2011-04-01,CP,-1,HCTB_candidate_diagnostic,HCTB_anom,NetPath_high_total_anom,-0.011404533214579,1.922378977505488,(e),Central Pacific,HCTB → High-cloud pathway,HCTB anomaly,High-cloud Net CRE contribution (W m$^{-2}$),0.410516019000000,-37.862140316999998,-0.000000000000000,-44.723683063700001,-30.339220262000001,True,0.536160153100000
2011-05-01,CP,-1,HCTB_candidate_diagnostic,HCTB_anom,NetPath_high_total_anom,-0.004621926854706,-0.478377687545262,(e),Central Pacific,HCTB → High-cloud pathway,HCTB anomaly,High-cloud Net CRE contribution (W m$^{-2}$),0.410516019000000,-37.862140316999998,-0.000000000000000,-44.723683063700001,-30.339220262000001,True,0.536160153100000
2011-06-01,CP,0,HCTB_candidate_diagnostic,HCTB_anom,NetPath_high_total_anom,0.012156273575789,-0.392255098510187,(e),Central Pacific,HCTB → High-cloud pathway,HCTB anomaly,High-cloud Net CRE contribution (W m$^{-2}$),0.410516019000000,-37.862140316999998,-0.000000000000000,-44.723683063700001,-30.339220262000001,True,0.536160153100000
2011-07-01,CP,0,HCTB_candidate_diagnostic,HCTB_anom,NetPath_high_total_anom,0.002556180597346,-0.424583673651843,(e),Central Pacific,HCTB → High-cloud pathway,HCTB anomaly,High-cloud Net CRE contribution (W m$^{-2}$),0.410516019000000,-37.862140316999998,-0.000000000000000,-44.723683063700001,-30.339220262000001,True,0.536160153100000
2011-08-01,CP,-1,HCTB_candidate_diagnostic,HCTB_anom,NetPath_high_total_anom,0.007612724736549,-0.297122831139276,(e),Central Pacific,HCTB → High-cloud pathway,HCTB anomaly,High-cloud Net CRE contribution (W m$^{-2}$),0.410516019000000,-37.862140316999998,-0.000000000000000,-44.723683063700001,-30.339220262000001,True,0.536160153100000
2011-09-01,CP,-1,HCTB_candidate_diagnostic,HCTB_anom,NetPath_high_total_anom,0.009061352342417,0.376170664639047,(e),Central Pacific,HCTB → High-cloud pathway,HCTB anomaly,High-cloud Net CRE contribution (W m$^{-2}$),0.410516019000000,-37.862140316999998,-0.000000000000000,-44.723683063700001,-30.339220262000001,True,0.536160153100000
2011-10-01,CP,-1,HCTB_candidate_diagnostic,HCTB_anom,NetPath_high_total_anom,0.011939283499687,0.561476830838737,(e),Central Pacific,HCTB → High-cloud pathway,HCTB anomaly,High-cloud Net CRE contribution (W m$^{-2}$),0.410516019000000,-37.862140316999998,-0.000000000000000,-44.723683063700001,-30.339220262000001,True,0.536160153100000
2011-11-01,CP,-1,HCTB_candidate_diagnostic,HCTB_anom,NetPath_high_total_anom,0.020844597565612,-1.154384170711593,(e),Central Pacific,HCTB → High-cloud pathway,HCTB anomaly,High-cloud Net CRE contribution (W m$^{-2}$),0.410516019000000,-37.862140316999998,-0.000000000000000,-44.723683063700001,-30.339220262000001,True,0.536160153100000
2011-12-01,CP,-1,HCTB_candidate_diagnostic,HCTB_anom,NetPath_high_total_anom,0.021504160949485,0.456556851450008,(e),Central Pacific,HCTB → High-cloud pathway,HCTB anomaly,High-cloud Net CRE contribution (W m$^{-2}$),0.410516019000000,-37.862140316999998,-0.000000000000000,-44.723683063700001,-30.339220262000001,True,0.536160153100000
2012-01-01,CP,-1,HCTB_candidate_diagnostic,HCTB_anom,NetPath_high_total_anom,0.023222079404799,-0.032351416760623,(e),Central Pacific,HCTB → High-cloud pathway,HCTB anomaly,High-cloud Net CRE contribution (W m$^{-2}$),0.410516019000000,-37.862140316999998,-0.000000000000000,-44.723683063700001,-30.339220262000001,True,0.536160153100000
2012-02-01,CP,-1,HCTB_candidate_diagnostic,HCTB_anom,NetPath_high_total_anom,-0.009578958704940,2.215435085617137,(e),Central Pacific,HCTB → High-cloud pathway,HCTB anomaly,High-cloud Net CRE contribution (W m$^{-2}$),0.410516019000000,-37.862140316999998,-0.000000000000000,-44.723683063700001,-30.339220262000001,True,0.536160153100000
2012-03-01,CP,-1,HCTB_candidate_diagnostic,HCTB_anom,NetPath_high_total_anom,0.009611191703908,0.046437946888053,(e),Central Pacific,HCTB → High-cloud pathway,HCTB anomaly,High-cloud Net CRE contribution (W m$^{-2}$),0.410516019000000,-37.862140316999998,-0.000000000000000,-44.723683063700001,-30.339220262000001,True,0.536160153100000
2012-04-01,CP,-1,HCTB_candidate_diagnostic,HCTB_anom,NetPath_high_total_anom,-0.013216755988072,0.579216355286218,(e),Central Pacific,HCTB → High-cloud pathway,HCTB anomaly,High-cloud Net CRE contribution (W m$^{-2}$),0.410516019000000,-37.862140316999998,-0.000000000000000,-44.723683063700001,-30.339220262000001,True,0.536160153100000
2012-05-01,CP,0,HCTB_candidate_diagnostic,HCTB_anom,NetPath_high_total_anom,-0.027489359147554,0.986004517705496,(e),Central Pacific,HCTB → High-cloud pathway,HCTB anomaly,High-cloud Net CRE contribution (W m$^{-2}$),0.410516019000000,-37.862140316999998,-0.000000000000000,-44.723683063700001,-30.339220262000001,True,0.536160153100000
2012-06-01,CP,0,HCTB_candidate_diagnostic,HCTB_anom,NetPath_high_total_anom,-0.007409110958203,0.626685259944883,(e),Central Pacific,HCTB → High-cloud pathway,HCTB anomaly,High-cloud Net CRE contribution (W m$^{-2}$),0.410516019000000,-37.862140316999998,-0.000000000000000,-44.723683063700001,-30.339220262000001,True,0.536160153100000
2012-07-01,CP,0,HCTB_candidate_diagnostic,HCTB_anom,NetPath_high_total_anom,-0.013257460991567,0.675145610460859,(e),Central Pacific,HCTB → High-cloud pathway,HCTB anomaly,High-cloud Net CRE contribution (W m$^{-2}$),0.410516019000000,-37.862140316999998,-0.000000000000000,-44.723683063700001,-30.339220262000001,True,0.536160153100000
2012-08-01,CP,1,HCTB_candidate_diagnostic,HCTB_anom,NetPath_high_total_anom,-0.015204562933092,0.943332564300621,(e),Central Pacific,HCTB → High-cloud pathway,HCTB anomaly,High-cloud Net CRE contribution (W m$^{-2}$),0.410516019000000,-37.862140316999998,-0.000000000000000,-44.723683063700001,-30.339220262000001,True,0.536160153100000
2012-09-01,CP,0,HCTB_candidate_diagnostic,HCTB_anom,NetPath_high_total_anom,-0.009744136771177,0.569420125263834,(e),Central Pacific,HCTB → High-cloud pathway,HCTB anomaly,High-cloud Net CRE contribution (W m$^{-2}$),0.410516019000000,-37.862140316999998,-0.000000000000000,-44.723683063700001,-30.339220262000001,True,0.536160153100000
2012-10-01,CP,0,HCTB_candidate_diagnostic,HCTB_anom,NetPath_high_total_anom,-0.017314590734223,0.046315240526001,(e),Central Pacific,HCTB → High-cloud pathway,HCTB anomaly,High-cloud Net CRE contribution (W m$^{-2}$),0.410516019000000,-37.862140316999998,-0.000000000000000,-44.723683063700001,-30.339220262000001,True,0.536160153100000
2012-11-01,CP,0,HCTB_candidate_diagnostic,HCTB_anom,NetPath_high_total_anom,-0.013163352017102,-0.195870236900168,(e),Central Pacific,HCTB → High-cloud pathway,HCTB anomaly,High-cloud Net CRE contribution (W m$^{-2}$),0.410516019000000,-37.862140316999998,-0.000000000000000,-44.723683063700001,-30.339220262000001,True,0.536160153100000
2012-12-01,CP,0,HCTB_candidate_diagnostic,HCTB_anom,NetPath_high_total_anom,0.002950010527036,-1.305633367706447,(e),Central Pacific,HCTB → High-cloud pathway,HCTB anomaly,High-cloud Net CRE contribution (W m$^{-2}$),0.410516019000000,-37.862140316999998,-0.000000000000000,-44.723683063700001,-30.339220262000001,True,0.536160153100000
2013-01-01,CP,-1,HCTB_candidate_diagnostic,HCTB_anom,NetPath_high_total_anom,-0.023852203581888,-0.932801770291101,(e),Central Pacific,HCTB → High-cloud pathway,HCTB anomaly,High-cloud Net CRE contribution (W m$^{-2}$),0.410516019000000,-37.862140316999998,-0.000000000000000,-44.723683063700001,-30.339220262000001,True,0.536160153100000
2013-02-01,CP,-1,HCTB_candidate_diagnostic,HCTB_anom,NetPath_high_total_anom,-0.013166355013494,1.765328618064127,(e),Central Pacific,HCTB → High-cloud pathway,HCTB anomaly,High-cloud Net CRE contribution (W m$^{-2}$),0.410516019000000,-37.862140316999998,-0.000000000000000,-44.723683063700001,-30.339220262000001,True,0.536160153100000
2013-03-01,CP,0,HCTB_candidate_diagnostic,HCTB_anom,NetPath_high_total_anom,-0.001275068935848,-1.458563453746298,(e),Central Pacific,HCTB → High-cloud pathway,HCTB anomaly,High-cloud Net CRE contribution (W m$^{-2}$),0.410516019000000,-37.862140316999998,-0.000000000000000,-44.723683063700001,-30.339220262000001,True,0.536160153100000
2013-04-01,CP,0,HCTB_candidate_diagnostic,HCTB_anom,NetPath_high_total_anom,-0.033945986628117,2.136855449737132,(e),Central Pacific,HCTB → High-cloud pathway,HCTB anomaly,High-cloud Net CRE contribution (W m$^{-2}$),0.410516019000000,-37.862140316999998,-0.000000000000000,-44.723683063700001,-30.339220262000001,True,0.536160153100000
2013-05-01,CP,0,HCTB_candidate_diagnostic,HCTB_anom,NetPath_high_total_anom,-0.003996293808497,0.828485874350113,(e),Central Pacific,HCTB → High-cloud pathway,HCTB anomaly,High-cloud Net CRE contribution (W m$^{-2}$),0.410516019000000,-37.862140316999998,-0.000000000000000,-44.723683063700001,-30.339220262000001,True,0.536160153100000
2013-06-01,CP,0,HCTB_candidate_diagnostic,HCTB_anom,NetPath_high_total_anom,-0.002997121930516,0.043489496653690,(e),Central Pacific,HCTB → High-cloud pathway,HCTB anomaly,High-cloud Net CRE contribution (W m$^{-2}$),0.410516019000000,-37.862140316999998,-0.000000000000000,-44.723683063700001,-30.339220262000001,True,0.536160153100000
2013-07-01,CP,0,HCTB_candidate_diagnostic,HCTB_anom,NetPath_high_total_anom,0.008253693976270,0.574033045496717,(e),Central Pacific,HCTB → High-cloud pathway,HCTB anomaly,High-cloud Net CRE contribution (W m$^{-2}$),0.410516019000000,-37.862140316999998,-0.000000000000000,-44.723683063700001,-30.339220262000001,True,0.536160153100000
2013-08-01,CP,0,HCTB_candidate_diagnostic,HCTB_anom,NetPath_high_total_anom,-0.001569837541949,0.516576432401280,(e),Central Pacific,HCTB → High-cloud pathway,HCTB anomaly,High-cloud Net CRE contribution (W m$^{-2}$),0.410516019000000,-37.862140316999998,-0.000000000000000,-44.723683063700001,-30.339220262000001,True,0.536160153100000
2013-09-01,CP,0,HCTB_candidate_diagnostic,HCTB_anom,NetPath_high_total_anom,0.006094909934479,-0.522640524352058,(e),Central Pacific,HCTB → High-cloud pathway,HCTB anomaly,High-cloud Net CRE contribution (W m$^{-2}$),0.410516019000000,-37.862140316999998,-0.000000000000000,-44.723683063700001,-30.339220262000001,True,0.536160153100000
2013-10-01,CP,0,HCTB_candidate_diagnostic,HCTB_anom,NetPath_high_total_anom,0.001392228421803,-0.662038448923805,(e),Central Pacific,HCTB → High-cloud pathway,HCTB anomaly,High-cloud Net CRE contribution (W m$^{-2}$),0.410516019000000,-37.862140316999998,-0.000000000000000,-44.723683063700001,-30.339220262000001,True,0.536160153100000
2013-11-01,CP,0,HCTB_candidate_diagnostic,HCTB_anom,NetPath_high_total_anom,-0.010027708509528,1.038224694581340,(e),Central Pacific,HCTB → High-cloud pathway,HCTB anomaly,High-cloud Net CRE contribution (W m$^{-2}$),0.410516019000000,-37.862140316999998,-0.000000000000000,-44.723683063700001,-30.339220262000001,True,0.536160153100000
2013-12-01,CP,0,HCTB_candidate_diagnostic,HCTB_anom,NetPath_high_total_anom,-0.000084485681555,-0.227345212804166,(e),Central Pacific,HCTB → High-cloud pathway,HCTB anomaly,High-cloud Net CRE contribution (W m$^{-2}$),0.410516019000000,-37.862140316999998,-0.000000000000000,-44.723683063700001,-30.339220262000001,True,0.536160153100000
2014-01-01,CP,-1,HCTB_candidate_diagnostic,HCTB_anom,NetPath_high_total_anom,-0.006043454190594,-0.467941349459622,(e),Central Pacific,HCTB → High-cloud pathway,HCTB anomaly,High-cloud Net CRE contribution (W m$^{-2}$),0.410516019000000,-37.862140316999998,-0.000000000000000,-44.723683063700001,-30.339220262000001,True,0.536160153100000
2014-02-01,CP,-1,HCTB_candidate_diagnostic,HCTB_anom,NetPath_high_total_anom,-0.000313579436028,-0.722884645398622,(e),Central Pacific,HCTB → High-cloud pathway,HCTB anomaly,High-cloud Net CRE contribution (W m$^{-2}$),0.410516019000000,-37.862140316999998,-0.000000000000000,-44.723683063700001,-30.339220262000001,True,0.536160153100000
2014-03-01,CP,0,HCTB_candidate_diagnostic,HCTB_anom,NetPath_high_total_anom,0.012590245106538,-1.247145770887973,(e),Central Pacific,HCTB → High-cloud pathway,HCTB anomaly,High-cloud Net CRE contribution (W m$^{-2}$),0.410516019000000,-37.862140316999998,-0.000000000000000,-44.723683063700001,-30.339220262000001,True,0.536160153100000
2014-04-01,CP,0,HCTB_candidate_diagnostic,HCTB_anom,NetPath_high_total_anom,0.031002058885941,-2.341046016906404,(e),Central Pacific,HCTB → High-cloud pathway,HCTB anomaly,High-cloud Net CRE contribution (W m$^{-2}$),0.410516019000000,-37.862140316999998,-0.000000000000000,-44.723683063700001,-30.339220262000001,True,0.536160153100000
2014-05-01,CP,0,HCTB_candidate_diagnostic,HCTB_anom,NetPath_high_total_anom,-0.024266394699024,1.430490690085193,(e),Central Pacific,HCTB → High-cloud pathway,HCTB anomaly,High-cloud Net CRE contribution (W m$^{-2}$),0.410516019000000,-37.862140316999998,-0.000000000000000,-44.723683063700001,-30.339220262000001,True,0.536160153100000
2014-06-01,CP,0,HCTB_candidate_diagnostic,HCTB_anom,NetPath_high_total_anom,-0.037381215208015,0.042801862229492,(e),Central Pacific,HCTB → High-cloud pathway,HCTB anomaly,High-cloud Net CRE contribution (W m$^{-2}$),0.410516019000000,-37.862140316999998,-0.000000000000000,-44.723683063700001,-30.339220262000001,True,0.536160153100000
2014-07-01,CP,0,HCTB_candidate_diagnostic,HCTB_anom,NetPath_high_total_anom,0.002857958847299,-1.154869660051466,(e),Central Pacific,HCTB → High-cloud pathway,HCTB anomaly,High-cloud Net CRE contribution (W m$^{-2}$),0.410516019000000,-37.862140316999998,-0.000000000000000,-44.723683063700001,-30.339220262000001,True,0.536160153100000
2014-08-01,CP,0,HCTB_candidate_diagnostic,HCTB_anom,NetPath_high_total_anom,-0.000741846048030,0.094030079074436,(e),Central Pacific,HCTB → High-cloud pathway,HCTB anomaly,High-cloud Net CRE contribution (W m$^{-2}$),0.410516019000000,-37.862140316999998,-0.000000000000000,-44.723683063700001,-30.339220262000001,True,0.536160153100000
2014-09-01,CP,0,HCTB_candidate_diagnostic,HCTB_anom,NetPath_high_total_anom,-0.021755066413056,0.410125029000842,(e),Central Pacific,HCTB → High-cloud pathway,HCTB anomaly,High-cloud Net CRE contribution (W m$^{-2}$),0.410516019000000,-37.862140316999998,-0.000000000000000,-44.723683063700001,-30.339220262000001,True,0.536160153100000
2014-10-01,CP,1,HCTB_candidate_diagnostic,HCTB_anom,NetPath_high_total_anom,-0.032217819984052,0.644246666833061,(e),Central Pacific,HCTB → High-cloud pathway,HCTB anomaly,High-cloud Net CRE contribution (W m$^{-2}$),0.410516019000000,-37.862140316999998,-0.000000000000000,-44.723683063700001,-30.339220262000001,True,0.536160153100000
2014-11-01,CP,1,HCTB_candidate_diagnostic,HCTB_anom,NetPath_high_total_anom,-0.019771723416379,1.113001404094806,(e),Central Pacific,HCTB → High-cloud pathway,HCTB anomaly,High-cloud Net CRE contribution (W m$^{-2}$),0.410516019000000,-37.862140316999998,-0.000000000000000,-44.723683063700001,-30.339220262000001,True,0.536160153100000
2014-12-01,CP,1,HCTB_candidate_diagnostic,HCTB_anom,NetPath_high_total_anom,-0.011674301820889,-0.236913465366224,(e),Central Pacific,HCTB → High-cloud pathway,HCTB anomaly,High-cloud Net CRE contribution (W m$^{-2}$),0.410516019000000,-37.862140316999998,-0.000000000000000,-44.723683063700001,-30.339220262000001,True,0.536160153100000
2015-01-01,CP,1,HCTB_candidate_diagnostic,HCTB_anom,NetPath_high_total_anom,-0.027076950723297,0.899726503261883,(e),Central Pacific,HCTB → High-cloud pathway,HCTB anomaly,High-cloud Net CRE contribution (W m$^{-2}$),0.410516019000000,-37.862140316999998,-0.000000000000000,-44.723683063700001,-30.339220262000001,True,0.536160153100000
2015-02-01,CP,0,HCTB_candidate_diagnostic,HCTB_anom,NetPath_high_total_anom,-0.040926937298559,0.757265392518192,(e),Central Pacific,HCTB → High-cloud pathway,HCTB anomaly,High-cloud Net CRE contribution (W m$^{-2}$),0.410516019000000,-37.862140316999998,-0.000000000000000,-44.723683063700001,-30.339220262000001,True,0.536160153100000
2015-03-01,CP,1,HCTB_candidate_diagnostic,HCTB_anom,NetPath_high_total_anom,0.026436074796628,-2.255777288130735,(e),Central Pacific,HCTB → High-cloud pathway,HCTB anomaly,High-cloud Net CRE contribution (W m$^{-2}$),0.410516019000000,-37.862140316999998,-0.000000000000000,-44.723683063700001,-30.339220262000001,True,0.536160153100000
2015-04-01,CP,1,HCTB_candidate_diagnostic,HCTB_anom,NetPath_high_total_anom,-0.012027823188949,-1.460635085126629,(e),Central Pacific,HCTB → High-cloud pathway,HCTB anomaly,High-cloud Net CRE contribution (W m$^{-2}$),0.410516019000000,-37.862140316999998,-0.000000000000000,-44.723683063700001,-30.339220262000001,True,0.536160153100000
2015-05-01,CP,1,HCTB_candidate_diagnostic,HCTB_anom,NetPath_high_total_anom,-0.002757495198184,-1.342699670485899,(e),Central Pacific,HCTB → High-cloud pathway,HCTB anomaly,High-cloud Net CRE contribution (W m$^{-2}$),0.410516019000000,-37.862140316999998,-0.000000000000000,-44.723683063700001,-30.339220262000001,True,0.536160153100000
2015-06-01,CP,1,HCTB_candidate_diagnostic,HCTB_anom,NetPath_high_total_anom,0.004775623493674,-0.504884714478188,(e),Central Pacific,HCTB → High-cloud pathway,HCTB anomaly,High-cloud Net CRE contribution (W m$^{-2}$),0.410516019000000,-37.862140316999998,-0.000000000000000,-44.723683063700001,-30.339220262000001,True,0.536160153100000
2015-07-01,CP,1,HCTB_candidate_diagnostic,HCTB_anom,NetPath_high_total_anom,0.045313070090316,-2.385090276849338,(e),Central Pacific,HCTB → High-cloud pathway,HCTB anomaly,High-cloud Net CRE contribution (W m$^{-2}$),0.410516019000000,-37.862140316999998,-0.000000000000000,-44.723683063700001,-30.339220262000001,True,0.536160153100000
2015-08-01,CP,1,HCTB_candidate_diagnostic,HCTB_anom,NetPath_high_total_anom,-0.016921143982057,-0.654698388616682,(e),Central Pacific,HCTB → High-cloud pathway,HCTB anomaly,High-cloud Net CRE contribution (W m$^{-2}$),0.410516019000000,-37.862140316999998,-0.000000000000000,-44.723683063700001,-30.339220262000001,True,0.536160153100000
2015-09-01,CP,1,HCTB_candidate_diagnostic,HCTB_anom,NetPath_high_total_anom,-0.011429636811524,-1.811130589461239,(e),Central Pacific,HCTB → High-cloud pathway,HCTB anomaly,High-cloud Net CRE contribution (W m$^{-2}$),0.410516019000000,-37.862140316999998,-0.000000000000000,-44.723683063700001,-30.339220262000001,True,0.536160153100000
2015-10-01,CP,1,HCTB_candidate_diagnostic,HCTB_anom,NetPath_high_total_anom,0.039563535670243,-2.499421295270102,(e),Central Pacific,HCTB → High-cloud pathway,HCTB anomaly,High-cloud Net CRE contribution (W m$^{-2}$),0.410516019000000,-37.862140316999998,-0.000000000000000,-44.723683063700001,-30.339220262000001,True,0.536160153100000
2015-11-01,CP,1,HCTB_candidate_diagnostic,HCTB_anom,NetPath_high_total_anom,-0.005561727344998,-1.618040113838096,(e),Central Pacific,HCTB → High-cloud pathway,HCTB anomaly,High-cloud Net CRE contribution (W m$^{-2}$),0.410516019000000,-37.862140316999998,-0.000000000000000,-44.723683063700001,-30.339220262000001,True,0.536160153100000
2015-12-01,CP,1,HCTB_candidate_diagnostic,HCTB_anom,NetPath_high_total_anom,0.019538936582122,-1.416645279725067,(e),Central Pacific,HCTB → High-cloud pathway,HCTB anomaly,High-cloud Net CRE contribution (W m$^{-2}$),0.410516019000000,-37.862140316999998,-0.000000000000000,-44.723683063700001,-30.339220262000001,True,0.536160153100000
2016-01-01,CP,1,HCTB_candidate_diagnostic,HCTB_anom,NetPath_high_total_anom,0.001019330683727,0.764620548069909,(e),Central Pacific,HCTB → High-cloud pathway,HCTB anomaly,High-cloud Net CRE contribution (W m$^{-2}$),0.410516019000000,-37.862140316999998,-0.000000000000000,-44.723683063700001,-30.339220262000001,True,0.536160153100000
2016-02-01,CP,1,HCTB_candidate_diagnostic,HCTB_anom,NetPath_high_total_anom,0.055371216533652,-3.643972572873235,(e),Central Pacific,HCTB → High-cloud pathway,HCTB anomaly,High-cloud Net CRE contribution (W m$^{-2}$),0.410516019000000,-37.862140316999998,-0.000000000000000,-44.723683063700001,-30.339220262000001,True,0.536160153100000
2016-03-01,CP,1,HCTB_candidate_diagnostic,HCTB_anom,NetPath_high_total_anom,-0.007264880279081,0.051986927085525,(e),Central Pacific,HCTB → High-cloud pathway,HCTB anomaly,High-cloud Net CRE contribution (W m$^{-2}$),0.410516019000000,-37.862140316999998,-0.000000000000000,-44.723683063700001,-30.339220262000001,True,0.536160153100000
2016-04-01,CP,1,HCTB_candidate_diagnostic,HCTB_anom,NetPath_high_total_anom,0.006187277711614,0.320874781280928,(e),Central Pacific,HCTB → High-cloud pathway,HCTB anomaly,High-cloud Net CRE contribution (W m$^{-2}$),0.410516019000000,-37.862140316999998,-0.000000000000000,-44.723683063700001,-30.339220262000001,True,0.536160153100000
2016-05-01,CP,0,HCTB_candidate_diagnostic,HCTB_anom,NetPath_high_total_anom,0.013151541003867,-0.084776203906869,(e),Central Pacific,HCTB → High-cloud pathway,HCTB anomaly,High-cloud Net CRE contribution (W m$^{-2}$),0.410516019000000,-37.862140316999998,-0.000000000000000,-44.723683063700001,-30.339220262000001,True,0.536160153100000
2016-06-01,CP,0,HCTB_candidate_diagnostic,HCTB_anom,NetPath_high_total_anom,-0.018262789261735,1.095522789520464,(e),Central Pacific,HCTB → High-cloud pathway,HCTB anomaly,High-cloud Net CRE contribution (W m$^{-2}$),0.410516019000000,-37.862140316999998,-0.000000000000000,-44.723683063700001,-30.339220262000001,True,0.536160153100000
2016-07-01,CP,-1,HCTB_candidate_diagnostic,HCTB_anom,NetPath_high_total_anom,0.003661070555620,0.544818161419371,(e),Central Pacific,HCTB → High-cloud pathway,HCTB anomaly,High-cloud Net CRE contribution (W m$^{-2}$),0.410516019000000,-37.862140316999998,-0.000000000000000,-44.723683063700001,-30.339220262000001,True,0.536160153100000
2016-08-01,CP,-1,HCTB_candidate_diagnostic,HCTB_anom,NetPath_high_total_anom,-0.007837806904170,0.274918859156635,(e),Central Pacific,HCTB → High-cloud pathway,HCTB anomaly,High-cloud Net CRE contribution (W m$^{-2}$),0.410516019000000,-37.862140316999998,-0.000000000000000,-44.723683063700001,-30.339220262000001,True,0.536160153100000
2016-09-01,CP,-1,HCTB_candidate_diagnostic,HCTB_anom,NetPath_high_total_anom,-0.002066863687123,0.345568337329945,(e),Central Pacific,HCTB → High-cloud pathway,HCTB anomaly,High-cloud Net CRE contribution (W m$^{-2}$),0.410516019000000,-37.862140316999998,-0.000000000000000,-44.723683063700001,-30.339220262000001,True,0.536160153100000
2016-10-01,CP,-1,HCTB_candidate_diagnostic,HCTB_anom,NetPath_high_total_anom,-0.001416249078784,0.706815123525054,(e),Central Pacific,HCTB → High-cloud pathway,HCTB anomaly,High-cloud Net CRE contribution (W m$^{-2}$),0.410516019000000,-37.862140316999998,-0.000000000000000,-44.723683063700001,-30.339220262000001,True,0.536160153100000
2016-11-01,CP,-1,HCTB_candidate_diagnostic,HCTB_anom,NetPath_high_total_anom,0.017224154280053,-0.360004132138416,(e),Central Pacific,HCTB → High-cloud pathway,HCTB anomaly,High-cloud Net CRE contribution (W m$^{-2}$),0.410516019000000,-37.862140316999998,-0.000000000000000,-44.723683063700001,-30.339220262000001,True,0.536160153100000
2016-12-01,CP,-1,HCTB_candidate_diagnostic,HCTB_anom,NetPath_high_total_anom,-0.011633784102772,0.737598012370582,(e),Central Pacific,HCTB → High-cloud pathway,HCTB anomaly,High-cloud Net CRE contribution (W m$^{-2}$),0.410516019000000,-37.862140316999998,-0.000000000000000,-44.723683063700001,-30.339220262000001,True,0.536160153100000
2017-01-01,CP,0,HCTB_candidate_diagnostic,HCTB_anom,NetPath_high_total_anom,0.001718036059089,1.082140273606232,(e),Central Pacific,HCTB → High-cloud pathway,HCTB anomaly,High-cloud Net CRE contribution (W m$^{-2}$),0.410516019000000,-37.862140316999998,-0.000000000000000,-44.723683063700001,-30.339220262000001,True,0.536160153100000
2017-02-01,CP,0,HCTB_candidate_diagnostic,HCTB_anom,NetPath_high_total_anom,-0.020739391296667,2.070292397134671,(e),Central Pacific,HCTB → High-cloud pathway,HCTB anomaly,High-cloud Net CRE contribution (W m$^{-2}$),0.410516019000000,-37.862140316999998,-0.000000000000000,-44.723683063700001,-30.339220262000001,True,0.536160153100000
2017-03-01,CP,0,HCTB_candidate_diagnostic,HCTB_anom,NetPath_high_total_anom,-0.019404134623373,2.313281688121934,(e),Central Pacific,HCTB → High-cloud pathway,HCTB anomaly,High-cloud Net CRE contribution (W m$^{-2}$),0.410516019000000,-37.862140316999998,-0.000000000000000,-44.723683063700001,-30.339220262000001,True,0.536160153100000
2017-04-01,CP,0,HCTB_candidate_diagnostic,HCTB_anom,NetPath_high_total_anom,-0.014134285561389,0.994157776085049,(e),Central Pacific,HCTB → High-cloud pathway,HCTB anomaly,High-cloud Net CRE contribution (W m$^{-2}$),0.410516019000000,-37.862140316999998,-0.000000000000000,-44.723683063700001,-30.339220262000001,True,0.536160153100000
2017-05-01,CP,0,HCTB_candidate_diagnostic,HCTB_anom,NetPath_high_total_anom,0.006181298876889,0.448713197490480,(e),Central Pacific,HCTB → High-cloud pathway,HCTB anomaly,High-cloud Net CRE contribution (W m$^{-2}$),0.410516019000000,-37.862140316999998,-0.000000000000000,-44.723683063700001,-30.339220262000001,True,0.536160153100000
2017-06-01,CP,0,HCTB_candidate_diagnostic,HCTB_anom,NetPath_high_total_anom,-0.000152135190373,0.289923727230974,(e),Central Pacific,HCTB → High-cloud pathway,HCTB anomaly,High-cloud Net CRE contribution (W m$^{-2}$),0.410516019000000,-37.862140316999998,-0.000000000000000,-44.723683063700001,-30.339220262000001,True,0.536160153100000
2017-07-01,CP,0,HCTB_candidate_diagnostic,HCTB_anom,NetPath_high_total_anom,-0.010660310580528,1.164472278904369,(e),Central Pacific,HCTB → High-cloud pathway,HCTB anomaly,High-cloud Net CRE contribution (W m$^{-2}$),0.410516019000000,-37.862140316999998,-0.000000000000000,-44.723683063700001,-30.339220262000001,True,0.536160153100000
2017-08-01,CP,0,HCTB_candidate_diagnostic,HCTB_anom,NetPath_high_total_anom,-0.012435431360245,1.032955801892427,(e),Central Pacific,HCTB → High-cloud pathway,HCTB anomaly,High-cloud Net CRE contribution (W m$^{-2}$),0.410516019000000,-37.862140316999998,-0.000000000000000,-44.723683063700001,-30.339220262000001,True,0.536160153100000
2017-09-01,CP,0,HCTB_candidate_diagnostic,HCTB_anom,NetPath_high_total_anom,-0.000093783259434,0.431339540883771,(e),Central Pacific,HCTB → High-cloud pathway,HCTB anomaly,High-cloud Net CRE contribution (W m$^{-2}$),0.410516019000000,-37.862140316999998,-0.000000000000000,-44.723683063700001,-30.339220262000001,True,0.536160153100000
2017-10-01,CP,-1,HCTB_candidate_diagnostic,HCTB_anom,NetPath_high_total_anom,0.017403984186991,-0.984283841249557,(e),Central Pacific,HCTB → High-cloud pathway,HCTB anomaly,High-cloud Net CRE contribution (W m$^{-2}$),0.410516019000000,-37.862140316999998,-0.000000000000000,-44.723683063700001,-30.339220262000001,True,0.536160153100000
2017-11-01,CP,-1,HCTB_candidate_diagnostic,HCTB_anom,NetPath_high_total_anom,0.017840517066119,-0.663685946709070,(e),Central Pacific,HCTB → High-cloud pathway,HCTB anomaly,High-cloud Net CRE contribution (W m$^{-2}$),0.410516019000000,-37.862140316999998,-0.000000000000000,-44.723683063700001,-30.339220262000001,True,0.536160153100000
2017-12-01,CP,-1,HCTB_candidate_diagnostic,HCTB_anom,NetPath_high_total_anom,-0.020797708797997,0.766185027009370,(e),Central Pacific,HCTB → High-cloud pathway,HCTB anomaly,High-cloud Net CRE contribution (W m$^{-2}$),0.410516019000000,-37.862140316999998,-0.000000000000000,-44.723683063700001,-30.339220262000001,True,0.536160153100000
2018-01-01,CP,-1,HCTB_candidate_diagnostic,HCTB_anom,NetPath_high_total_anom,0.020935016244880,0.869094372571895,(e),Central Pacific,HCTB → High-cloud pathway,HCTB anomaly,High-cloud Net CRE contribution (W m$^{-2}$),0.410516019000000,-37.862140316999998,-0.000000000000000,-44.723683063700001,-30.339220262000001,True,0.536160153100000
2018-02-01,CP,-1,HCTB_candidate_diagnostic,HCTB_anom,NetPath_high_total_anom,-0.025557322175997,0.503595761293792,(e),Central Pacific,HCTB → High-cloud pathway,HCTB anomaly,High-cloud Net CRE contribution (W m$^{-2}$),0.410516019000000,-37.862140316999998,-0.000000000000000,-44.723683063700001,-30.339220262000001,True,0.536160153100000
2018-03-01,CP,-1,HCTB_candidate_diagnostic,HCTB_anom,NetPath_high_total_anom,0.009405295007805,-1.331911344141277,(e),Central Pacific,HCTB → High-cloud pathway,HCTB anomaly,High-cloud Net CRE contribution (W m$^{-2}$),0.410516019000000,-37.862140316999998,-0.000000000000000,-44.723683063700001,-30.339220262000001,True,0.536160153100000
2018-04-01,CP,-1,HCTB_candidate_diagnostic,HCTB_anom,NetPath_high_total_anom,0.000856708729643,-0.703097492149178,(e),Central Pacific,HCTB → High-cloud pathway,HCTB anomaly,High-cloud Net CRE contribution (W m$^{-2}$),0.410516019000000,-37.862140316999998,-0.000000000000000,-44.723683063700001,-30.339220262000001,True,0.536160153100000
2018-05-01,CP,0,HCTB_candidate_diagnostic,HCTB_anom,NetPath_high_total_anom,0.032423275976836,-1.579000134591724,(e),Central Pacific,HCTB → High-cloud pathway,HCTB anomaly,High-cloud Net CRE contribution (W m$^{-2}$),0.410516019000000,-37.862140316999998,-0.000000000000000,-44.723683063700001,-30.339220262000001,True,0.536160153100000
2018-06-01,CP,0,HCTB_candidate_diagnostic,HCTB_anom,NetPath_high_total_anom,0.024046745849047,-1.751147331736127,(e),Central Pacific,HCTB → High-cloud pathway,HCTB anomaly,High-cloud Net CRE contribution (W m$^{-2}$),0.410516019000000,-37.862140316999998,-0.000000000000000,-44.723683063700001,-30.339220262000001,True,0.536160153100000
2018-07-01,CP,0,HCTB_candidate_diagnostic,HCTB_anom,NetPath_high_total_anom,0.012155894778896,-0.930830008322861,(e),Central Pacific,HCTB → High-cloud pathway,HCTB anomaly,High-cloud Net CRE contribution (W m$^{-2}$),0.410516019000000,-37.862140316999998,-0.000000000000000,-44.723683063700001,-30.339220262000001,True,0.536160153100000
2018-08-01,CP,0,HCTB_candidate_diagnostic,HCTB_anom,NetPath_high_total_anom,-0.008569368461393,0.083967816811175,(e),Central Pacific,HCTB → High-cloud pathway,HCTB anomaly,High-cloud Net CRE contribution (W m$^{-2}$),0.410516019000000,-37.862140316999998,-0.000000000000000,-44.723683063700001,-30.339220262000001,True,0.536160153100000
2018-09-01,CP,1,HCTB_candidate_diagnostic,HCTB_anom,NetPath_high_total_anom,-0.028475488583098,0.021560362263359,(e),Central Pacific,HCTB → High-cloud pathway,HCTB anomaly,High-cloud Net CRE contribution (W m$^{-2}$),0.410516019000000,-37.862140316999998,-0.000000000000000,-44.723683063700001,-30.339220262000001,True,0.536160153100000
2018-10-01,CP,1,HCTB_candidate_diagnostic,HCTB_anom,NetPath_high_total_anom,-0.036762996471162,1.471873099122828,(e),Central Pacific,HCTB → High-cloud pathway,HCTB anomaly,High-cloud Net CRE contribution (W m$^{-2}$),0.410516019000000,-37.862140316999998,-0.000000000000000,-44.723683063700001,-30.339220262000001,True,0.536160153100000
2018-11-01,CP,1,HCTB_candidate_diagnostic,HCTB_anom,NetPath_high_total_anom,-0.028083162811943,0.222785597747165,(e),Central Pacific,HCTB → High-cloud pathway,HCTB anomaly,High-cloud Net CRE contribution (W m$^{-2}$),0.410516019000000,-37.862140316999998,-0.000000000000000,-44.723683063700001,-30.339220262000001,True,0.536160153100000
2018-12-01,CP,1,HCTB_candidate_diagnostic,HCTB_anom,NetPath_high_total_anom,0.002908391097279,-1.212797443604220,(e),Central Pacific,HCTB → High-cloud pathway,HCTB anomaly,High-cloud Net CRE contribution (W m$^{-2}$),0.410516019000000,-37.862140316999998,-0.000000000000000,-44.723683063700001,-30.339220262000001,True,0.536160153100000
2019-01-01,CP,1,HCTB_candidate_diagnostic,HCTB_anom,NetPath_high_total_anom,-0.045619797915741,1.350513971319609,(e),Central Pacific,HCTB → High-cloud pathway,HCTB anomaly,High-cloud Net CRE contribution (W m$^{-2}$),0.410516019000000,-37.862140316999998,-0.000000000000000,-44.723683063700001,-30.339220262000001,True,0.536160153100000
2019-02-01,CP,1,HCTB_candidate_diagnostic,HCTB_anom,NetPath_high_total_anom,0.024255643550533,-1.871345890998261,(e),Central Pacific,HCTB → High-cloud pathway,HCTB anomaly,High-cloud Net CRE contribution (W m$^{-2}$),0.410516019000000,-37.862140316999998,-0.000000000000000,-44.723683063700001,-30.339220262000001,True,0.536160153100000
2019-03-01,CP,1,HCTB_candidate_diagnostic,HCTB_anom,NetPath_high_total_anom,0.020670713549205,-2.401414436332040,(e),Central Pacific,HCTB → High-cloud pathway,HCTB anomaly,High-cloud Net CRE contribution (W m$^{-2}$),0.410516019000000,-37.862140316999998,-0.000000000000000,-44.723683063700001,-30.339220262000001,True,0.536160153100000
2019-04-01,CP,1,HCTB_candidate_diagnostic,HCTB_anom,NetPath_high_total_anom,-0.027909566547701,1.288188643441844,(e),Central Pacific,HCTB → High-cloud pathway,HCTB anomaly,High-cloud Net CRE contribution (W m$^{-2}$),0.410516019000000,-37.862140316999998,-0.000000000000000,-44.723683063700001,-30.339220262000001,True,0.536160153100000
2019-05-01,CP,1,HCTB_candidate_diagnostic,HCTB_anom,NetPath_high_total_anom,0.002285263270192,-0.906658401728033,(e),Central Pacific,HCTB → High-cloud pathway,HCTB anomaly,High-cloud Net CRE contribution (W m$^{-2}$),0.410516019000000,-37.862140316999998,-0.000000000000000,-44.723683063700001,-30.339220262000001,True,0.536160153100000
2019-06-01,CP,1,HCTB_candidate_diagnostic,HCTB_anom,NetPath_high_total_anom,-0.000572591059870,-0.127111572769547,(e),Central Pacific,HCTB → High-cloud pathway,HCTB anomaly,High-cloud Net CRE contribution (W m$^{-2}$),0.410516019000000,-37.862140316999998,-0.000000000000000,-44.723683063700001,-30.339220262000001,True,0.536160153100000
2019-07-01,CP,0,HCTB_candidate_diagnostic,HCTB_anom,NetPath_high_total_anom,-0.029334091699063,0.852622140539028,(e),Central Pacific,HCTB → High-cloud pathway,HCTB anomaly,High-cloud Net CRE contribution (W m$^{-2}$),0.410516019000000,-37.862140316999998,-0.000000000000000,-44.723683063700001,-30.339220262000001,True,0.536160153100000
2019-08-01,CP,0,HCTB_candidate_diagnostic,HCTB_anom,NetPath_high_total_anom,0.000059000878230,-0.694159322953537,(e),Central Pacific,HCTB → High-cloud pathway,HCTB anomaly,High-cloud Net CRE contribution (W m$^{-2}$),0.410516019000000,-37.862140316999998,-0.000000000000000,-44.723683063700001,-30.339220262000001,True,0.536160153100000
2019-09-01,CP,0,HCTB_candidate_diagnostic,HCTB_anom,NetPath_high_total_anom,0.018268482075093,-0.710529459859636,(e),Central Pacific,HCTB → High-cloud pathway,HCTB anomaly,High-cloud Net CRE contribution (W m$^{-2}$),0.410516019000000,-37.862140316999998,-0.000000000000000,-44.723683063700001,-30.339220262000001,True,0.536160153100000
2019-10-01,CP,1,HCTB_candidate_diagnostic,HCTB_anom,NetPath_high_total_anom,-0.017747386115187,1.064658064851975,(e),Central Pacific,HCTB → High-cloud pathway,HCTB anomaly,High-cloud Net CRE contribution (W m$^{-2}$),0.410516019000000,-37.862140316999998,-0.000000000000000,-44.723683063700001,-30.339220262000001,True,0.536160153100000
2019-11-01,CP,1,HCTB_candidate_diagnostic,HCTB_anom,NetPath_high_total_anom,0.003888518572402,-0.687275700639685,(e),Central Pacific,HCTB → High-cloud pathway,HCTB anomaly,High-cloud Net CRE contribution (W m$^{-2}$),0.410516019000000,-37.862140316999998,-0.000000000000000,-44.723683063700001,-30.339220262000001,True,0.536160153100000
2019-12-01,CP,1,HCTB_candidate_diagnostic,HCTB_anom,NetPath_high_total_anom,-0.011100363454681,-0.154327169923075,(e),Central Pacific,HCTB → High-cloud pathway,HCTB anomaly,High-cloud Net CRE contribution (W m$^{-2}$),0.410516019000000,-37.862140316999998,-0.000000000000000,-44.723683063700001,-30.339220262000001,True,0.536160153100000
2020-01-01,CP,1,HCTB_candidate_diagnostic,HCTB_anom,NetPath_high_total_anom,0.000826144051934,-1.248659329750052,(e),Central Pacific,HCTB → High-cloud pathway,HCTB anomaly,High-cloud Net CRE contribution (W m$^{-2}$),0.410516019000000,-37.862140316999998,-0.000000000000000,-44.723683063700001,-30.339220262000001,True,0.536160153100000
2020-02-01,CP,0,HCTB_candidate_diagnostic,HCTB_anom,NetPath_high_total_anom,0.028728109680956,-2.725280600687589,(e),Central Pacific,HCTB → High-cloud pathway,HCTB anomaly,High-cloud Net CRE contribution (W m$^{-2}$),0.410516019000000,-37.862140316999998,-0.000000000000000,-44.723683063700001,-30.339220262000001,True,0.536160153100000
2020-03-01,CP,1,HCTB_candidate_diagnostic,HCTB_anom,NetPath_high_total_anom,-0.004619508292493,0.064597490119640,(e),Central Pacific,HCTB → High-cloud pathway,HCTB anomaly,High-cloud Net CRE contribution (W m$^{-2}$),0.410516019000000,-37.862140316999998,-0.000000000000000,-44.723683063700001,-30.339220262000001,True,0.536160153100000
2020-04-01,CP,0,HCTB_candidate_diagnostic,HCTB_anom,NetPath_high_total_anom,-0.001792722209428,0.166702653173142,(e),Central Pacific,HCTB → High-cloud pathway,HCTB anomaly,High-cloud Net CRE contribution (W m$^{-2}$),0.410516019000000,-37.862140316999998,-0.000000000000000,-44.723683063700001,-30.339220262000001,True,0.536160153100000
2020-05-01,CP,0,HCTB_candidate_diagnostic,HCTB_anom,NetPath_high_total_anom,0.002827443885961,-0.089309214606331,(e),Central Pacific,HCTB → High-cloud pathway,HCTB anomaly,High-cloud Net CRE contribution (W m$^{-2}$),0.410516019000000,-37.862140316999998,-0.000000000000000,-44.723683063700001,-30.339220262000001,True,0.536160153100000
2020-06-01,CP,0,HCTB_candidate_diagnostic,HCTB_anom,NetPath_high_total_anom,0.006122114028163,0.578782063622782,(e),Central Pacific,HCTB → High-cloud pathway,HCTB anomaly,High-cloud Net CRE contribution (W m$^{-2}$),0.410516019000000,-37.862140316999998,-0.000000000000000,-44.723683063700001,-30.339220262000001,True,0.536160153100000
2020-07-01,CP,0,HCTB_candidate_diagnostic,HCTB_anom,NetPath_high_total_anom,-0.011155316854352,0.947741494545912,(e),Central Pacific,HCTB → High-cloud pathway,HCTB anomaly,High-cloud Net CRE contribution (W m$^{-2}$),0.410516019000000,-37.862140316999998,-0.000000000000000,-44.723683063700001,-30.339220262000001,True,0.536160153100000
2020-08-01,CP,-1,HCTB_candidate_diagnostic,HCTB_anom,NetPath_high_total_anom,0.004182578216078,0.113121848588641,(e),Central Pacific,HCTB → High-cloud pathway,HCTB anomaly,High-cloud Net CRE contribution (W m$^{-2}$),0.410516019000000,-37.862140316999998,-0.000000000000000,-44.723683063700001,-30.339220262000001,True,0.536160153100000
2020-09-01,CP,-1,HCTB_candidate_diagnostic,HCTB_anom,NetPath_high_total_anom,0.006892214624832,0.177139054881399,(e),Central Pacific,HCTB → High-cloud pathway,HCTB anomaly,High-cloud Net CRE contribution (W m$^{-2}$),0.410516019000000,-37.862140316999998,-0.000000000000000,-44.723683063700001,-30.339220262000001,True,0.536160153100000
2020-10-01,CP,-1,HCTB_candidate_diagnostic,HCTB_anom,NetPath_high_total_anom,0.014746261925681,-0.215446673169266,(e),Central Pacific,HCTB → High-cloud pathway,HCTB anomaly,High-cloud Net CRE contribution (W m$^{-2}$),0.410516019000000,-37.862140316999998,-0.000000000000000,-44.723683063700001,-30.339220262000001,True,0.536160153100000
2020-11-01,CP,-1,HCTB_candidate_diagnostic,HCTB_anom,NetPath_high_total_anom,0.009548351258347,0.413526135597867,(e),Central Pacific,HCTB → High-cloud pathway,HCTB anomaly,High-cloud Net CRE contribution (W m$^{-2}$),0.410516019000000,-37.862140316999998,-0.000000000000000,-44.723683063700001,-30.339220262000001,True,0.536160153100000
2020-12-01,CP,-1,HCTB_candidate_diagnostic,HCTB_anom,NetPath_high_total_anom,0.024125523695882,-0.548300922988456,(e),Central Pacific,HCTB → High-cloud pathway,HCTB anomaly,High-cloud Net CRE contribution (W m$^{-2}$),0.410516019000000,-37.862140316999998,-0.000000000000000,-44.723683063700001,-30.339220262000001,True,0.536160153100000
2021-01-01,CP,-1,HCTB_candidate_diagnostic,HCTB_anom,NetPath_high_total_anom,0.035116314317356,0.441333599388160,(e),Central Pacific,HCTB → High-cloud pathway,HCTB anomaly,High-cloud Net CRE contribution (W m$^{-2}$),0.410516019000000,-37.862140316999998,-0.000000000000000,-44.723683063700001,-30.339220262000001,True,0.536160153100000
2021-02-01,CP,-1,HCTB_candidate_diagnostic,HCTB_anom,NetPath_high_total_anom,-0.010083331699797,0.133430540667042,(e),Central Pacific,HCTB → High-cloud pathway,HCTB anomaly,High-cloud Net CRE contribution (W m$^{-2}$),0.410516019000000,-37.862140316999998,-0.000000000000000,-44.723683063700001,-30.339220262000001,True,0.536160153100000
2021-03-01,CP,-1,HCTB_candidate_diagnostic,HCTB_anom,NetPath_high_total_anom,0.010366402415026,-0.609043287005990,(e),Central Pacific,HCTB → High-cloud pathway,HCTB anomaly,High-cloud Net CRE contribution (W m$^{-2}$),0.410516019000000,-37.862140316999998,-0.000000000000000,-44.723683063700001,-30.339220262000001,True,0.536160153100000
2021-04-01,CP,-1,HCTB_candidate_diagnostic,HCTB_anom,NetPath_high_total_anom,0.014382422700182,-1.731510904552289,(e),Central Pacific,HCTB → High-cloud pathway,HCTB anomaly,High-cloud Net CRE contribution (W m$^{-2}$),0.410516019000000,-37.862140316999998,-0.000000000000000,-44.723683063700001,-30.339220262000001,True,0.536160153100000
2021-05-01,CP,-1,HCTB_candidate_diagnostic,HCTB_anom,NetPath_high_total_anom,0.002140589030261,-0.634874440291932,(e),Central Pacific,HCTB → High-cloud pathway,HCTB anomaly,High-cloud Net CRE contribution (W m$^{-2}$),0.410516019000000,-37.862140316999998,-0.000000000000000,-44.723683063700001,-30.339220262000001,True,0.536160153100000
2021-06-01,CP,0,HCTB_candidate_diagnostic,HCTB_anom,NetPath_high_total_anom,-0.003789301138121,0.040389788843135,(e),Central Pacific,HCTB → High-cloud pathway,HCTB anomaly,High-cloud Net CRE contribution (W m$^{-2}$),0.410516019000000,-37.862140316999998,-0.000000000000000,-44.723683063700001,-30.339220262000001,True,0.536160153100000
2021-07-01,CP,0,HCTB_candidate_diagnostic,HCTB_anom,NetPath_high_total_anom,-0.004139327326508,-0.055274575065877,(e),Central Pacific,HCTB → High-cloud pathway,HCTB anomaly,High-cloud Net CRE contribution (W m$^{-2}$),0.410516019000000,-37.862140316999998,-0.000000000000000,-44.723683063700001,-30.339220262000001,True,0.536160153100000
2021-08-01,CP,-1,HCTB_candidate_diagnostic,HCTB_anom,NetPath_high_total_anom,0.010474189295385,0.257582020172628,(e),Central Pacific,HCTB → High-cloud pathway,HCTB anomaly,High-cloud Net CRE contribution (W m$^{-2}$),0.410516019000000,-37.862140316999998,-0.000000000000000,-44.723683063700001,-30.339220262000001,True,0.536160153100000
2021-09-01,CP,-1,HCTB_candidate_diagnostic,HCTB_anom,NetPath_high_total_anom,0.018876271879575,-0.162858756584709,(e),Central Pacific,HCTB → High-cloud pathway,HCTB anomaly,High-cloud Net CRE contribution (W m$^{-2}$),0.410516019000000,-37.862140316999998,-0.000000000000000,-44.723683063700001,-30.339220262000001,True,0.536160153100000
2021-10-01,CP,-1,HCTB_candidate_diagnostic,HCTB_anom,NetPath_high_total_anom,0.019374813783664,-0.073587159992394,(e),Central Pacific,HCTB → High-cloud pathway,HCTB anomaly,High-cloud Net CRE contribution (W m$^{-2}$),0.410516019000000,-37.862140316999998,-0.000000000000000,-44.723683063700001,-30.339220262000001,True,0.536160153100000
2021-11-01,CP,-1,HCTB_candidate_diagnostic,HCTB_anom,NetPath_high_total_anom,0.028056884879369,-0.041177594603056,(e),Central Pacific,HCTB → High-cloud pathway,HCTB anomaly,High-cloud Net CRE contribution (W m$^{-2}$),0.410516019000000,-37.862140316999998,-0.000000000000000,-44.723683063700001,-30.339220262000001,True,0.536160153100000
2021-12-01,CP,-1,HCTB_candidate_diagnostic,HCTB_anom,NetPath_high_total_anom,0.006272344214002,-1.305739111125948,(e),Central Pacific,HCTB → High-cloud pathway,HCTB anomaly,High-cloud Net CRE contribution (W m$^{-2}$),0.410516019000000,-37.862140316999998,-0.000000000000000,-44.723683063700001,-30.339220262000001,True,0.536160153100000
2022-01-01,CP,-1,HCTB_candidate_diagnostic,HCTB_anom,NetPath_high_total_anom,0.003436555934352,-0.592704686147218,(e),Central Pacific,HCTB → High-cloud pathway,HCTB anomaly,High-cloud Net CRE contribution (W m$^{-2}$),0.410516019000000,-37.862140316999998,-0.000000000000000,-44.723683063700001,-30.339220262000001,True,0.536160153100000
2022-02-01,CP,-1,HCTB_candidate_diagnostic,HCTB_anom,NetPath_high_total_anom,0.021290882218455,0.355354054440062,(e),Central Pacific,HCTB → High-cloud pathway,HCTB anomaly,High-cloud Net CRE contribution (W m$^{-2}$),0.410516019000000,-37.862140316999998,-0.000000000000000,-44.723683063700001,-30.339220262000001,True,0.536160153100000
2022-03-01,CP,-1,HCTB_candidate_diagnostic,HCTB_anom,NetPath_high_total_anom,-0.015792164472657,2.329379768482422,(e),Central Pacific,HCTB → High-cloud pathway,HCTB anomaly,High-cloud Net CRE contribution (W m$^{-2}$),0.410516019000000,-37.862140316999998,-0.000000000000000,-44.723683063700001,-30.339220262000001,True,0.536160153100000
2022-04-01,CP,-1,HCTB_candidate_diagnostic,HCTB_anom,NetPath_high_total_anom,-0.001159870887607,0.356952618057869,(e),Central Pacific,HCTB → High-cloud pathway,HCTB anomaly,High-cloud Net CRE contribution (W m$^{-2}$),0.410516019000000,-37.862140316999998,-0.000000000000000,-44.723683063700001,-30.339220262000001,True,0.536160153100000
2022-05-01,CP,-1,HCTB_candidate_diagnostic,HCTB_anom,NetPath_high_total_anom,0.009104790673097,-0.228324568407314,(e),Central Pacific,HCTB → High-cloud pathway,HCTB anomaly,High-cloud Net CRE contribution (W m$^{-2}$),0.410516019000000,-37.862140316999998,-0.000000000000000,-44.723683063700001,-30.339220262000001,True,0.536160153100000
2022-06-01,CP,-1,HCTB_candidate_diagnostic,HCTB_anom,NetPath_high_total_anom,0.027449044149936,-0.991563490244183,(e),Central Pacific,HCTB → High-cloud pathway,HCTB anomaly,High-cloud Net CRE contribution (W m$^{-2}$),0.410516019000000,-37.862140316999998,-0.000000000000000,-44.723683063700001,-30.339220262000001,True,0.536160153100000
2022-07-01,CP,-1,HCTB_candidate_diagnostic,HCTB_anom,NetPath_high_total_anom,0.014298341763640,-1.054875897448374,(e),Central Pacific,HCTB → High-cloud pathway,HCTB anomaly,High-cloud Net CRE contribution (W m$^{-2}$),0.410516019000000,-37.862140316999998,-0.000000000000000,-44.723683063700001,-30.339220262000001,True,0.536160153100000
2022-08-01,CP,-1,HCTB_candidate_diagnostic,HCTB_anom,NetPath_high_total_anom,0.018097636665682,0.049130235117226,(e),Central Pacific,HCTB → High-cloud pathway,HCTB anomaly,High-cloud Net CRE contribution (W m$^{-2}$),0.410516019000000,-37.862140316999998,-0.000000000000000,-44.723683063700001,-30.339220262000001,True,0.536160153100000
2022-09-01,CP,-1,HCTB_candidate_diagnostic,HCTB_anom,NetPath_high_total_anom,0.019212872333525,0.281974415270290,(e),Central Pacific,HCTB → High-cloud pathway,HCTB anomaly,High-cloud Net CRE contribution (W m$^{-2}$),0.410516019000000,-37.862140316999998,-0.000000000000000,-44.723683063700001,-30.339220262000001,True,0.536160153100000
2022-10-01,CP,-1,HCTB_candidate_diagnostic,HCTB_anom,NetPath_high_total_anom,-0.001893974714413,0.965084747980917,(e),Central Pacific,HCTB → High-cloud pathway,HCTB anomaly,High-cloud Net CRE contribution (W m$^{-2}$),0.410516019000000,-37.862140316999998,-0.000000000000000,-44.723683063700001,-30.339220262000001,True,0.536160153100000
2022-11-01,CP,-1,HCTB_candidate_diagnostic,HCTB_anom,NetPath_high_total_anom,0.025682884836693,0.174728539449227,(e),Central Pacific,HCTB → High-cloud pathway,HCTB anomaly,High-cloud Net CRE contribution (W m$^{-2}$),0.410516019000000,-37.862140316999998,-0.000000000000000,-44.723683063700001,-30.339220262000001,True,0.536160153100000
2022-12-01,CP,-1,HCTB_candidate_diagnostic,HCTB_anom,NetPath_high_total_anom,0.000128301307295,0.822235594727241,(e),Central Pacific,HCTB → High-cloud pathway,HCTB anomaly,High-cloud Net CRE contribution (W m$^{-2}$),0.410516019000000,-37.862140316999998,-0.000000000000000,-44.723683063700001,-30.339220262000001,True,0.536160153100000
2023-01-01,CP,-1,HCTB_candidate_diagnostic,HCTB_anom,NetPath_high_total_anom,0.026332192778392,0.074064677440479,(e),Central Pacific,HCTB → High-cloud pathway,HCTB anomaly,High-cloud Net CRE contribution (W m$^{-2}$),0.410516019000000,-37.862140316999998,-0.000000000000000,-44.723683063700001,-30.339220262000001,True,0.536160153100000
2023-02-01,CP,-1,HCTB_candidate_diagnostic,HCTB_anom,NetPath_high_total_anom,-0.002305483590300,0.667626154650521,(e),Central Pacific,HCTB → High-cloud pathway,HCTB anomaly,High-cloud Net CRE contribution (W m$^{-2}$),0.410516019000000,-37.862140316999998,-0.000000000000000,-44.723683063700001,-30.339220262000001,True,0.536160153100000
2002-07-01,EP,1,HCTB_candidate_diagnostic,HCTB_anom,NetPath_high_total_anom,0.010595338707558,-0.584713190747026,(f),Eastern Pacific,HCTB → High-cloud pathway,HCTB anomaly,High-cloud Net CRE contribution (W m$^{-2}$),0.223088731800000,-27.414235347399998,-0.000000000000000,-36.684306732300001,-16.552579377400001,True,0.489761101900000
2002-08-01,EP,1,HCTB_candidate_diagnostic,HCTB_anom,NetPath_high_total_anom,-0.003080145658026,0.527106196784601,(f),Eastern Pacific,HCTB → High-cloud pathway,HCTB anomaly,High-cloud Net CRE contribution (W m$^{-2}$),0.223088731800000,-27.414235347399998,-0.000000000000000,-36.684306732300001,-16.552579377400001,True,0.489761101900000
2002-09-01,EP,1,HCTB_candidate_diagnostic,HCTB_anom,NetPath_high_total_anom,-0.011471418048879,0.287504238456050,(f),Eastern Pacific,HCTB → High-cloud pathway,HCTB anomaly,High-cloud Net CRE contribution (W m$^{-2}$),0.223088731800000,-27.414235347399998,-0.000000000000000,-36.684306732300001,-16.552579377400001,True,0.489761101900000
2002-10-01,EP,1,HCTB_candidate_diagnostic,HCTB_anom,NetPath_high_total_anom,0.001776003164388,-0.164441534318112,(f),Eastern Pacific,HCTB → High-cloud pathway,HCTB anomaly,High-cloud Net CRE contribution (W m$^{-2}$),0.223088731800000,-27.414235347399998,-0.000000000000000,-36.684306732300001,-16.552579377400001,True,0.489761101900000
2002-11-01,EP,1,HCTB_candidate_diagnostic,HCTB_anom,NetPath_high_total_anom,-0.000044539313040,-0.070298907525723,(f),Eastern Pacific,HCTB → High-cloud pathway,HCTB anomaly,High-cloud Net CRE contribution (W m$^{-2}$),0.223088731800000,-27.414235347399998,-0.000000000000000,-36.684306732300001,-16.552579377400001,True,0.489761101900000
2002-12-01,EP,1,HCTB_candidate_diagnostic,HCTB_anom,NetPath_high_total_anom,0.007028094500282,-0.943879032304713,(f),Eastern Pacific,HCTB → High-cloud pathway,HCTB anomaly,High-cloud Net CRE contribution (W m$^{-2}$),0.223088731800000,-27.414235347399998,-0.000000000000000,-36.684306732300001,-16.552579377400001,True,0.489761101900000
2003-01-01,EP,1,HCTB_candidate_diagnostic,HCTB_anom,NetPath_high_total_anom,-0.006240942619241,0.146465089464157,(f),Eastern Pacific,HCTB → High-cloud pathway,HCTB anomaly,High-cloud Net CRE contribution (W m$^{-2}$),0.223088731800000,-27.414235347399998,-0.000000000000000,-36.684306732300001,-16.552579377400001,True,0.489761101900000
2003-02-01,EP,1,HCTB_candidate_diagnostic,HCTB_anom,NetPath_high_total_anom,-0.004694638378698,0.330912779961125,(f),Eastern Pacific,HCTB → High-cloud pathway,HCTB anomaly,High-cloud Net CRE contribution (W m$^{-2}$),0.223088731800000,-27.414235347399998,-0.000000000000000,-36.684306732300001,-16.552579377400001,True,0.489761101900000
2003-03-01,EP,0,HCTB_candidate_diagnostic,HCTB_anom,NetPath_high_total_anom,0.016342013858388,-0.159922251351684,(f),Eastern Pacific,HCTB → High-cloud pathway,HCTB anomaly,High-cloud Net CRE contribution (W m$^{-2}$),0.223088731800000,-27.414235347399998,-0.000000000000000,-36.684306732300001,-16.552579377400001,True,0.489761101900000
2003-04-01,EP,0,HCTB_candidate_diagnostic,HCTB_anom,NetPath_high_total_anom,0.007445358483911,-0.050475406929272,(f),Eastern Pacific,HCTB → High-cloud pathway,HCTB anomaly,High-cloud Net CRE contribution (W m$^{-2}$),0.223088731800000,-27.414235347399998,-0.000000000000000,-36.684306732300001,-16.552579377400001,True,0.489761101900000
2003-05-01,EP,-1,HCTB_candidate_diagnostic,HCTB_anom,NetPath_high_total_anom,0.016924518315845,-0.055383587838902,(f),Eastern Pacific,HCTB → High-cloud pathway,HCTB anomaly,High-cloud Net CRE contribution (W m$^{-2}$),0.223088731800000,-27.414235347399998,-0.000000000000000,-36.684306732300001,-16.552579377400001,True,0.489761101900000
2003-06-01,EP,0,HCTB_candidate_diagnostic,HCTB_anom,NetPath_high_total_anom,-0.000870635414126,0.195248698411715,(f),Eastern Pacific,HCTB → High-cloud pathway,HCTB anomaly,High-cloud Net CRE contribution (W m$^{-2}$),0.223088731800000,-27.414235347399998,-0.000000000000000,-36.684306732300001,-16.552579377400001,True,0.489761101900000
2003-07-01,EP,0,HCTB_candidate_diagnostic,HCTB_anom,NetPath_high_total_anom,0.004785630674398,0.176979539468443,(f),Eastern Pacific,HCTB → High-cloud pathway,HCTB anomaly,High-cloud Net CRE contribution (W m$^{-2}$),0.223088731800000,-27.414235347399998,-0.000000000000000,-36.684306732300001,-16.552579377400001,True,0.489761101900000
2003-08-01,EP,0,HCTB_candidate_diagnostic,HCTB_anom,NetPath_high_total_anom,-0.002404926530271,0.299664837400131,(f),Eastern Pacific,HCTB → High-cloud pathway,HCTB anomaly,High-cloud Net CRE contribution (W m$^{-2}$),0.223088731800000,-27.414235347399998,-0.000000000000000,-36.684306732300001,-16.552579377400001,True,0.489761101900000
2003-09-01,EP,0,HCTB_candidate_diagnostic,HCTB_anom,NetPath_high_total_anom,-0.013690167019397,0.700473483770031,(f),Eastern Pacific,HCTB → High-cloud pathway,HCTB anomaly,High-cloud Net CRE contribution (W m$^{-2}$),0.223088731800000,-27.414235347399998,-0.000000000000000,-36.684306732300001,-16.552579377400001,True,0.489761101900000
2003-10-01,EP,0,HCTB_candidate_diagnostic,HCTB_anom,NetPath_high_total_anom,-0.001051747221137,0.250809079215783,(f),Eastern Pacific,HCTB → High-cloud pathway,HCTB anomaly,High-cloud Net CRE contribution (W m$^{-2}$),0.223088731800000,-27.414235347399998,-0.000000000000000,-36.684306732300001,-16.552579377400001,True,0.489761101900000
2003-11-01,EP,0,HCTB_candidate_diagnostic,HCTB_anom,NetPath_high_total_anom,0.002675674974015,-0.273974505272073,(f),Eastern Pacific,HCTB → High-cloud pathway,HCTB anomaly,High-cloud Net CRE contribution (W m$^{-2}$),0.223088731800000,-27.414235347399998,-0.000000000000000,-36.684306732300001,-16.552579377400001,True,0.489761101900000
2003-12-01,EP,0,HCTB_candidate_diagnostic,HCTB_anom,NetPath_high_total_anom,0.000685002369285,0.109578023893315,(f),Eastern Pacific,HCTB → High-cloud pathway,HCTB anomaly,High-cloud Net CRE contribution (W m$^{-2}$),0.223088731800000,-27.414235347399998,-0.000000000000000,-36.684306732300001,-16.552579377400001,True,0.489761101900000
2004-01-01,EP,0,HCTB_candidate_diagnostic,HCTB_anom,NetPath_high_total_anom,-0.022830450350382,0.244503691045959,(f),Eastern Pacific,HCTB → High-cloud pathway,HCTB anomaly,High-cloud Net CRE contribution (W m$^{-2}$),0.223088731800000,-27.414235347399998,-0.000000000000000,-36.684306732300001,-16.552579377400001,True,0.489761101900000
2004-02-01,EP,0,HCTB_candidate_diagnostic,HCTB_anom,NetPath_high_total_anom,0.013886648249747,0.361294057687937,(f),Eastern Pacific,HCTB → High-cloud pathway,HCTB anomaly,High-cloud Net CRE contribution (W m$^{-2}$),0.223088731800000,-27.414235347399998,-0.000000000000000,-36.684306732300001,-16.552579377400001,True,0.489761101900000
2004-03-01,EP,0,HCTB_candidate_diagnostic,HCTB_anom,NetPath_high_total_anom,-0.002826922684767,-0.123482110896976,(f),Eastern Pacific,HCTB → High-cloud pathway,HCTB anomaly,High-cloud Net CRE contribution (W m$^{-2}$),0.223088731800000,-27.414235347399998,-0.000000000000000,-36.684306732300001,-16.552579377400001,True,0.489761101900000
2004-04-01,EP,0,HCTB_candidate_diagnostic,HCTB_anom,NetPath_high_total_anom,-0.013947837775191,0.586234827638629,(f),Eastern Pacific,HCTB → High-cloud pathway,HCTB anomaly,High-cloud Net CRE contribution (W m$^{-2}$),0.223088731800000,-27.414235347399998,-0.000000000000000,-36.684306732300001,-16.552579377400001,True,0.489761101900000
2004-05-01,EP,0,HCTB_candidate_diagnostic,HCTB_anom,NetPath_high_total_anom,0.003708770750838,-0.170227168592693,(f),Eastern Pacific,HCTB → High-cloud pathway,HCTB anomaly,High-cloud Net CRE contribution (W m$^{-2}$),0.223088731800000,-27.414235347399998,-0.000000000000000,-36.684306732300001,-16.552579377400001,True,0.489761101900000
2004-06-01,EP,0,HCTB_candidate_diagnostic,HCTB_anom,NetPath_high_total_anom,-0.003791589910965,0.425754161376659,(f),Eastern Pacific,HCTB → High-cloud pathway,HCTB anomaly,High-cloud Net CRE contribution (W m$^{-2}$),0.223088731800000,-27.414235347399998,-0.000000000000000,-36.684306732300001,-16.552579377400001,True,0.489761101900000
2004-07-01,EP,1,HCTB_candidate_diagnostic,HCTB_anom,NetPath_high_total_anom,-0.012746418447957,0.649661910899517,(f),Eastern Pacific,HCTB → High-cloud pathway,HCTB anomaly,High-cloud Net CRE contribution (W m$^{-2}$),0.223088731800000,-27.414235347399998,-0.000000000000000,-36.684306732300001,-16.552579377400001,True,0.489761101900000
2004-08-01,EP,1,HCTB_candidate_diagnostic,HCTB_anom,NetPath_high_total_anom,-0.000400405268861,0.390027252116720,(f),Eastern Pacific,HCTB → High-cloud pathway,HCTB anomaly,High-cloud Net CRE contribution (W m$^{-2}$),0.223088731800000,-27.414235347399998,-0.000000000000000,-36.684306732300001,-16.552579377400001,True,0.489761101900000
2004-09-01,EP,1,HCTB_candidate_diagnostic,HCTB_anom,NetPath_high_total_anom,-0.007301727245448,0.533762438652669,(f),Eastern Pacific,HCTB → High-cloud pathway,HCTB anomaly,High-cloud Net CRE contribution (W m$^{-2}$),0.223088731800000,-27.414235347399998,-0.000000000000000,-36.684306732300001,-16.552579377400001,True,0.489761101900000
2004-10-01,EP,1,HCTB_candidate_diagnostic,HCTB_anom,NetPath_high_total_anom,-0.001178329396719,0.264989363493085,(f),Eastern Pacific,HCTB → High-cloud pathway,HCTB anomaly,High-cloud Net CRE contribution (W m$^{-2}$),0.223088731800000,-27.414235347399998,-0.000000000000000,-36.684306732300001,-16.552579377400001,True,0.489761101900000
2004-11-01,EP,1,HCTB_candidate_diagnostic,HCTB_anom,NetPath_high_total_anom,-0.000637092381990,0.092095155981478,(f),Eastern Pacific,HCTB → High-cloud pathway,HCTB anomaly,High-cloud Net CRE contribution (W m$^{-2}$),0.223088731800000,-27.414235347399998,-0.000000000000000,-36.684306732300001,-16.552579377400001,True,0.489761101900000
2004-12-01,EP,1,HCTB_candidate_diagnostic,HCTB_anom,NetPath_high_total_anom,0.004563241608138,-0.531969007778249,(f),Eastern Pacific,HCTB → High-cloud pathway,HCTB anomaly,High-cloud Net CRE contribution (W m$^{-2}$),0.223088731800000,-27.414235347399998,-0.000000000000000,-36.684306732300001,-16.552579377400001,True,0.489761101900000
2005-01-01,EP,1,HCTB_candidate_diagnostic,HCTB_anom,NetPath_high_total_anom,0.008683039827888,0.281347233574368,(f),Eastern Pacific,HCTB → High-cloud pathway,HCTB anomaly,High-cloud Net CRE contribution (W m$^{-2}$),0.223088731800000,-27.414235347399998,-0.000000000000000,-36.684306732300001,-16.552579377400001,True,0.489761101900000
2005-02-01,EP,0,HCTB_candidate_diagnostic,HCTB_anom,NetPath_high_total_anom,-0.007218277632386,0.309919788799070,(f),Eastern Pacific,HCTB → High-cloud pathway,HCTB anomaly,High-cloud Net CRE contribution (W m$^{-2}$),0.223088731800000,-27.414235347399998,-0.000000000000000,-36.684306732300001,-16.552579377400001,True,0.489761101900000
2005-03-01,EP,1,HCTB_candidate_diagnostic,HCTB_anom,NetPath_high_total_anom,0.004436780642548,0.151284145894480,(f),Eastern Pacific,HCTB → High-cloud pathway,HCTB anomaly,High-cloud Net CRE contribution (W m$^{-2}$),0.223088731800000,-27.414235347399998,-0.000000000000000,-36.684306732300001,-16.552579377400001,True,0.489761101900000
2005-04-01,EP,0,HCTB_candidate_diagnostic,HCTB_anom,NetPath_high_total_anom,0.007512844066224,-0.296492879007421,(f),Eastern Pacific,HCTB → High-cloud pathway,HCTB anomaly,High-cloud Net CRE contribution (W m$^{-2}$),0.223088731800000,-27.414235347399998,-0.000000000000000,-36.684306732300001,-16.552579377400001,True,0.489761101900000
2005-05-01,EP,0,HCTB_candidate_diagnostic,HCTB_anom,NetPath_high_total_anom,-0.006933082384074,0.958801807826000,(f),Eastern Pacific,HCTB → High-cloud pathway,HCTB anomaly,High-cloud Net CRE contribution (W m$^{-2}$),0.223088731800000,-27.414235347399998,-0.000000000000000,-36.684306732300001,-16.552579377400001,True,0.489761101900000
2005-06-01,EP,0,HCTB_candidate_diagnostic,HCTB_anom,NetPath_high_total_anom,-0.002290113357709,0.596895077758916,(f),Eastern Pacific,HCTB → High-cloud pathway,HCTB anomaly,High-cloud Net CRE contribution (W m$^{-2}$),0.223088731800000,-27.414235347399998,-0.000000000000000,-36.684306732300001,-16.552579377400001,True,0.489761101900000
2005-07-01,EP,0,HCTB_candidate_diagnostic,HCTB_anom,NetPath_high_total_anom,-0.006888338816516,0.750868673594469,(f),Eastern Pacific,HCTB → High-cloud pathway,HCTB anomaly,High-cloud Net CRE contribution (W m$^{-2}$),0.223088731800000,-27.414235347399998,-0.000000000000000,-36.684306732300001,-16.552579377400001,True,0.489761101900000
2005-08-01,EP,0,HCTB_candidate_diagnostic,HCTB_anom,NetPath_high_total_anom,0.000801797340081,0.313788214825692,(f),Eastern Pacific,HCTB → High-cloud pathway,HCTB anomaly,High-cloud Net CRE contribution (W m$^{-2}$),0.223088731800000,-27.414235347399998,-0.000000000000000,-36.684306732300001,-16.552579377400001,True,0.489761101900000
2005-09-01,EP,0,HCTB_candidate_diagnostic,HCTB_anom,NetPath_high_total_anom,0.005020320295822,-0.463369912023727,(f),Eastern Pacific,HCTB → High-cloud pathway,HCTB anomaly,High-cloud Net CRE contribution (W m$^{-2}$),0.223088731800000,-27.414235347399998,-0.000000000000000,-36.684306732300001,-16.552579377400001,True,0.489761101900000
2005-10-01,EP,0,HCTB_candidate_diagnostic,HCTB_anom,NetPath_high_total_anom,-0.009912385754158,0.735396652439887,(f),Eastern Pacific,HCTB → High-cloud pathway,HCTB anomaly,High-cloud Net CRE contribution (W m$^{-2}$),0.223088731800000,-27.414235347399998,-0.000000000000000,-36.684306732300001,-16.552579377400001,True,0.489761101900000
2005-11-01,EP,-1,HCTB_candidate_diagnostic,HCTB_anom,NetPath_high_total_anom,0.007049694964214,0.038925286782636,(f),Eastern Pacific,HCTB → High-cloud pathway,HCTB anomaly,High-cloud Net CRE contribution (W m$^{-2}$),0.223088731800000,-27.414235347399998,-0.000000000000000,-36.684306732300001,-16.552579377400001,True,0.489761101900000
2005-12-01,EP,-1,HCTB_candidate_diagnostic,HCTB_anom,NetPath_high_total_anom,-0.003941920544000,0.162893931899211,(f),Eastern Pacific,HCTB → High-cloud pathway,HCTB anomaly,High-cloud Net CRE contribution (W m$^{-2}$),0.223088731800000,-27.414235347399998,-0.000000000000000,-36.684306732300001,-16.552579377400001,True,0.489761101900000
2006-01-01,EP,-1,HCTB_candidate_diagnostic,HCTB_anom,NetPath_high_total_anom,0.009435930888862,-0.292937815870899,(f),Eastern Pacific,HCTB → High-cloud pathway,HCTB anomaly,High-cloud Net CRE contribution (W m$^{-2}$),0.223088731800000,-27.414235347399998,-0.000000000000000,-36.684306732300001,-16.552579377400001,True,0.489761101900000
2006-02-01,EP,-1,HCTB_candidate_diagnostic,HCTB_anom,NetPath_high_total_anom,-0.013699702735684,0.430366186869493,(f),Eastern Pacific,HCTB → High-cloud pathway,HCTB anomaly,High-cloud Net CRE contribution (W m$^{-2}$),0.223088731800000,-27.414235347399998,-0.000000000000000,-36.684306732300001,-16.552579377400001,True,0.489761101900000
2006-03-01,EP,-1,HCTB_candidate_diagnostic,HCTB_anom,NetPath_high_total_anom,-0.012565356649803,0.433215233561779,(f),Eastern Pacific,HCTB → High-cloud pathway,HCTB anomaly,High-cloud Net CRE contribution (W m$^{-2}$),0.223088731800000,-27.414235347399998,-0.000000000000000,-36.684306732300001,-16.552579377400001,True,0.489761101900000
2006-04-01,EP,0,HCTB_candidate_diagnostic,HCTB_anom,NetPath_high_total_anom,-0.008228001243557,0.906060699818052,(f),Eastern Pacific,HCTB → High-cloud pathway,HCTB anomaly,High-cloud Net CRE contribution (W m$^{-2}$),0.223088731800000,-27.414235347399998,-0.000000000000000,-36.684306732300001,-16.552579377400001,True,0.489761101900000
2006-05-01,EP,0,HCTB_candidate_diagnostic,HCTB_anom,NetPath_high_total_anom,-0.006780536912419,0.234337041112811,(f),Eastern Pacific,HCTB → High-cloud pathway,HCTB anomaly,High-cloud Net CRE contribution (W m$^{-2}$),0.223088731800000,-27.414235347399998,-0.000000000000000,-36.684306732300001,-16.552579377400001,True,0.489761101900000
2006-06-01,EP,0,HCTB_candidate_diagnostic,HCTB_anom,NetPath_high_total_anom,0.000067033794755,0.124354608246542,(f),Eastern Pacific,HCTB → High-cloud pathway,HCTB anomaly,High-cloud Net CRE contribution (W m$^{-2}$),0.223088731800000,-27.414235347399998,-0.000000000000000,-36.684306732300001,-16.552579377400001,True,0.489761101900000
2006-07-01,EP,0,HCTB_candidate_diagnostic,HCTB_anom,NetPath_high_total_anom,0.004607980980315,-0.441819504537251,(f),Eastern Pacific,HCTB → High-cloud pathway,HCTB anomaly,High-cloud Net CRE contribution (W m$^{-2}$),0.223088731800000,-27.414235347399998,-0.000000000000000,-36.684306732300001,-16.552579377400001,True,0.489761101900000
2006-08-01,EP,0,HCTB_candidate_diagnostic,HCTB_anom,NetPath_high_total_anom,-0.008571189549936,0.764577512104046,(f),Eastern Pacific,HCTB → High-cloud pathway,HCTB anomaly,High-cloud Net CRE contribution (W m$^{-2}$),0.223088731800000,-27.414235347399998,-0.000000000000000,-36.684306732300001,-16.552579377400001,True,0.489761101900000
2006-09-01,EP,1,HCTB_candidate_diagnostic,HCTB_anom,NetPath_high_total_anom,-0.004993443451442,0.174485512530883,(f),Eastern Pacific,HCTB → High-cloud pathway,HCTB anomaly,High-cloud Net CRE contribution (W m$^{-2}$),0.223088731800000,-27.414235347399998,-0.000000000000000,-36.684306732300001,-16.552579377400001,True,0.489761101900000
2006-10-01,EP,1,HCTB_candidate_diagnostic,HCTB_anom,NetPath_high_total_anom,-0.002974559446212,-0.519123245554736,(f),Eastern Pacific,HCTB → High-cloud pathway,HCTB anomaly,High-cloud Net CRE contribution (W m$^{-2}$),0.223088731800000,-27.414235347399998,-0.000000000000000,-36.684306732300001,-16.552579377400001,True,0.489761101900000
2006-11-01,EP,1,HCTB_candidate_diagnostic,HCTB_anom,NetPath_high_total_anom,0.011102471480642,-0.748600505310394,(f),Eastern Pacific,HCTB → High-cloud pathway,HCTB anomaly,High-cloud Net CRE contribution (W m$^{-2}$),0.223088731800000,-27.414235347399998,-0.000000000000000,-36.684306732300001,-16.552579377400001,True,0.489761101900000
2006-12-01,EP,1,HCTB_candidate_diagnostic,HCTB_anom,NetPath_high_total_anom,-0.004634880667007,-0.076565573644264,(f),Eastern Pacific,HCTB → High-cloud pathway,HCTB anomaly,High-cloud Net CRE contribution (W m$^{-2}$),0.223088731800000,-27.414235347399998,-0.000000000000000,-36.684306732300001,-16.552579377400001,True,0.489761101900000
2007-01-01,EP,1,HCTB_candidate_diagnostic,HCTB_anom,NetPath_high_total_anom,-0.012114594589750,-0.262820304155981,(f),Eastern Pacific,HCTB → High-cloud pathway,HCTB anomaly,High-cloud Net CRE contribution (W m$^{-2}$),0.223088731800000,-27.414235347399998,-0.000000000000000,-36.684306732300001,-16.552579377400001,True,0.489761101900000
2007-02-01,EP,0,HCTB_candidate_diagnostic,HCTB_anom,NetPath_high_total_anom,-0.007775569597201,0.516478422878867,(f),Eastern Pacific,HCTB → High-cloud pathway,HCTB anomaly,High-cloud Net CRE contribution (W m$^{-2}$),0.223088731800000,-27.414235347399998,-0.000000000000000,-36.684306732300001,-16.552579377400001,True,0.489761101900000
2007-03-01,EP,0,HCTB_candidate_diagnostic,HCTB_anom,NetPath_high_total_anom,0.009610210804590,-0.137942481995233,(f),Eastern Pacific,HCTB → High-cloud pathway,HCTB anomaly,High-cloud Net CRE contribution (W m$^{-2}$),0.223088731800000,-27.414235347399998,-0.000000000000000,-36.684306732300001,-16.552579377400001,True,0.489761101900000
2007-04-01,EP,0,HCTB_candidate_diagnostic,HCTB_anom,NetPath_high_total_anom,0.008238804070843,-0.155039132770994,(f),Eastern Pacific,HCTB → High-cloud pathway,HCTB anomaly,High-cloud Net CRE contribution (W m$^{-2}$),0.223088731800000,-27.414235347399998,-0.000000000000000,-36.684306732300001,-16.552579377400001,True,0.489761101900000
2007-05-01,EP,-1,HCTB_candidate_diagnostic,HCTB_anom,NetPath_high_total_anom,-0.000301223110514,0.334047457856980,(f),Eastern Pacific,HCTB → High-cloud pathway,HCTB anomaly,High-cloud Net CRE contribution (W m$^{-2}$),0.223088731800000,-27.414235347399998,-0.000000000000000,-36.684306732300001,-16.552579377400001,True,0.489761101900000
2007-06-01,EP,0,HCTB_candidate_diagnostic,HCTB_anom,NetPath_high_total_anom,-0.006115408017245,0.802687561478292,(f),Eastern Pacific,HCTB → High-cloud pathway,HCTB anomaly,High-cloud Net CRE contribution (W m$^{-2}$),0.223088731800000,-27.414235347399998,-0.000000000000000,-36.684306732300001,-16.552579377400001,True,0.489761101900000
2007-07-01,EP,-1,HCTB_candidate_diagnostic,HCTB_anom,NetPath_high_total_anom,-0.004570797061615,0.558655615230191,(f),Eastern Pacific,HCTB → High-cloud pathway,HCTB anomaly,High-cloud Net CRE contribution (W m$^{-2}$),0.223088731800000,-27.414235347399998,-0.000000000000000,-36.684306732300001,-16.552579377400001,True,0.489761101900000
2007-08-01,EP,-1,HCTB_candidate_diagnostic,HCTB_anom,NetPath_high_total_anom,0.011818519452195,-0.253067024985127,(f),Eastern Pacific,HCTB → High-cloud pathway,HCTB anomaly,High-cloud Net CRE contribution (W m$^{-2}$),0.223088731800000,-27.414235347399998,-0.000000000000000,-36.684306732300001,-16.552579377400001,True,0.489761101900000
2007-09-01,EP,-1,HCTB_candidate_diagnostic,HCTB_anom,NetPath_high_total_anom,0.003550441902238,0.744556966374495,(f),Eastern Pacific,HCTB → High-cloud pathway,HCTB anomaly,High-cloud Net CRE contribution (W m$^{-2}$),0.223088731800000,-27.414235347399998,-0.000000000000000,-36.684306732300001,-16.552579377400001,True,0.489761101900000
2007-10-01,EP,-1,HCTB_candidate_diagnostic,HCTB_anom,NetPath_high_total_anom,0.003450632385502,0.559354228715148,(f),Eastern Pacific,HCTB → High-cloud pathway,HCTB anomaly,High-cloud Net CRE contribution (W m$^{-2}$),0.223088731800000,-27.414235347399998,-0.000000000000000,-36.684306732300001,-16.552579377400001,True,0.489761101900000
2007-11-01,EP,-1,HCTB_candidate_diagnostic,HCTB_anom,NetPath_high_total_anom,0.003925231771743,0.473244551189789,(f),Eastern Pacific,HCTB → High-cloud pathway,HCTB anomaly,High-cloud Net CRE contribution (W m$^{-2}$),0.223088731800000,-27.414235347399998,-0.000000000000000,-36.684306732300001,-16.552579377400001,True,0.489761101900000
2007-12-01,EP,-1,HCTB_candidate_diagnostic,HCTB_anom,NetPath_high_total_anom,0.009849208355576,0.083829073734047,(f),Eastern Pacific,HCTB → High-cloud pathway,HCTB anomaly,High-cloud Net CRE contribution (W m$^{-2}$),0.223088731800000,-27.414235347399998,-0.000000000000000,-36.684306732300001,-16.552579377400001,True,0.489761101900000
2008-01-01,EP,-1,HCTB_candidate_diagnostic,HCTB_anom,NetPath_high_total_anom,-0.021314998276884,0.745109688629200,(f),Eastern Pacific,HCTB → High-cloud pathway,HCTB anomaly,High-cloud Net CRE contribution (W m$^{-2}$),0.223088731800000,-27.414235347399998,-0.000000000000000,-36.684306732300001,-16.552579377400001,True,0.489761101900000
2008-02-01,EP,-1,HCTB_candidate_diagnostic,HCTB_anom,NetPath_high_total_anom,-0.000776019399533,0.362344551242060,(f),Eastern Pacific,HCTB → High-cloud pathway,HCTB anomaly,High-cloud Net CRE contribution (W m$^{-2}$),0.223088731800000,-27.414235347399998,-0.000000000000000,-36.684306732300001,-16.552579377400001,True,0.489761101900000
2008-03-01,EP,-1,HCTB_candidate_diagnostic,HCTB_anom,NetPath_high_total_anom,0.000139298149031,-0.582383227809061,(f),Eastern Pacific,HCTB → High-cloud pathway,HCTB anomaly,High-cloud Net CRE contribution (W m$^{-2}$),0.223088731800000,-27.414235347399998,-0.000000000000000,-36.684306732300001,-16.552579377400001,True,0.489761101900000
2008-04-01,EP,-1,HCTB_candidate_diagnostic,HCTB_anom,NetPath_high_total_anom,-0.004644748627705,0.154415976295457,(f),Eastern Pacific,HCTB → High-cloud pathway,HCTB anomaly,High-cloud Net CRE contribution (W m$^{-2}$),0.223088731800000,-27.414235347399998,-0.000000000000000,-36.684306732300001,-16.552579377400001,True,0.489761101900000
2008-05-01,EP,-1,HCTB_candidate_diagnostic,HCTB_anom,NetPath_high_total_anom,-0.009526421592325,0.633511164253264,(f),Eastern Pacific,HCTB → High-cloud pathway,HCTB anomaly,High-cloud Net CRE contribution (W m$^{-2}$),0.223088731800000,-27.414235347399998,-0.000000000000000,-36.684306732300001,-16.552579377400001,True,0.489761101900000
2008-06-01,EP,-1,HCTB_candidate_diagnostic,HCTB_anom,NetPath_high_total_anom,0.007459130838502,0.280689145804168,(f),Eastern Pacific,HCTB → High-cloud pathway,HCTB anomaly,High-cloud Net CRE contribution (W m$^{-2}$),0.223088731800000,-27.414235347399998,-0.000000000000000,-36.684306732300001,-16.552579377400001,True,0.489761101900000
2008-07-01,EP,0,HCTB_candidate_diagnostic,HCTB_anom,NetPath_high_total_anom,-0.005410593601765,0.211802840019885,(f),Eastern Pacific,HCTB → High-cloud pathway,HCTB anomaly,High-cloud Net CRE contribution (W m$^{-2}$),0.223088731800000,-27.414235347399998,-0.000000000000000,-36.684306732300001,-16.552579377400001,True,0.489761101900000
2008-08-01,EP,0,HCTB_candidate_diagnostic,HCTB_anom,NetPath_high_total_anom,0.011935624202778,-0.745549546228312,(f),Eastern Pacific,HCTB → High-cloud pathway,HCTB anomaly,High-cloud Net CRE contribution (W m$^{-2}$),0.223088731800000,-27.414235347399998,-0.000000000000000,-36.684306732300001,-16.552579377400001,True,0.489761101900000
2008-09-01,EP,0,HCTB_candidate_diagnostic,HCTB_anom,NetPath_high_total_anom,-0.010500082186297,-0.298881071993995,(f),Eastern Pacific,HCTB → High-cloud pathway,HCTB anomaly,High-cloud Net CRE contribution (W m$^{-2}$),0.223088731800000,-27.414235347399998,-0.000000000000000,-36.684306732300001,-16.552579377400001,True,0.489761101900000
2008-10-01,EP,0,HCTB_candidate_diagnostic,HCTB_anom,NetPath_high_total_anom,0.011343341981295,-0.755112021920366,(f),Eastern Pacific,HCTB → High-cloud pathway,HCTB anomaly,High-cloud Net CRE contribution (W m$^{-2}$),0.223088731800000,-27.414235347399998,-0.000000000000000,-36.684306732300001,-16.552579377400001,True,0.489761101900000
2008-11-01,EP,-1,HCTB_candidate_diagnostic,HCTB_anom,NetPath_high_total_anom,0.000343291483338,-0.171784668625507,(f),Eastern Pacific,HCTB → High-cloud pathway,HCTB anomaly,High-cloud Net CRE contribution (W m$^{-2}$),0.223088731800000,-27.414235347399998,-0.000000000000000,-36.684306732300001,-16.552579377400001,True,0.489761101900000
2008-12-01,EP,-1,HCTB_candidate_diagnostic,HCTB_anom,NetPath_high_total_anom,-0.009527370763876,0.711624310215925,(f),Eastern Pacific,HCTB → High-cloud pathway,HCTB anomaly,High-cloud Net CRE contribution (W m$^{-2}$),0.223088731800000,-27.414235347399998,-0.000000000000000,-36.684306732300001,-16.552579377400001,True,0.489761101900000
2009-01-01,EP,-1,HCTB_candidate_diagnostic,HCTB_anom,NetPath_high_total_anom,-0.007676446005128,0.843629910102115,(f),Eastern Pacific,HCTB → High-cloud pathway,HCTB anomaly,High-cloud Net CRE contribution (W m$^{-2}$),0.223088731800000,-27.414235347399998,-0.000000000000000,-36.684306732300001,-16.552579377400001,True,0.489761101900000
2009-02-01,EP,-1,HCTB_candidate_diagnostic,HCTB_anom,NetPath_high_total_anom,-0.002356903296068,0.147735020811811,(f),Eastern Pacific,HCTB → High-cloud pathway,HCTB anomaly,High-cloud Net CRE contribution (W m$^{-2}$),0.223088731800000,-27.414235347399998,-0.000000000000000,-36.684306732300001,-16.552579377400001,True,0.489761101900000
2009-03-01,EP,-1,HCTB_candidate_diagnostic,HCTB_anom,NetPath_high_total_anom,0.001058914189566,-0.117039269499662,(f),Eastern Pacific,HCTB → High-cloud pathway,HCTB anomaly,High-cloud Net CRE contribution (W m$^{-2}$),0.223088731800000,-27.414235347399998,-0.000000000000000,-36.684306732300001,-16.552579377400001,True,0.489761101900000
2009-04-01,EP,0,HCTB_candidate_diagnostic,HCTB_anom,NetPath_high_total_anom,-0.002180588042107,0.709459520480010,(f),Eastern Pacific,HCTB → High-cloud pathway,HCTB anomaly,High-cloud Net CRE contribution (W m$^{-2}$),0.223088731800000,-27.414235347399998,-0.000000000000000,-36.684306732300001,-16.552579377400001,True,0.489761101900000
2009-05-01,EP,0,HCTB_candidate_diagnostic,HCTB_anom,NetPath_high_total_anom,-0.015985225937861,1.100974996696100,(f),Eastern Pacific,HCTB → High-cloud pathway,HCTB anomaly,High-cloud Net CRE contribution (W m$^{-2}$),0.223088731800000,-27.414235347399998,-0.000000000000000,-36.684306732300001,-16.552579377400001,True,0.489761101900000
2009-06-01,EP,0,HCTB_candidate_diagnostic,HCTB_anom,NetPath_high_total_anom,-0.022918559925319,0.536245734528920,(f),Eastern Pacific,HCTB → High-cloud pathway,HCTB anomaly,High-cloud Net CRE contribution (W m$^{-2}$),0.223088731800000,-27.414235347399998,-0.000000000000000,-36.684306732300001,-16.552579377400001,True,0.489761101900000
2009-07-01,EP,1,HCTB_candidate_diagnostic,HCTB_anom,NetPath_high_total_anom,0.001812681564935,0.066631333173812,(f),Eastern Pacific,HCTB → High-cloud pathway,HCTB anomaly,High-cloud Net CRE contribution (W m$^{-2}$),0.223088731800000,-27.414235347399998,-0.000000000000000,-36.684306732300001,-16.552579377400001,True,0.489761101900000
2009-08-01,EP,1,HCTB_candidate_diagnostic,HCTB_anom,NetPath_high_total_anom,0.006377881839656,-0.632475084238224,(f),Eastern Pacific,HCTB → High-cloud pathway,HCTB anomaly,High-cloud Net CRE contribution (W m$^{-2}$),0.223088731800000,-27.414235347399998,-0.000000000000000,-36.684306732300001,-16.552579377400001,True,0.489761101900000
2009-09-01,EP,1,HCTB_candidate_diagnostic,HCTB_anom,NetPath_high_total_anom,-0.003164605429748,0.428331600982735,(f),Eastern Pacific,HCTB → High-cloud pathway,HCTB anomaly,High-cloud Net CRE contribution (W m$^{-2}$),0.223088731800000,-27.414235347399998,-0.000000000000000,-36.684306732300001,-16.552579377400001,True,0.489761101900000
2009-10-01,EP,1,HCTB_candidate_diagnostic,HCTB_anom,NetPath_high_total_anom,0.002924386811459,-0.572800696187400,(f),Eastern Pacific,HCTB → High-cloud pathway,HCTB anomaly,High-cloud Net CRE contribution (W m$^{-2}$),0.223088731800000,-27.414235347399998,-0.000000000000000,-36.684306732300001,-16.552579377400001,True,0.489761101900000
2009-11-01,EP,1,HCTB_candidate_diagnostic,HCTB_anom,NetPath_high_total_anom,-0.007558139564412,0.012913498420115,(f),Eastern Pacific,HCTB → High-cloud pathway,HCTB anomaly,High-cloud Net CRE contribution (W m$^{-2}$),0.223088731800000,-27.414235347399998,-0.000000000000000,-36.684306732300001,-16.552579377400001,True,0.489761101900000
2009-12-01,EP,1,HCTB_candidate_diagnostic,HCTB_anom,NetPath_high_total_anom,0.000311256161775,-0.243027158127164,(f),Eastern Pacific,HCTB → High-cloud pathway,HCTB anomaly,High-cloud Net CRE contribution (W m$^{-2}$),0.223088731800000,-27.414235347399998,-0.000000000000000,-36.684306732300001,-16.552579377400001,True,0.489761101900000
2010-01-01,EP,1,HCTB_candidate_diagnostic,HCTB_anom,NetPath_high_total_anom,0.002886596215244,0.164731435858696,(f),Eastern Pacific,HCTB → High-cloud pathway,HCTB anomaly,High-cloud Net CRE contribution (W m$^{-2}$),0.223088731800000,-27.414235347399998,-0.000000000000000,-36.684306732300001,-16.552579377400001,True,0.489761101900000
2010-02-01,EP,1,HCTB_candidate_diagnostic,HCTB_anom,NetPath_high_total_anom,-0.011580906278726,-1.460620559550253,(f),Eastern Pacific,HCTB → High-cloud pathway,HCTB anomaly,High-cloud Net CRE contribution (W m$^{-2}$),0.223088731800000,-27.414235347399998,-0.000000000000000,-36.684306732300001,-16.552579377400001,True,0.489761101900000
2010-03-01,EP,1,HCTB_candidate_diagnostic,HCTB_anom,NetPath_high_total_anom,-0.005672891118331,-1.152916539182105,(f),Eastern Pacific,HCTB → High-cloud pathway,HCTB anomaly,High-cloud Net CRE contribution (W m$^{-2}$),0.223088731800000,-27.414235347399998,-0.000000000000000,-36.684306732300001,-16.552579377400001,True,0.489761101900000
2010-04-01,EP,0,HCTB_candidate_diagnostic,HCTB_anom,NetPath_high_total_anom,0.010341976766224,-1.098940301019038,(f),Eastern Pacific,HCTB → High-cloud pathway,HCTB anomaly,High-cloud Net CRE contribution (W m$^{-2}$),0.223088731800000,-27.414235347399998,-0.000000000000000,-36.684306732300001,-16.552579377400001,True,0.489761101900000
2010-05-01,EP,0,HCTB_candidate_diagnostic,HCTB_anom,NetPath_high_total_anom,0.013292185263976,-0.223588072723499,(f),Eastern Pacific,HCTB → High-cloud pathway,HCTB anomaly,High-cloud Net CRE contribution (W m$^{-2}$),0.223088731800000,-27.414235347399998,-0.000000000000000,-36.684306732300001,-16.552579377400001,True,0.489761101900000
2010-06-01,EP,-1,HCTB_candidate_diagnostic,HCTB_anom,NetPath_high_total_anom,0.009454841599998,-0.852488977389180,(f),Eastern Pacific,HCTB → High-cloud pathway,HCTB anomaly,High-cloud Net CRE contribution (W m$^{-2}$),0.223088731800000,-27.414235347399998,-0.000000000000000,-36.684306732300001,-16.552579377400001,True,0.489761101900000
2010-07-01,EP,-1,HCTB_candidate_diagnostic,HCTB_anom,NetPath_high_total_anom,-0.000655556165227,0.128262135359825,(f),Eastern Pacific,HCTB → High-cloud pathway,HCTB anomaly,High-cloud Net CRE contribution (W m$^{-2}$),0.223088731800000,-27.414235347399998,-0.000000000000000,-36.684306732300001,-16.552579377400001,True,0.489761101900000
2010-08-01,EP,-1,HCTB_candidate_diagnostic,HCTB_anom,NetPath_high_total_anom,0.010375130963486,-0.773129351281565,(f),Eastern Pacific,HCTB → High-cloud pathway,HCTB anomaly,High-cloud Net CRE contribution (W m$^{-2}$),0.223088731800000,-27.414235347399998,-0.000000000000000,-36.684306732300001,-16.552579377400001,True,0.489761101900000
2010-09-01,EP,-1,HCTB_candidate_diagnostic,HCTB_anom,NetPath_high_total_anom,0.015462379442025,-0.992307166011158,(f),Eastern Pacific,HCTB → High-cloud pathway,HCTB anomaly,High-cloud Net CRE contribution (W m$^{-2}$),0.223088731800000,-27.414235347399998,-0.000000000000000,-36.684306732300001,-16.552579377400001,True,0.489761101900000
2010-10-01,EP,-1,HCTB_candidate_diagnostic,HCTB_anom,NetPath_high_total_anom,-0.004588765608991,0.970754213353257,(f),Eastern Pacific,HCTB → High-cloud pathway,HCTB anomaly,High-cloud Net CRE contribution (W m$^{-2}$),0.223088731800000,-27.414235347399998,-0.000000000000000,-36.684306732300001,-16.552579377400001,True,0.489761101900000
2010-11-01,EP,-1,HCTB_candidate_diagnostic,HCTB_anom,NetPath_high_total_anom,0.010542333468959,-0.115539314092297,(f),Eastern Pacific,HCTB → High-cloud pathway,HCTB anomaly,High-cloud Net CRE contribution (W m$^{-2}$),0.223088731800000,-27.414235347399998,-0.000000000000000,-36.684306732300001,-16.552579377400001,True,0.489761101900000
2010-12-01,EP,-1,HCTB_candidate_diagnostic,HCTB_anom,NetPath_high_total_anom,-0.007188673764101,0.391347072858598,(f),Eastern Pacific,HCTB → High-cloud pathway,HCTB anomaly,High-cloud Net CRE contribution (W m$^{-2}$),0.223088731800000,-27.414235347399998,-0.000000000000000,-36.684306732300001,-16.552579377400001,True,0.489761101900000
2011-01-01,EP,-1,HCTB_candidate_diagnostic,HCTB_anom,NetPath_high_total_anom,-0.012024066258829,0.091442813778091,(f),Eastern Pacific,HCTB → High-cloud pathway,HCTB anomaly,High-cloud Net CRE contribution (W m$^{-2}$),0.223088731800000,-27.414235347399998,-0.000000000000000,-36.684306732300001,-16.552579377400001,True,0.489761101900000
2011-02-01,EP,-1,HCTB_candidate_diagnostic,HCTB_anom,NetPath_high_total_anom,-0.006069969262642,0.680695564921712,(f),Eastern Pacific,HCTB → High-cloud pathway,HCTB anomaly,High-cloud Net CRE contribution (W m$^{-2}$),0.223088731800000,-27.414235347399998,-0.000000000000000,-36.684306732300001,-16.552579377400001,True,0.489761101900000
2011-03-01,EP,-1,HCTB_candidate_diagnostic,HCTB_anom,NetPath_high_total_anom,-0.007349445429276,0.431842152784635,(f),Eastern Pacific,HCTB → High-cloud pathway,HCTB anomaly,High-cloud Net CRE contribution (W m$^{-2}$),0.223088731800000,-27.414235347399998,-0.000000000000000,-36.684306732300001,-16.552579377400001,True,0.489761101900000
2011-04-01,EP,-1,HCTB_candidate_diagnostic,HCTB_anom,NetPath_high_total_anom,-0.005336855448177,0.249751646494148,(f),Eastern Pacific,HCTB → High-cloud pathway,HCTB anomaly,High-cloud Net CRE contribution (W m$^{-2}$),0.223088731800000,-27.414235347399998,-0.000000000000000,-36.684306732300001,-16.552579377400001,True,0.489761101900000
2011-05-01,EP,-1,HCTB_candidate_diagnostic,HCTB_anom,NetPath_high_total_anom,0.001763145647961,-0.027791281669111,(f),Eastern Pacific,HCTB → High-cloud pathway,HCTB anomaly,High-cloud Net CRE contribution (W m$^{-2}$),0.223088731800000,-27.414235347399998,-0.000000000000000,-36.684306732300001,-16.552579377400001,True,0.489761101900000
2011-06-01,EP,0,HCTB_candidate_diagnostic,HCTB_anom,NetPath_high_total_anom,-0.007464624573344,0.591747887733606,(f),Eastern Pacific,HCTB → High-cloud pathway,HCTB anomaly,High-cloud Net CRE contribution (W m$^{-2}$),0.223088731800000,-27.414235347399998,-0.000000000000000,-36.684306732300001,-16.552579377400001,True,0.489761101900000
2011-07-01,EP,0,HCTB_candidate_diagnostic,HCTB_anom,NetPath_high_total_anom,0.003085737875674,-0.234246175626725,(f),Eastern Pacific,HCTB → High-cloud pathway,HCTB anomaly,High-cloud Net CRE contribution (W m$^{-2}$),0.223088731800000,-27.414235347399998,-0.000000000000000,-36.684306732300001,-16.552579377400001,True,0.489761101900000
2011-08-01,EP,-1,HCTB_candidate_diagnostic,HCTB_anom,NetPath_high_total_anom,-0.001713891355885,0.337713394916818,(f),Eastern Pacific,HCTB → High-cloud pathway,HCTB anomaly,High-cloud Net CRE contribution (W m$^{-2}$),0.223088731800000,-27.414235347399998,-0.000000000000000,-36.684306732300001,-16.552579377400001,True,0.489761101900000
2011-09-01,EP,-1,HCTB_candidate_diagnostic,HCTB_anom,NetPath_high_total_anom,0.006536627662380,-0.034925562191887,(f),Eastern Pacific,HCTB → High-cloud pathway,HCTB anomaly,High-cloud Net CRE contribution (W m$^{-2}$),0.223088731800000,-27.414235347399998,-0.000000000000000,-36.684306732300001,-16.552579377400001,True,0.489761101900000
2011-10-01,EP,-1,HCTB_candidate_diagnostic,HCTB_anom,NetPath_high_total_anom,-0.004680372601336,0.188970192945870,(f),Eastern Pacific,HCTB → High-cloud pathway,HCTB anomaly,High-cloud Net CRE contribution (W m$^{-2}$),0.223088731800000,-27.414235347399998,-0.000000000000000,-36.684306732300001,-16.552579377400001,True,0.489761101900000
2011-11-01,EP,-1,HCTB_candidate_diagnostic,HCTB_anom,NetPath_high_total_anom,-0.000405444839773,0.138746470119010,(f),Eastern Pacific,HCTB → High-cloud pathway,HCTB anomaly,High-cloud Net CRE contribution (W m$^{-2}$),0.223088731800000,-27.414235347399998,-0.000000000000000,-36.684306732300001,-16.552579377400001,True,0.489761101900000
2011-12-01,EP,-1,HCTB_candidate_diagnostic,HCTB_anom,NetPath_high_total_anom,0.005454182583939,0.284256873852238,(f),Eastern Pacific,HCTB → High-cloud pathway,HCTB anomaly,High-cloud Net CRE contribution (W m$^{-2}$),0.223088731800000,-27.414235347399998,-0.000000000000000,-36.684306732300001,-16.552579377400001,True,0.489761101900000
2012-01-01,EP,-1,HCTB_candidate_diagnostic,HCTB_anom,NetPath_high_total_anom,0.001374600749182,0.201803920317356,(f),Eastern Pacific,HCTB → High-cloud pathway,HCTB anomaly,High-cloud Net CRE contribution (W m$^{-2}$),0.223088731800000,-27.414235347399998,-0.000000000000000,-36.684306732300001,-16.552579377400001,True,0.489761101900000
2012-02-01,EP,-1,HCTB_candidate_diagnostic,HCTB_anom,NetPath_high_total_anom,0.007674077951666,-0.639273735517129,(f),Eastern Pacific,HCTB → High-cloud pathway,HCTB anomaly,High-cloud Net CRE contribution (W m$^{-2}$),0.223088731800000,-27.414235347399998,-0.000000000000000,-36.684306732300001,-16.552579377400001,True,0.489761101900000
2012-03-01,EP,-1,HCTB_candidate_diagnostic,HCTB_anom,NetPath_high_total_anom,0.001339575830602,0.162405392851693,(f),Eastern Pacific,HCTB → High-cloud pathway,HCTB anomaly,High-cloud Net CRE contribution (W m$^{-2}$),0.223088731800000,-27.414235347399998,-0.000000000000000,-36.684306732300001,-16.552579377400001,True,0.489761101900000
2012-04-01,EP,-1,HCTB_candidate_diagnostic,HCTB_anom,NetPath_high_total_anom,-0.026956523432147,0.582647761107128,(f),Eastern Pacific,HCTB → High-cloud pathway,HCTB anomaly,High-cloud Net CRE contribution (W m$^{-2}$),0.223088731800000,-27.414235347399998,-0.000000000000000,-36.684306732300001,-16.552579377400001,True,0.489761101900000
2012-05-01,EP,0,HCTB_candidate_diagnostic,HCTB_anom,NetPath_high_total_anom,-0.005564790898400,0.404441548671365,(f),Eastern Pacific,HCTB → High-cloud pathway,HCTB anomaly,High-cloud Net CRE contribution (W m$^{-2}$),0.223088731800000,-27.414235347399998,-0.000000000000000,-36.684306732300001,-16.552579377400001,True,0.489761101900000
2012-06-01,EP,0,HCTB_candidate_diagnostic,HCTB_anom,NetPath_high_total_anom,-0.017231042893815,0.766192605482944,(f),Eastern Pacific,HCTB → High-cloud pathway,HCTB anomaly,High-cloud Net CRE contribution (W m$^{-2}$),0.223088731800000,-27.414235347399998,-0.000000000000000,-36.684306732300001,-16.552579377400001,True,0.489761101900000
2012-07-01,EP,0,HCTB_candidate_diagnostic,HCTB_anom,NetPath_high_total_anom,-0.003244114908101,0.056775547116312,(f),Eastern Pacific,HCTB → High-cloud pathway,HCTB anomaly,High-cloud Net CRE contribution (W m$^{-2}$),0.223088731800000,-27.414235347399998,-0.000000000000000,-36.684306732300001,-16.552579377400001,True,0.489761101900000
2012-08-01,EP,1,HCTB_candidate_diagnostic,HCTB_anom,NetPath_high_total_anom,-0.007379143009429,0.120782171049128,(f),Eastern Pacific,HCTB → High-cloud pathway,HCTB anomaly,High-cloud Net CRE contribution (W m$^{-2}$),0.223088731800000,-27.414235347399998,-0.000000000000000,-36.684306732300001,-16.552579377400001,True,0.489761101900000
2012-09-01,EP,0,HCTB_candidate_diagnostic,HCTB_anom,NetPath_high_total_anom,0.002037854911682,0.315721027797862,(f),Eastern Pacific,HCTB → High-cloud pathway,HCTB anomaly,High-cloud Net CRE contribution (W m$^{-2}$),0.223088731800000,-27.414235347399998,-0.000000000000000,-36.684306732300001,-16.552579377400001,True,0.489761101900000
2012-10-01,EP,0,HCTB_candidate_diagnostic,HCTB_anom,NetPath_high_total_anom,-0.006988129144106,-0.029809854914122,(f),Eastern Pacific,HCTB → High-cloud pathway,HCTB anomaly,High-cloud Net CRE contribution (W m$^{-2}$),0.223088731800000,-27.414235347399998,-0.000000000000000,-36.684306732300001,-16.552579377400001,True,0.489761101900000
2012-11-01,EP,0,HCTB_candidate_diagnostic,HCTB_anom,NetPath_high_total_anom,-0.010117338165644,0.212807637471395,(f),Eastern Pacific,HCTB → High-cloud pathway,HCTB anomaly,High-cloud Net CRE contribution (W m$^{-2}$),0.223088731800000,-27.414235347399998,-0.000000000000000,-36.684306732300001,-16.552579377400001,True,0.489761101900000
2012-12-01,EP,0,HCTB_candidate_diagnostic,HCTB_anom,NetPath_high_total_anom,0.001546167743028,0.007024261281032,(f),Eastern Pacific,HCTB → High-cloud pathway,HCTB anomaly,High-cloud Net CRE contribution (W m$^{-2}$),0.223088731800000,-27.414235347399998,-0.000000000000000,-36.684306732300001,-16.552579377400001,True,0.489761101900000
2013-01-01,EP,-1,HCTB_candidate_diagnostic,HCTB_anom,NetPath_high_total_anom,0.005387233971377,-0.360120512903631,(f),Eastern Pacific,HCTB → High-cloud pathway,HCTB anomaly,High-cloud Net CRE contribution (W m$^{-2}$),0.223088731800000,-27.414235347399998,-0.000000000000000,-36.684306732300001,-16.552579377400001,True,0.489761101900000
2013-02-01,EP,-1,HCTB_candidate_diagnostic,HCTB_anom,NetPath_high_total_anom,0.007993569330346,-0.085415290014566,(f),Eastern Pacific,HCTB → High-cloud pathway,HCTB anomaly,High-cloud Net CRE contribution (W m$^{-2}$),0.223088731800000,-27.414235347399998,-0.000000000000000,-36.684306732300001,-16.552579377400001,True,0.489761101900000
2013-03-01,EP,0,HCTB_candidate_diagnostic,HCTB_anom,NetPath_high_total_anom,-0.004319082586309,-0.579874926767782,(f),Eastern Pacific,HCTB → High-cloud pathway,HCTB anomaly,High-cloud Net CRE contribution (W m$^{-2}$),0.223088731800000,-27.414235347399998,-0.000000000000000,-36.684306732300001,-16.552579377400001,True,0.489761101900000
2013-04-01,EP,0,HCTB_candidate_diagnostic,HCTB_anom,NetPath_high_total_anom,-0.004937021226339,0.083754145579266,(f),Eastern Pacific,HCTB → High-cloud pathway,HCTB anomaly,High-cloud Net CRE contribution (W m$^{-2}$),0.223088731800000,-27.414235347399998,-0.000000000000000,-36.684306732300001,-16.552579377400001,True,0.489761101900000
2013-05-01,EP,0,HCTB_candidate_diagnostic,HCTB_anom,NetPath_high_total_anom,0.010247446700274,-0.115335913408373,(f),Eastern Pacific,HCTB → High-cloud pathway,HCTB anomaly,High-cloud Net CRE contribution (W m$^{-2}$),0.223088731800000,-27.414235347399998,-0.000000000000000,-36.684306732300001,-16.552579377400001,True,0.489761101900000
2013-06-01,EP,0,HCTB_candidate_diagnostic,HCTB_anom,NetPath_high_total_anom,0.001452855612886,-0.278990046162146,(f),Eastern Pacific,HCTB → High-cloud pathway,HCTB anomaly,High-cloud Net CRE contribution (W m$^{-2}$),0.223088731800000,-27.414235347399998,-0.000000000000000,-36.684306732300001,-16.552579377400001,True,0.489761101900000
2013-07-01,EP,0,HCTB_candidate_diagnostic,HCTB_anom,NetPath_high_total_anom,-0.007542666681048,0.590947440993483,(f),Eastern Pacific,HCTB → High-cloud pathway,HCTB anomaly,High-cloud Net CRE contribution (W m$^{-2}$),0.223088731800000,-27.414235347399998,-0.000000000000000,-36.684306732300001,-16.552579377400001,True,0.489761101900000
2013-08-01,EP,0,HCTB_candidate_diagnostic,HCTB_anom,NetPath_high_total_anom,-0.008869353916705,0.154792742863761,(f),Eastern Pacific,HCTB → High-cloud pathway,HCTB anomaly,High-cloud Net CRE contribution (W m$^{-2}$),0.223088731800000,-27.414235347399998,-0.000000000000000,-36.684306732300001,-16.552579377400001,True,0.489761101900000
2013-09-01,EP,0,HCTB_candidate_diagnostic,HCTB_anom,NetPath_high_total_anom,-0.006748707294335,0.743825768994788,(f),Eastern Pacific,HCTB → High-cloud pathway,HCTB anomaly,High-cloud Net CRE contribution (W m$^{-2}$),0.223088731800000,-27.414235347399998,-0.000000000000000,-36.684306732300001,-16.552579377400001,True,0.489761101900000
2013-10-01,EP,0,HCTB_candidate_diagnostic,HCTB_anom,NetPath_high_total_anom,0.002217414501630,-0.291267730625745,(f),Eastern Pacific,HCTB → High-cloud pathway,HCTB anomaly,High-cloud Net CRE contribution (W m$^{-2}$),0.223088731800000,-27.414235347399998,-0.000000000000000,-36.684306732300001,-16.552579377400001,True,0.489761101900000
2013-11-01,EP,0,HCTB_candidate_diagnostic,HCTB_anom,NetPath_high_total_anom,-0.008731546096011,0.095797081695684,(f),Eastern Pacific,HCTB → High-cloud pathway,HCTB anomaly,High-cloud Net CRE contribution (W m$^{-2}$),0.223088731800000,-27.414235347399998,-0.000000000000000,-36.684306732300001,-16.552579377400001,True,0.489761101900000
2013-12-01,EP,0,HCTB_candidate_diagnostic,HCTB_anom,NetPath_high_total_anom,0.015934882349948,-0.566064141446159,(f),Eastern Pacific,HCTB → High-cloud pathway,HCTB anomaly,High-cloud Net CRE contribution (W m$^{-2}$),0.223088731800000,-27.414235347399998,-0.000000000000000,-36.684306732300001,-16.552579377400001,True,0.489761101900000
2014-01-01,EP,-1,HCTB_candidate_diagnostic,HCTB_anom,NetPath_high_total_anom,0.017633618085936,-0.415503774734869,(f),Eastern Pacific,HCTB → High-cloud pathway,HCTB anomaly,High-cloud Net CRE contribution (W m$^{-2}$),0.223088731800000,-27.414235347399998,-0.000000000000000,-36.684306732300001,-16.552579377400001,True,0.489761101900000
2014-02-01,EP,-1,HCTB_candidate_diagnostic,HCTB_anom,NetPath_high_total_anom,-0.002740987874321,0.189003471512839,(f),Eastern Pacific,HCTB → High-cloud pathway,HCTB anomaly,High-cloud Net CRE contribution (W m$^{-2}$),0.223088731800000,-27.414235347399998,-0.000000000000000,-36.684306732300001,-16.552579377400001,True,0.489761101900000
2014-03-01,EP,0,HCTB_candidate_diagnostic,HCTB_anom,NetPath_high_total_anom,-0.018338643134346,0.657338769471866,(f),Eastern Pacific,HCTB → High-cloud pathway,HCTB anomaly,High-cloud Net CRE contribution (W m$^{-2}$),0.223088731800000,-27.414235347399998,-0.000000000000000,-36.684306732300001,-16.552579377400001,True,0.489761101900000
2014-04-01,EP,0,HCTB_candidate_diagnostic,HCTB_anom,NetPath_high_total_anom,0.002543363322544,-0.438676473519485,(f),Eastern Pacific,HCTB → High-cloud pathway,HCTB anomaly,High-cloud Net CRE contribution (W m$^{-2}$),0.223088731800000,-27.414235347399998,-0.000000000000000,-36.684306732300001,-16.552579377400001,True,0.489761101900000
2014-05-01,EP,0,HCTB_candidate_diagnostic,HCTB_anom,NetPath_high_total_anom,0.008800133965180,-1.154584791181211,(f),Eastern Pacific,HCTB → High-cloud pathway,HCTB anomaly,High-cloud Net CRE contribution (W m$^{-2}$),0.223088731800000,-27.414235347399998,-0.000000000000000,-36.684306732300001,-16.552579377400001,True,0.489761101900000
2014-06-01,EP,0,HCTB_candidate_diagnostic,HCTB_anom,NetPath_high_total_anom,0.012070699850075,-0.778955521003706,(f),Eastern Pacific,HCTB → High-cloud pathway,HCTB anomaly,High-cloud Net CRE contribution (W m$^{-2}$),0.223088731800000,-27.414235347399998,-0.000000000000000,-36.684306732300001,-16.552579377400001,True,0.489761101900000
2014-07-01,EP,0,HCTB_candidate_diagnostic,HCTB_anom,NetPath_high_total_anom,0.006725963431967,-0.741751362847208,(f),Eastern Pacific,HCTB → High-cloud pathway,HCTB anomaly,High-cloud Net CRE contribution (W m$^{-2}$),0.223088731800000,-27.414235347399998,-0.000000000000000,-36.684306732300001,-16.552579377400001,True,0.489761101900000
2014-08-01,EP,0,HCTB_candidate_diagnostic,HCTB_anom,NetPath_high_total_anom,-0.001496361654538,-0.917972121292718,(f),Eastern Pacific,HCTB → High-cloud pathway,HCTB anomaly,High-cloud Net CRE contribution (W m$^{-2}$),0.223088731800000,-27.414235347399998,-0.000000000000000,-36.684306732300001,-16.552579377400001,True,0.489761101900000
2014-09-01,EP,0,HCTB_candidate_diagnostic,HCTB_anom,NetPath_high_total_anom,0.000024509518615,-0.507399555005636,(f),Eastern Pacific,HCTB → High-cloud pathway,HCTB anomaly,High-cloud Net CRE contribution (W m$^{-2}$),0.223088731800000,-27.414235347399998,-0.000000000000000,-36.684306732300001,-16.552579377400001,True,0.489761101900000
2014-10-01,EP,1,HCTB_candidate_diagnostic,HCTB_anom,NetPath_high_total_anom,0.004140722143758,-0.438409734816044,(f),Eastern Pacific,HCTB → High-cloud pathway,HCTB anomaly,High-cloud Net CRE contribution (W m$^{-2}$),0.223088731800000,-27.414235347399998,-0.000000000000000,-36.684306732300001,-16.552579377400001,True,0.489761101900000
2014-11-01,EP,1,HCTB_candidate_diagnostic,HCTB_anom,NetPath_high_total_anom,0.000012970741884,-0.438185225773994,(f),Eastern Pacific,HCTB → High-cloud pathway,HCTB anomaly,High-cloud Net CRE contribution (W m$^{-2}$),0.223088731800000,-27.414235347399998,-0.000000000000000,-36.684306732300001,-16.552579377400001,True,0.489761101900000
2014-12-01,EP,1,HCTB_candidate_diagnostic,HCTB_anom,NetPath_high_total_anom,-0.013894934032998,0.214326442060459,(f),Eastern Pacific,HCTB → High-cloud pathway,HCTB anomaly,High-cloud Net CRE contribution (W m$^{-2}$),0.223088731800000,-27.414235347399998,-0.000000000000000,-36.684306732300001,-16.552579377400001,True,0.489761101900000
2015-01-01,EP,1,HCTB_candidate_diagnostic,HCTB_anom,NetPath_high_total_anom,0.003318861283292,0.118707930102592,(f),Eastern Pacific,HCTB → High-cloud pathway,HCTB anomaly,High-cloud Net CRE contribution (W m$^{-2}$),0.223088731800000,-27.414235347399998,-0.000000000000000,-36.684306732300001,-16.552579377400001,True,0.489761101900000
2015-02-01,EP,0,HCTB_candidate_diagnostic,HCTB_anom,NetPath_high_total_anom,0.009456826368287,-0.481106612992570,(f),Eastern Pacific,HCTB → High-cloud pathway,HCTB anomaly,High-cloud Net CRE contribution (W m$^{-2}$),0.223088731800000,-27.414235347399998,-0.000000000000000,-36.684306732300001,-16.552579377400001,True,0.489761101900000
2015-03-01,EP,1,HCTB_candidate_diagnostic,HCTB_anom,NetPath_high_total_anom,0.000134018012043,0.471340417283894,(f),Eastern Pacific,HCTB → High-cloud pathway,HCTB anomaly,High-cloud Net CRE contribution (W m$^{-2}$),0.223088731800000,-27.414235347399998,-0.000000000000000,-36.684306732300001,-16.552579377400001,True,0.489761101900000
2015-04-01,EP,1,HCTB_candidate_diagnostic,HCTB_anom,NetPath_high_total_anom,0.005993876330642,-0.840292577817261,(f),Eastern Pacific,HCTB → High-cloud pathway,HCTB anomaly,High-cloud Net CRE contribution (W m$^{-2}$),0.223088731800000,-27.414235347399998,-0.000000000000000,-36.684306732300001,-16.552579377400001,True,0.489761101900000
2015-05-01,EP,1,HCTB_candidate_diagnostic,HCTB_anom,NetPath_high_total_anom,-0.013847308300665,-1.564183582989585,(f),Eastern Pacific,HCTB → High-cloud pathway,HCTB anomaly,High-cloud Net CRE contribution (W m$^{-2}$),0.223088731800000,-27.414235347399998,-0.000000000000000,-36.684306732300001,-16.552579377400001,True,0.489761101900000
2015-06-01,EP,1,HCTB_candidate_diagnostic,HCTB_anom,NetPath_high_total_anom,-0.017354578733951,0.256969063963252,(f),Eastern Pacific,HCTB → High-cloud pathway,HCTB anomaly,High-cloud Net CRE contribution (W m$^{-2}$),0.223088731800000,-27.414235347399998,-0.000000000000000,-36.684306732300001,-16.552579377400001,True,0.489761101900000
2015-07-01,EP,1,HCTB_candidate_diagnostic,HCTB_anom,NetPath_high_total_anom,-0.010375723950208,-0.573603993711787,(f),Eastern Pacific,HCTB → High-cloud pathway,HCTB anomaly,High-cloud Net CRE contribution (W m$^{-2}$),0.223088731800000,-27.414235347399998,-0.000000000000000,-36.684306732300001,-16.552579377400001,True,0.489761101900000
2015-08-01,EP,1,HCTB_candidate_diagnostic,HCTB_anom,NetPath_high_total_anom,-0.013437841889929,-0.076138524253419,(f),Eastern Pacific,HCTB → High-cloud pathway,HCTB anomaly,High-cloud Net CRE contribution (W m$^{-2}$),0.223088731800000,-27.414235347399998,-0.000000000000000,-36.684306732300001,-16.552579377400001,True,0.489761101900000
2015-09-01,EP,1,HCTB_candidate_diagnostic,HCTB_anom,NetPath_high_total_anom,-0.017049148851567,-0.564568675585086,(f),Eastern Pacific,HCTB → High-cloud pathway,HCTB anomaly,High-cloud Net CRE contribution (W m$^{-2}$),0.223088731800000,-27.414235347399998,-0.000000000000000,-36.684306732300001,-16.552579377400001,True,0.489761101900000
2015-10-01,EP,1,HCTB_candidate_diagnostic,HCTB_anom,NetPath_high_total_anom,-0.013279062350641,-0.869464247158673,(f),Eastern Pacific,HCTB → High-cloud pathway,HCTB anomaly,High-cloud Net CRE contribution (W m$^{-2}$),0.223088731800000,-27.414235347399998,-0.000000000000000,-36.684306732300001,-16.552579377400001,True,0.489761101900000
2015-11-01,EP,1,HCTB_candidate_diagnostic,HCTB_anom,NetPath_high_total_anom,-0.012616017044609,-0.685916015995426,(f),Eastern Pacific,HCTB → High-cloud pathway,HCTB anomaly,High-cloud Net CRE contribution (W m$^{-2}$),0.223088731800000,-27.414235347399998,-0.000000000000000,-36.684306732300001,-16.552579377400001,True,0.489761101900000
2015-12-01,EP,1,HCTB_candidate_diagnostic,HCTB_anom,NetPath_high_total_anom,0.003198489304899,-0.924485395776026,(f),Eastern Pacific,HCTB → High-cloud pathway,HCTB anomaly,High-cloud Net CRE contribution (W m$^{-2}$),0.223088731800000,-27.414235347399998,-0.000000000000000,-36.684306732300001,-16.552579377400001,True,0.489761101900000
2016-01-01,EP,1,HCTB_candidate_diagnostic,HCTB_anom,NetPath_high_total_anom,-0.006424545035116,-1.394545917183894,(f),Eastern Pacific,HCTB → High-cloud pathway,HCTB anomaly,High-cloud Net CRE contribution (W m$^{-2}$),0.223088731800000,-27.414235347399998,-0.000000000000000,-36.684306732300001,-16.552579377400001,True,0.489761101900000
2016-02-01,EP,1,HCTB_candidate_diagnostic,HCTB_anom,NetPath_high_total_anom,-0.000234842914632,-0.815178257030929,(f),Eastern Pacific,HCTB → High-cloud pathway,HCTB anomaly,High-cloud Net CRE contribution (W m$^{-2}$),0.223088731800000,-27.414235347399998,-0.000000000000000,-36.684306732300001,-16.552579377400001,True,0.489761101900000
2016-03-01,EP,1,HCTB_candidate_diagnostic,HCTB_anom,NetPath_high_total_anom,-0.004119601623689,-0.502448879309966,(f),Eastern Pacific,HCTB → High-cloud pathway,HCTB anomaly,High-cloud Net CRE contribution (W m$^{-2}$),0.223088731800000,-27.414235347399998,-0.000000000000000,-36.684306732300001,-16.552579377400001,True,0.489761101900000
2016-04-01,EP,1,HCTB_candidate_diagnostic,HCTB_anom,NetPath_high_total_anom,-0.003343315965528,-0.063302058647515,(f),Eastern Pacific,HCTB → High-cloud pathway,HCTB anomaly,High-cloud Net CRE contribution (W m$^{-2}$),0.223088731800000,-27.414235347399998,-0.000000000000000,-36.684306732300001,-16.552579377400001,True,0.489761101900000
2016-05-01,EP,0,HCTB_candidate_diagnostic,HCTB_anom,NetPath_high_total_anom,-0.016916140129757,0.773892125852285,(f),Eastern Pacific,HCTB → High-cloud pathway,HCTB anomaly,High-cloud Net CRE contribution (W m$^{-2}$),0.223088731800000,-27.414235347399998,-0.000000000000000,-36.684306732300001,-16.552579377400001,True,0.489761101900000
2016-06-01,EP,0,HCTB_candidate_diagnostic,HCTB_anom,NetPath_high_total_anom,-0.006946204652422,0.101847346737195,(f),Eastern Pacific,HCTB → High-cloud pathway,HCTB anomaly,High-cloud Net CRE contribution (W m$^{-2}$),0.223088731800000,-27.414235347399998,-0.000000000000000,-36.684306732300001,-16.552579377400001,True,0.489761101900000
2016-07-01,EP,-1,HCTB_candidate_diagnostic,HCTB_anom,NetPath_high_total_anom,0.003601836420267,-0.052029234971561,(f),Eastern Pacific,HCTB → High-cloud pathway,HCTB anomaly,High-cloud Net CRE contribution (W m$^{-2}$),0.223088731800000,-27.414235347399998,-0.000000000000000,-36.684306732300001,-16.552579377400001,True,0.489761101900000
2016-08-01,EP,-1,HCTB_candidate_diagnostic,HCTB_anom,NetPath_high_total_anom,-0.006716274287746,0.854290385673397,(f),Eastern Pacific,HCTB → High-cloud pathway,HCTB anomaly,High-cloud Net CRE contribution (W m$^{-2}$),0.223088731800000,-27.414235347399998,-0.000000000000000,-36.684306732300001,-16.552579377400001,True,0.489761101900000
2016-09-01,EP,-1,HCTB_candidate_diagnostic,HCTB_anom,NetPath_high_total_anom,0.000722853827638,0.004068975629164,(f),Eastern Pacific,HCTB → High-cloud pathway,HCTB anomaly,High-cloud Net CRE contribution (W m$^{-2}$),0.223088731800000,-27.414235347399998,-0.000000000000000,-36.684306732300001,-16.552579377400001,True,0.489761101900000
2016-10-01,EP,-1,HCTB_candidate_diagnostic,HCTB_anom,NetPath_high_total_anom,-0.000402958119392,0.282996668584482,(f),Eastern Pacific,HCTB → High-cloud pathway,HCTB anomaly,High-cloud Net CRE contribution (W m$^{-2}$),0.223088731800000,-27.414235347399998,-0.000000000000000,-36.684306732300001,-16.552579377400001,True,0.489761101900000
2016-11-01,EP,-1,HCTB_candidate_diagnostic,HCTB_anom,NetPath_high_total_anom,0.002051872370912,-0.005260281041008,(f),Eastern Pacific,HCTB → High-cloud pathway,HCTB anomaly,High-cloud Net CRE contribution (W m$^{-2}$),0.223088731800000,-27.414235347399998,-0.000000000000000,-36.684306732300001,-16.552579377400001,True,0.489761101900000
2016-12-01,EP,-1,HCTB_candidate_diagnostic,HCTB_anom,NetPath_high_total_anom,-0.005286835935522,0.420974226673667,(f),Eastern Pacific,HCTB → High-cloud pathway,HCTB anomaly,High-cloud Net CRE contribution (W m$^{-2}$),0.223088731800000,-27.414235347399998,-0.000000000000000,-36.684306732300001,-16.552579377400001,True,0.489761101900000
2017-01-01,EP,0,HCTB_candidate_diagnostic,HCTB_anom,NetPath_high_total_anom,-0.000193309499980,0.579491940362549,(f),Eastern Pacific,HCTB → High-cloud pathway,HCTB anomaly,High-cloud Net CRE contribution (W m$^{-2}$),0.223088731800000,-27.414235347399998,-0.000000000000000,-36.684306732300001,-16.552579377400001,True,0.489761101900000
2017-02-01,EP,0,HCTB_candidate_diagnostic,HCTB_anom,NetPath_high_total_anom,0.001285202829055,0.231710840572768,(f),Eastern Pacific,HCTB → High-cloud pathway,HCTB anomaly,High-cloud Net CRE contribution (W m$^{-2}$),0.223088731800000,-27.414235347399998,-0.000000000000000,-36.684306732300001,-16.552579377400001,True,0.489761101900000
2017-03-01,EP,0,HCTB_candidate_diagnostic,HCTB_anom,NetPath_high_total_anom,0.005233044793505,-0.604201332532522,(f),Eastern Pacific,HCTB → High-cloud pathway,HCTB anomaly,High-cloud Net CRE contribution (W m$^{-2}$),0.223088731800000,-27.414235347399998,-0.000000000000000,-36.684306732300001,-16.552579377400001,True,0.489761101900000
2017-04-01,EP,0,HCTB_candidate_diagnostic,HCTB_anom,NetPath_high_total_anom,-0.015168434940570,0.393393517205966,(f),Eastern Pacific,HCTB → High-cloud pathway,HCTB anomaly,High-cloud Net CRE contribution (W m$^{-2}$),0.223088731800000,-27.414235347399998,-0.000000000000000,-36.684306732300001,-16.552579377400001,True,0.489761101900000
2017-05-01,EP,0,HCTB_candidate_diagnostic,HCTB_anom,NetPath_high_total_anom,-0.002814673081310,-0.413494261335389,(f),Eastern Pacific,HCTB → High-cloud pathway,HCTB anomaly,High-cloud Net CRE contribution (W m$^{-2}$),0.223088731800000,-27.414235347399998,-0.000000000000000,-36.684306732300001,-16.552579377400001,True,0.489761101900000
2017-06-01,EP,0,HCTB_candidate_diagnostic,HCTB_anom,NetPath_high_total_anom,0.005320643943005,-0.017912124709146,(f),Eastern Pacific,HCTB → High-cloud pathway,HCTB anomaly,High-cloud Net CRE contribution (W m$^{-2}$),0.223088731800000,-27.414235347399998,-0.000000000000000,-36.684306732300001,-16.552579377400001,True,0.489761101900000
2017-07-01,EP,0,HCTB_candidate_diagnostic,HCTB_anom,NetPath_high_total_anom,0.009000694528400,-0.452828464708025,(f),Eastern Pacific,HCTB → High-cloud pathway,HCTB anomaly,High-cloud Net CRE contribution (W m$^{-2}$),0.223088731800000,-27.414235347399998,-0.000000000000000,-36.684306732300001,-16.552579377400001,True,0.489761101900000
2017-08-01,EP,0,HCTB_candidate_diagnostic,HCTB_anom,NetPath_high_total_anom,0.002682239926715,-0.076136932296119,(f),Eastern Pacific,HCTB → High-cloud pathway,HCTB anomaly,High-cloud Net CRE contribution (W m$^{-2}$),0.223088731800000,-27.414235347399998,-0.000000000000000,-36.684306732300001,-16.552579377400001,True,0.489761101900000
2017-09-01,EP,0,HCTB_candidate_diagnostic,HCTB_anom,NetPath_high_total_anom,0.011235148916535,-0.395556804764399,(f),Eastern Pacific,HCTB → High-cloud pathway,HCTB anomaly,High-cloud Net CRE contribution (W m$^{-2}$),0.223088731800000,-27.414235347399998,-0.000000000000000,-36.684306732300001,-16.552579377400001,True,0.489761101900000
2017-10-01,EP,-1,HCTB_candidate_diagnostic,HCTB_anom,NetPath_high_total_anom,0.005286267499434,0.076815428434216,(f),Eastern Pacific,HCTB → High-cloud pathway,HCTB anomaly,High-cloud Net CRE contribution (W m$^{-2}$),0.223088731800000,-27.414235347399998,-0.000000000000000,-36.684306732300001,-16.552579377400001,True,0.489761101900000
2017-11-01,EP,-1,HCTB_candidate_diagnostic,HCTB_anom,NetPath_high_total_anom,-0.000179428840851,0.345603691174159,(f),Eastern Pacific,HCTB → High-cloud pathway,HCTB anomaly,High-cloud Net CRE contribution (W m$^{-2}$),0.223088731800000,-27.414235347399998,-0.000000000000000,-36.684306732300001,-16.552579377400001,True,0.489761101900000
2017-12-01,EP,-1,HCTB_candidate_diagnostic,HCTB_anom,NetPath_high_total_anom,0.002443691765273,0.188396132527850,(f),Eastern Pacific,HCTB → High-cloud pathway,HCTB anomaly,High-cloud Net CRE contribution (W m$^{-2}$),0.223088731800000,-27.414235347399998,-0.000000000000000,-36.684306732300001,-16.552579377400001,True,0.489761101900000
2018-01-01,EP,-1,HCTB_candidate_diagnostic,HCTB_anom,NetPath_high_total_anom,0.014681769787237,0.084706375972918,(f),Eastern Pacific,HCTB → High-cloud pathway,HCTB anomaly,High-cloud Net CRE contribution (W m$^{-2}$),0.223088731800000,-27.414235347399998,-0.000000000000000,-36.684306732300001,-16.552579377400001,True,0.489761101900000
2018-02-01,EP,-1,HCTB_candidate_diagnostic,HCTB_anom,NetPath_high_total_anom,-0.008862719399755,0.369855499684764,(f),Eastern Pacific,HCTB → High-cloud pathway,HCTB anomaly,High-cloud Net CRE contribution (W m$^{-2}$),0.223088731800000,-27.414235347399998,-0.000000000000000,-36.684306732300001,-16.552579377400001,True,0.489761101900000
2018-03-01,EP,-1,HCTB_candidate_diagnostic,HCTB_anom,NetPath_high_total_anom,-0.003149090117647,0.903191956686991,(f),Eastern Pacific,HCTB → High-cloud pathway,HCTB anomaly,High-cloud Net CRE contribution (W m$^{-2}$),0.223088731800000,-27.414235347399998,-0.000000000000000,-36.684306732300001,-16.552579377400001,True,0.489761101900000
2018-04-01,EP,-1,HCTB_candidate_diagnostic,HCTB_anom,NetPath_high_total_anom,0.003974305266481,0.578853896362446,(f),Eastern Pacific,HCTB → High-cloud pathway,HCTB anomaly,High-cloud Net CRE contribution (W m$^{-2}$),0.223088731800000,-27.414235347399998,-0.000000000000000,-36.684306732300001,-16.552579377400001,True,0.489761101900000
2018-05-01,EP,0,HCTB_candidate_diagnostic,HCTB_anom,NetPath_high_total_anom,0.004514886444595,-0.096775306188000,(f),Eastern Pacific,HCTB → High-cloud pathway,HCTB anomaly,High-cloud Net CRE contribution (W m$^{-2}$),0.223088731800000,-27.414235347399998,-0.000000000000000,-36.684306732300001,-16.552579377400001,True,0.489761101900000
2018-06-01,EP,0,HCTB_candidate_diagnostic,HCTB_anom,NetPath_high_total_anom,0.019175499356800,-1.351618599347542,(f),Eastern Pacific,HCTB → High-cloud pathway,HCTB anomaly,High-cloud Net CRE contribution (W m$^{-2}$),0.223088731800000,-27.414235347399998,-0.000000000000000,-36.684306732300001,-16.552579377400001,True,0.489761101900000
2018-07-01,EP,0,HCTB_candidate_diagnostic,HCTB_anom,NetPath_high_total_anom,0.011437954007138,-0.283368961960138,(f),Eastern Pacific,HCTB → High-cloud pathway,HCTB anomaly,High-cloud Net CRE contribution (W m$^{-2}$),0.223088731800000,-27.414235347399998,-0.000000000000000,-36.684306732300001,-16.552579377400001,True,0.489761101900000
2018-08-01,EP,0,HCTB_candidate_diagnostic,HCTB_anom,NetPath_high_total_anom,0.009423135593179,-0.244961620887203,(f),Eastern Pacific,HCTB → High-cloud pathway,HCTB anomaly,High-cloud Net CRE contribution (W m$^{-2}$),0.223088731800000,-27.414235347399998,-0.000000000000000,-36.684306732300001,-16.552579377400001,True,0.489761101900000
2018-09-01,EP,1,HCTB_candidate_diagnostic,HCTB_anom,NetPath_high_total_anom,0.005980114945930,-0.143264318151535,(f),Eastern Pacific,HCTB → High-cloud pathway,HCTB anomaly,High-cloud Net CRE contribution (W m$^{-2}$),0.223088731800000,-27.414235347399998,-0.000000000000000,-36.684306732300001,-16.552579377400001,True,0.489761101900000
2018-10-01,EP,1,HCTB_candidate_diagnostic,HCTB_anom,NetPath_high_total_anom,0.001999988729079,-0.414020425302548,(f),Eastern Pacific,HCTB → High-cloud pathway,HCTB anomaly,High-cloud Net CRE contribution (W m$^{-2}$),0.223088731800000,-27.414235347399998,-0.000000000000000,-36.684306732300001,-16.552579377400001,True,0.489761101900000
2018-11-01,EP,1,HCTB_candidate_diagnostic,HCTB_anom,NetPath_high_total_anom,-0.010636217435855,0.186589716284385,(f),Eastern Pacific,HCTB → High-cloud pathway,HCTB anomaly,High-cloud Net CRE contribution (W m$^{-2}$),0.223088731800000,-27.414235347399998,-0.000000000000000,-36.684306732300001,-16.552579377400001,True,0.489761101900000
2018-12-01,EP,1,HCTB_candidate_diagnostic,HCTB_anom,NetPath_high_total_anom,0.011148399666724,-0.529833707199106,(f),Eastern Pacific,HCTB → High-cloud pathway,HCTB anomaly,High-cloud Net CRE contribution (W m$^{-2}$),0.223088731800000,-27.414235347399998,-0.000000000000000,-36.684306732300001,-16.552579377400001,True,0.489761101900000
2019-01-01,EP,1,HCTB_candidate_diagnostic,HCTB_anom,NetPath_high_total_anom,0.004040518093316,0.029773425411214,(f),Eastern Pacific,HCTB → High-cloud pathway,HCTB anomaly,High-cloud Net CRE contribution (W m$^{-2}$),0.223088731800000,-27.414235347399998,-0.000000000000000,-36.684306732300001,-16.552579377400001,True,0.489761101900000
2019-02-01,EP,1,HCTB_candidate_diagnostic,HCTB_anom,NetPath_high_total_anom,0.005334487763662,0.034754003995511,(f),Eastern Pacific,HCTB → High-cloud pathway,HCTB anomaly,High-cloud Net CRE contribution (W m$^{-2}$),0.223088731800000,-27.414235347399998,-0.000000000000000,-36.684306732300001,-16.552579377400001,True,0.489761101900000
2019-03-01,EP,1,HCTB_candidate_diagnostic,HCTB_anom,NetPath_high_total_anom,-0.003664989398624,0.377000915368773,(f),Eastern Pacific,HCTB → High-cloud pathway,HCTB anomaly,High-cloud Net CRE contribution (W m$^{-2}$),0.223088731800000,-27.414235347399998,-0.000000000000000,-36.684306732300001,-16.552579377400001,True,0.489761101900000
2019-04-01,EP,1,HCTB_candidate_diagnostic,HCTB_anom,NetPath_high_total_anom,0.005582649010767,0.049338396428884,(f),Eastern Pacific,HCTB → High-cloud pathway,HCTB anomaly,High-cloud Net CRE contribution (W m$^{-2}$),0.223088731800000,-27.414235347399998,-0.000000000000000,-36.684306732300001,-16.552579377400001,True,0.489761101900000
2019-05-01,EP,1,HCTB_candidate_diagnostic,HCTB_anom,NetPath_high_total_anom,-0.008289749789992,-0.244084355546208,(f),Eastern Pacific,HCTB → High-cloud pathway,HCTB anomaly,High-cloud Net CRE contribution (W m$^{-2}$),0.223088731800000,-27.414235347399998,-0.000000000000000,-36.684306732300001,-16.552579377400001,True,0.489761101900000
2019-06-01,EP,1,HCTB_candidate_diagnostic,HCTB_anom,NetPath_high_total_anom,-0.009880392123565,0.327803964167581,(f),Eastern Pacific,HCTB → High-cloud pathway,HCTB anomaly,High-cloud Net CRE contribution (W m$^{-2}$),0.223088731800000,-27.414235347399998,-0.000000000000000,-36.684306732300001,-16.552579377400001,True,0.489761101900000
2019-07-01,EP,0,HCTB_candidate_diagnostic,HCTB_anom,NetPath_high_total_anom,0.003601120088315,-0.372081543932555,(f),Eastern Pacific,HCTB → High-cloud pathway,HCTB anomaly,High-cloud Net CRE contribution (W m$^{-2}$),0.223088731800000,-27.414235347399998,-0.000000000000000,-36.684306732300001,-16.552579377400001,True,0.489761101900000
2019-08-01,EP,0,HCTB_candidate_diagnostic,HCTB_anom,NetPath_high_total_anom,0.001358635799462,0.310963431325161,(f),Eastern Pacific,HCTB → High-cloud pathway,HCTB anomaly,High-cloud Net CRE contribution (W m$^{-2}$),0.223088731800000,-27.414235347399998,-0.000000000000000,-36.684306732300001,-16.552579377400001,True,0.489761101900000
2019-09-01,EP,0,HCTB_candidate_diagnostic,HCTB_anom,NetPath_high_total_anom,0.006422369993719,-0.642558548188757,(f),Eastern Pacific,HCTB → High-cloud pathway,HCTB anomaly,High-cloud Net CRE contribution (W m$^{-2}$),0.223088731800000,-27.414235347399998,-0.000000000000000,-36.684306732300001,-16.552579377400001,True,0.489761101900000
2019-10-01,EP,1,HCTB_candidate_diagnostic,HCTB_anom,NetPath_high_total_anom,0.003556278741503,-0.119522706844308,(f),Eastern Pacific,HCTB → High-cloud pathway,HCTB anomaly,High-cloud Net CRE contribution (W m$^{-2}$),0.223088731800000,-27.414235347399998,-0.000000000000000,-36.684306732300001,-16.552579377400001,True,0.489761101900000
2019-11-01,EP,1,HCTB_candidate_diagnostic,HCTB_anom,NetPath_high_total_anom,-0.002558756068911,0.416254509726415,(f),Eastern Pacific,HCTB → High-cloud pathway,HCTB anomaly,High-cloud Net CRE contribution (W m$^{-2}$),0.223088731800000,-27.414235347399998,-0.000000000000000,-36.684306732300001,-16.552579377400001,True,0.489761101900000
2019-12-01,EP,1,HCTB_candidate_diagnostic,HCTB_anom,NetPath_high_total_anom,0.003586726849424,-0.064049779481853,(f),Eastern Pacific,HCTB → High-cloud pathway,HCTB anomaly,High-cloud Net CRE contribution (W m$^{-2}$),0.223088731800000,-27.414235347399998,-0.000000000000000,-36.684306732300001,-16.552579377400001,True,0.489761101900000
2020-01-01,EP,1,HCTB_candidate_diagnostic,HCTB_anom,NetPath_high_total_anom,0.002658650313670,-0.546647722323715,(f),Eastern Pacific,HCTB → High-cloud pathway,HCTB anomaly,High-cloud Net CRE contribution (W m$^{-2}$),0.223088731800000,-27.414235347399998,-0.000000000000000,-36.684306732300001,-16.552579377400001,True,0.489761101900000
2020-02-01,EP,0,HCTB_candidate_diagnostic,HCTB_anom,NetPath_high_total_anom,0.012337180767967,-0.509635680529114,(f),Eastern Pacific,HCTB → High-cloud pathway,HCTB anomaly,High-cloud Net CRE contribution (W m$^{-2}$),0.223088731800000,-27.414235347399998,-0.000000000000000,-36.684306732300001,-16.552579377400001,True,0.489761101900000
2020-03-01,EP,1,HCTB_candidate_diagnostic,HCTB_anom,NetPath_high_total_anom,0.008971985941581,0.455400017248295,(f),Eastern Pacific,HCTB → High-cloud pathway,HCTB anomaly,High-cloud Net CRE contribution (W m$^{-2}$),0.223088731800000,-27.414235347399998,-0.000000000000000,-36.684306732300001,-16.552579377400001,True,0.489761101900000
2020-04-01,EP,0,HCTB_candidate_diagnostic,HCTB_anom,NetPath_high_total_anom,0.010286119105726,-0.367106533814191,(f),Eastern Pacific,HCTB → High-cloud pathway,HCTB anomaly,High-cloud Net CRE contribution (W m$^{-2}$),0.223088731800000,-27.414235347399998,-0.000000000000000,-36.684306732300001,-16.552579377400001,True,0.489761101900000
2020-05-01,EP,0,HCTB_candidate_diagnostic,HCTB_anom,NetPath_high_total_anom,0.012048511920822,-0.540683645059519,(f),Eastern Pacific,HCTB → High-cloud pathway,HCTB anomaly,High-cloud Net CRE contribution (W m$^{-2}$),0.223088731800000,-27.414235347399998,-0.000000000000000,-36.684306732300001,-16.552579377400001,True,0.489761101900000
2020-06-01,EP,0,HCTB_candidate_diagnostic,HCTB_anom,NetPath_high_total_anom,0.016544259475007,-0.587574395248080,(f),Eastern Pacific,HCTB → High-cloud pathway,HCTB anomaly,High-cloud Net CRE contribution (W m$^{-2}$),0.223088731800000,-27.414235347399998,-0.000000000000000,-36.684306732300001,-16.552579377400001,True,0.489761101900000
2020-07-01,EP,0,HCTB_candidate_diagnostic,HCTB_anom,NetPath_high_total_anom,-0.009377227401289,0.388700195259973,(f),Eastern Pacific,HCTB → High-cloud pathway,HCTB anomaly,High-cloud Net CRE contribution (W m$^{-2}$),0.223088731800000,-27.414235347399998,-0.000000000000000,-36.684306732300001,-16.552579377400001,True,0.489761101900000
2020-08-01,EP,-1,HCTB_candidate_diagnostic,HCTB_anom,NetPath_high_total_anom,-0.003290900466142,-0.224423897077256,(f),Eastern Pacific,HCTB → High-cloud pathway,HCTB anomaly,High-cloud Net CRE contribution (W m$^{-2}$),0.223088731800000,-27.414235347399998,-0.000000000000000,-36.684306732300001,-16.552579377400001,True,0.489761101900000
2020-09-01,EP,-1,HCTB_candidate_diagnostic,HCTB_anom,NetPath_high_total_anom,0.000639478712839,0.387566421750566,(f),Eastern Pacific,HCTB → High-cloud pathway,HCTB anomaly,High-cloud Net CRE contribution (W m$^{-2}$),0.223088731800000,-27.414235347399998,-0.000000000000000,-36.684306732300001,-16.552579377400001,True,0.489761101900000
2020-10-01,EP,-1,HCTB_candidate_diagnostic,HCTB_anom,NetPath_high_total_anom,-0.003460466440648,0.486641090090316,(f),Eastern Pacific,HCTB → High-cloud pathway,HCTB anomaly,High-cloud Net CRE contribution (W m$^{-2}$),0.223088731800000,-27.414235347399998,-0.000000000000000,-36.684306732300001,-16.552579377400001,True,0.489761101900000
2020-11-01,EP,-1,HCTB_candidate_diagnostic,HCTB_anom,NetPath_high_total_anom,-0.000729254488375,0.389078513682845,(f),Eastern Pacific,HCTB → High-cloud pathway,HCTB anomaly,High-cloud Net CRE contribution (W m$^{-2}$),0.223088731800000,-27.414235347399998,-0.000000000000000,-36.684306732300001,-16.552579377400001,True,0.489761101900000
2020-12-01,EP,-1,HCTB_candidate_diagnostic,HCTB_anom,NetPath_high_total_anom,0.002911160633045,-0.073478816030610,(f),Eastern Pacific,HCTB → High-cloud pathway,HCTB anomaly,High-cloud Net CRE contribution (W m$^{-2}$),0.223088731800000,-27.414235347399998,-0.000000000000000,-36.684306732300001,-16.552579377400001,True,0.489761101900000
2021-01-01,EP,-1,HCTB_candidate_diagnostic,HCTB_anom,NetPath_high_total_anom,0.013856463102781,-0.494821522337452,(f),Eastern Pacific,HCTB → High-cloud pathway,HCTB anomaly,High-cloud Net CRE contribution (W m$^{-2}$),0.223088731800000,-27.414235347399998,-0.000000000000000,-36.684306732300001,-16.552579377400001,True,0.489761101900000
2021-02-01,EP,-1,HCTB_candidate_diagnostic,HCTB_anom,NetPath_high_total_anom,-0.010533139037313,0.374290443682294,(f),Eastern Pacific,HCTB → High-cloud pathway,HCTB anomaly,High-cloud Net CRE contribution (W m$^{-2}$),0.223088731800000,-27.414235347399998,-0.000000000000000,-36.684306732300001,-16.552579377400001,True,0.489761101900000
2021-03-01,EP,-1,HCTB_candidate_diagnostic,HCTB_anom,NetPath_high_total_anom,0.003945574008371,0.164291868556885,(f),Eastern Pacific,HCTB → High-cloud pathway,HCTB anomaly,High-cloud Net CRE contribution (W m$^{-2}$),0.223088731800000,-27.414235347399998,-0.000000000000000,-36.684306732300001,-16.552579377400001,True,0.489761101900000
2021-04-01,EP,-1,HCTB_candidate_diagnostic,HCTB_anom,NetPath_high_total_anom,0.001892193862659,-0.173472992394565,(f),Eastern Pacific,HCTB → High-cloud pathway,HCTB anomaly,High-cloud Net CRE contribution (W m$^{-2}$),0.223088731800000,-27.414235347399998,-0.000000000000000,-36.684306732300001,-16.552579377400001,True,0.489761101900000
2021-05-01,EP,-1,HCTB_candidate_diagnostic,HCTB_anom,NetPath_high_total_anom,0.005446164715349,0.413635837015763,(f),Eastern Pacific,HCTB → High-cloud pathway,HCTB anomaly,High-cloud Net CRE contribution (W m$^{-2}$),0.223088731800000,-27.414235347399998,-0.000000000000000,-36.684306732300001,-16.552579377400001,True,0.489761101900000
2021-06-01,EP,0,HCTB_candidate_diagnostic,HCTB_anom,NetPath_high_total_anom,0.009090826560002,-0.617663934956422,(f),Eastern Pacific,HCTB → High-cloud pathway,HCTB anomaly,High-cloud Net CRE contribution (W m$^{-2}$),0.223088731800000,-27.414235347399998,-0.000000000000000,-36.684306732300001,-16.552579377400001,True,0.489761101900000
2021-07-01,EP,0,HCTB_candidate_diagnostic,HCTB_anom,NetPath_high_total_anom,0.001644751943932,-0.006580536217010,(f),Eastern Pacific,HCTB → High-cloud pathway,HCTB anomaly,High-cloud Net CRE contribution (W m$^{-2}$),0.223088731800000,-27.414235347399998,-0.000000000000000,-36.684306732300001,-16.552579377400001,True,0.489761101900000
2021-08-01,EP,-1,HCTB_candidate_diagnostic,HCTB_anom,NetPath_high_total_anom,0.001866749685349,-0.403814175676540,(f),Eastern Pacific,HCTB → High-cloud pathway,HCTB anomaly,High-cloud Net CRE contribution (W m$^{-2}$),0.223088731800000,-27.414235347399998,-0.000000000000000,-36.684306732300001,-16.552579377400001,True,0.489761101900000
2021-09-01,EP,-1,HCTB_candidate_diagnostic,HCTB_anom,NetPath_high_total_anom,0.008016251316766,0.212007394454192,(f),Eastern Pacific,HCTB → High-cloud pathway,HCTB anomaly,High-cloud Net CRE contribution (W m$^{-2}$),0.223088731800000,-27.414235347399998,-0.000000000000000,-36.684306732300001,-16.552579377400001,True,0.489761101900000
2021-10-01,EP,-1,HCTB_candidate_diagnostic,HCTB_anom,NetPath_high_total_anom,0.008503858287936,-0.109098071512371,(f),Eastern Pacific,HCTB → High-cloud pathway,HCTB anomaly,High-cloud Net CRE contribution (W m$^{-2}$),0.223088731800000,-27.414235347399998,-0.000000000000000,-36.684306732300001,-16.552579377400001,True,0.489761101900000
2021-11-01,EP,-1,HCTB_candidate_diagnostic,HCTB_anom,NetPath_high_total_anom,0.005583097979136,0.173842028564762,(f),Eastern Pacific,HCTB → High-cloud pathway,HCTB anomaly,High-cloud Net CRE contribution (W m$^{-2}$),0.223088731800000,-27.414235347399998,-0.000000000000000,-36.684306732300001,-16.552579377400001,True,0.489761101900000
2021-12-01,EP,-1,HCTB_candidate_diagnostic,HCTB_anom,NetPath_high_total_anom,-0.009287124991378,0.771912247969003,(f),Eastern Pacific,HCTB → High-cloud pathway,HCTB anomaly,High-cloud Net CRE contribution (W m$^{-2}$),0.223088731800000,-27.414235347399998,-0.000000000000000,-36.684306732300001,-16.552579377400001,True,0.489761101900000
2022-01-01,EP,-1,HCTB_candidate_diagnostic,HCTB_anom,NetPath_high_total_anom,0.002437626531197,-0.111885816786603,(f),Eastern Pacific,HCTB → High-cloud pathway,HCTB anomaly,High-cloud Net CRE contribution (W m$^{-2}$),0.223088731800000,-27.414235347399998,-0.000000000000000,-36.684306732300001,-16.552579377400001,True,0.489761101900000
2022-02-01,EP,-1,HCTB_candidate_diagnostic,HCTB_anom,NetPath_high_total_anom,0.009775837608940,0.099871629358445,(f),Eastern Pacific,HCTB → High-cloud pathway,HCTB anomaly,High-cloud Net CRE contribution (W m$^{-2}$),0.223088731800000,-27.414235347399998,-0.000000000000000,-36.684306732300001,-16.552579377400001,True,0.489761101900000
2022-03-01,EP,-1,HCTB_candidate_diagnostic,HCTB_anom,NetPath_high_total_anom,0.010794606512568,-0.247099850364295,(f),Eastern Pacific,HCTB → High-cloud pathway,HCTB anomaly,High-cloud Net CRE contribution (W m$^{-2}$),0.223088731800000,-27.414235347399998,-0.000000000000000,-36.684306732300001,-16.552579377400001,True,0.489761101900000
2022-04-01,EP,-1,HCTB_candidate_diagnostic,HCTB_anom,NetPath_high_total_anom,0.020931836415300,-0.810112031490244,(f),Eastern Pacific,HCTB → High-cloud pathway,HCTB anomaly,High-cloud Net CRE contribution (W m$^{-2}$),0.223088731800000,-27.414235347399998,-0.000000000000000,-36.684306732300001,-16.552579377400001,True,0.489761101900000
2022-05-01,EP,-1,HCTB_candidate_diagnostic,HCTB_anom,NetPath_high_total_anom,0.010213388412476,-0.247510012752079,(f),Eastern Pacific,HCTB → High-cloud pathway,HCTB anomaly,High-cloud Net CRE contribution (W m$^{-2}$),0.223088731800000,-27.414235347399998,-0.000000000000000,-36.684306732300001,-16.552579377400001,True,0.489761101900000
2022-06-01,EP,-1,HCTB_candidate_diagnostic,HCTB_anom,NetPath_high_total_anom,0.014227358571431,-0.521232256873568,(f),Eastern Pacific,HCTB → High-cloud pathway,HCTB anomaly,High-cloud Net CRE contribution (W m$^{-2}$),0.223088731800000,-27.414235347399998,-0.000000000000000,-36.684306732300001,-16.552579377400001,True,0.489761101900000
2022-07-01,EP,-1,HCTB_candidate_diagnostic,HCTB_anom,NetPath_high_total_anom,-0.000088253189173,0.163737738143376,(f),Eastern Pacific,HCTB → High-cloud pathway,HCTB anomaly,High-cloud Net CRE contribution (W m$^{-2}$),0.223088731800000,-27.414235347399998,-0.000000000000000,-36.684306732300001,-16.552579377400001,True,0.489761101900000
2022-08-01,EP,-1,HCTB_candidate_diagnostic,HCTB_anom,NetPath_high_total_anom,0.000720718784566,0.273962139157018,(f),Eastern Pacific,HCTB → High-cloud pathway,HCTB anomaly,High-cloud Net CRE contribution (W m$^{-2}$),0.223088731800000,-27.414235347399998,-0.000000000000000,-36.684306732300001,-16.552579377400001,True,0.489761101900000
2022-09-01,EP,-1,HCTB_candidate_diagnostic,HCTB_anom,NetPath_high_total_anom,0.009270948080924,-0.489472215477265,(f),Eastern Pacific,HCTB → High-cloud pathway,HCTB anomaly,High-cloud Net CRE contribution (W m$^{-2}$),0.223088731800000,-27.414235347399998,-0.000000000000000,-36.684306732300001,-16.552579377400001,True,0.489761101900000
2022-10-01,EP,-1,HCTB_candidate_diagnostic,HCTB_anom,NetPath_high_total_anom,0.003317881837356,0.466343351882383,(f),Eastern Pacific,HCTB → High-cloud pathway,HCTB anomaly,High-cloud Net CRE contribution (W m$^{-2}$),0.223088731800000,-27.414235347399998,-0.000000000000000,-36.684306732300001,-16.552579377400001,True,0.489761101900000
2022-11-01,EP,-1,HCTB_candidate_diagnostic,HCTB_anom,NetPath_high_total_anom,0.010927135004627,-0.066338717456254,(f),Eastern Pacific,HCTB → High-cloud pathway,HCTB anomaly,High-cloud Net CRE contribution (W m$^{-2}$),0.223088731800000,-27.414235347399998,-0.000000000000000,-36.684306732300001,-16.552579377400001,True,0.489761101900000
2022-12-01,EP,-1,HCTB_candidate_diagnostic,HCTB_anom,NetPath_high_total_anom,-0.014898763192454,0.607190014822799,(f),Eastern Pacific,HCTB → High-cloud pathway,HCTB anomaly,High-cloud Net CRE contribution (W m$^{-2}$),0.223088731800000,-27.414235347399998,-0.000000000000000,-36.684306732300001,-16.552579377400001,True,0.489761101900000
2023-01-01,EP,-1,HCTB_candidate_diagnostic,HCTB_anom,NetPath_high_total_anom,0.002424443785329,0.347569931677827,(f),Eastern Pacific,HCTB → High-cloud pathway,HCTB anomaly,High-cloud Net CRE contribution (W m$^{-2}$),0.223088731800000,-27.414235347399998,-0.000000000000000,-36.684306732300001,-16.552579377400001,True,0.489761101900000
2023-02-01,EP,-1,HCTB_candidate_diagnostic,HCTB_anom,NetPath_high_total_anom,0.008799844937290,-0.448002126344134,(f),Eastern Pacific,HCTB → High-cloud pathway,HCTB anomaly,High-cloud Net CRE contribution (W m$^{-2}$),0.223088731800000,-27.414235347399998,-0.000000000000000,-36.684306732300001,-16.552579377400001,True,0.489761101900000
2002-07-01,WP,1,LCSP_diagnostic,LCSP_anom,NetPath_low_anom,-0.023166699651073,-0.738736874347424,(g),Western Pacific,LCSP → Low-cloud pathway,LCSP anomaly,Low-cloud Net CRE contribution (W m$^{-2}$),0.912316677900000,40.363654981700002,0.000000000000000,38.673295156000002,42.060716688799999,True,
2002-08-01,WP,1,LCSP_diagnostic,LCSP_anom,NetPath_low_anom,0.007369931993021,0.543959481069709,(g),Western Pacific,LCSP → Low-cloud pathway,LCSP anomaly,Low-cloud Net CRE contribution (W m$^{-2}$),0.912316677900000,40.363654981700002,0.000000000000000,38.673295156000002,42.060716688799999,True,
2002-09-01,WP,1,LCSP_diagnostic,LCSP_anom,NetPath_low_anom,-0.025195891238449,-0.412510899880187,(g),Western Pacific,LCSP → Low-cloud pathway,LCSP anomaly,Low-cloud Net CRE contribution (W m$^{-2}$),0.912316677900000,40.363654981700002,0.000000000000000,38.673295156000002,42.060716688799999,True,
2002-10-01,WP,1,LCSP_diagnostic,LCSP_anom,NetPath_low_anom,-0.005042757158199,0.223468527055591,(g),Western Pacific,LCSP → Low-cloud pathway,LCSP anomaly,Low-cloud Net CRE contribution (W m$^{-2}$),0.912316677900000,40.363654981700002,0.000000000000000,38.673295156000002,42.060716688799999,True,
2002-11-01,WP,1,LCSP_diagnostic,LCSP_anom,NetPath_low_anom,-0.012887409834348,-0.837530847682041,(g),Western Pacific,LCSP → Low-cloud pathway,LCSP anomaly,Low-cloud Net CRE contribution (W m$^{-2}$),0.912316677900000,40.363654981700002,0.000000000000000,38.673295156000002,42.060716688799999,True,
2002-12-01,WP,1,LCSP_diagnostic,LCSP_anom,NetPath_low_anom,-0.056753334470930,-2.274105816047415,(g),Western Pacific,LCSP → Low-cloud pathway,LCSP anomaly,Low-cloud Net CRE contribution (W m$^{-2}$),0.912316677900000,40.363654981700002,0.000000000000000,38.673295156000002,42.060716688799999,True,
2003-01-01,WP,1,LCSP_diagnostic,LCSP_anom,NetPath_low_anom,-0.019668369804446,-1.166970930326396,(g),Western Pacific,LCSP → Low-cloud pathway,LCSP anomaly,Low-cloud Net CRE contribution (W m$^{-2}$),0.912316677900000,40.363654981700002,0.000000000000000,38.673295156000002,42.060716688799999,True,
2003-02-01,WP,1,LCSP_diagnostic,LCSP_anom,NetPath_low_anom,-0.024189306475182,-1.562946234907630,(g),Western Pacific,LCSP → Low-cloud pathway,LCSP anomaly,Low-cloud Net CRE contribution (W m$^{-2}$),0.912316677900000,40.363654981700002,0.000000000000000,38.673295156000002,42.060716688799999,True,
2003-03-01,WP,0,LCSP_diagnostic,LCSP_anom,NetPath_low_anom,-0.003876473909804,-0.487324604148829,(g),Western Pacific,LCSP → Low-cloud pathway,LCSP anomaly,Low-cloud Net CRE contribution (W m$^{-2}$),0.912316677900000,40.363654981700002,0.000000000000000,38.673295156000002,42.060716688799999,True,
2003-04-01,WP,0,LCSP_diagnostic,LCSP_anom,NetPath_low_anom,-0.012259140207045,-0.646602344413681,(g),Western Pacific,LCSP → Low-cloud pathway,LCSP anomaly,Low-cloud Net CRE contribution (W m$^{-2}$),0.912316677900000,40.363654981700002,0.000000000000000,38.673295156000002,42.060716688799999,True,
2003-05-01,WP,-1,LCSP_diagnostic,LCSP_anom,NetPath_low_anom,0.005812896866680,-0.065772592951634,(g),Western Pacific,LCSP → Low-cloud pathway,LCSP anomaly,Low-cloud Net CRE contribution (W m$^{-2}$),0.912316677900000,40.363654981700002,0.000000000000000,38.673295156000002,42.060716688799999,True,
2003-06-01,WP,0,LCSP_diagnostic,LCSP_anom,NetPath_low_anom,-0.015374864222700,-0.242063294698222,(g),Western Pacific,LCSP → Low-cloud pathway,LCSP anomaly,Low-cloud Net CRE contribution (W m$^{-2}$),0.912316677900000,40.363654981700002,0.000000000000000,38.673295156000002,42.060716688799999,True,
2003-07-01,WP,0,LCSP_diagnostic,LCSP_anom,NetPath_low_anom,0.006831473397886,0.102622270307833,(g),Western Pacific,LCSP → Low-cloud pathway,LCSP anomaly,Low-cloud Net CRE contribution (W m$^{-2}$),0.912316677900000,40.363654981700002,0.000000000000000,38.673295156000002,42.060716688799999,True,
2003-08-01,WP,0,LCSP_diagnostic,LCSP_anom,NetPath_low_anom,-0.016218254550629,-0.768731601708386,(g),Western Pacific,LCSP → Low-cloud pathway,LCSP anomaly,Low-cloud Net CRE contribution (W m$^{-2}$),0.912316677900000,40.363654981700002,0.000000000000000,38.673295156000002,42.060716688799999,True,
2003-09-01,WP,0,LCSP_diagnostic,LCSP_anom,NetPath_low_anom,0.011048153388084,0.537081415678103,(g),Western Pacific,LCSP → Low-cloud pathway,LCSP anomaly,Low-cloud Net CRE contribution (W m$^{-2}$),0.912316677900000,40.363654981700002,0.000000000000000,38.673295156000002,42.060716688799999,True,
2003-10-01,WP,0,LCSP_diagnostic,LCSP_anom,NetPath_low_anom,0.012779238581603,0.520410203600924,(g),Western Pacific,LCSP → Low-cloud pathway,LCSP anomaly,Low-cloud Net CRE contribution (W m$^{-2}$),0.912316677900000,40.363654981700002,0.000000000000000,38.673295156000002,42.060716688799999,True,
2003-11-01,WP,0,LCSP_diagnostic,LCSP_anom,NetPath_low_anom,-0.001871077295451,-0.345551834076031,(g),Western Pacific,LCSP → Low-cloud pathway,LCSP anomaly,Low-cloud Net CRE contribution (W m$^{-2}$),0.912316677900000,40.363654981700002,0.000000000000000,38.673295156000002,42.060716688799999,True,
2003-12-01,WP,0,LCSP_diagnostic,LCSP_anom,NetPath_low_anom,0.022127201323863,0.573931336386191,(g),Western Pacific,LCSP → Low-cloud pathway,LCSP anomaly,Low-cloud Net CRE contribution (W m$^{-2}$),0.912316677900000,40.363654981700002,0.000000000000000,38.673295156000002,42.060716688799999,True,
2004-01-01,WP,0,LCSP_diagnostic,LCSP_anom,NetPath_low_anom,-0.037055220236282,-1.690012470070822,(g),Western Pacific,LCSP → Low-cloud pathway,LCSP anomaly,Low-cloud Net CRE contribution (W m$^{-2}$),0.912316677900000,40.363654981700002,0.000000000000000,38.673295156000002,42.060716688799999,True,
2004-02-01,WP,0,LCSP_diagnostic,LCSP_anom,NetPath_low_anom,0.039229755287348,1.195577776720617,(g),Western Pacific,LCSP → Low-cloud pathway,LCSP anomaly,Low-cloud Net CRE contribution (W m$^{-2}$),0.912316677900000,40.363654981700002,0.000000000000000,38.673295156000002,42.060716688799999,True,
2004-03-01,WP,0,LCSP_diagnostic,LCSP_anom,NetPath_low_anom,0.020942615188761,0.762959885141799,(g),Western Pacific,LCSP → Low-cloud pathway,LCSP anomaly,Low-cloud Net CRE contribution (W m$^{-2}$),0.912316677900000,40.363654981700002,0.000000000000000,38.673295156000002,42.060716688799999,True,
2004-04-01,WP,0,LCSP_diagnostic,LCSP_anom,NetPath_low_anom,-0.014477331887540,-0.460549341299665,(g),Western Pacific,LCSP → Low-cloud pathway,LCSP anomaly,Low-cloud Net CRE contribution (W m$^{-2}$),0.912316677900000,40.363654981700002,0.000000000000000,38.673295156000002,42.060716688799999,True,
2004-05-01,WP,0,LCSP_diagnostic,LCSP_anom,NetPath_low_anom,0.019726757478558,0.781603390958997,(g),Western Pacific,LCSP → Low-cloud pathway,LCSP anomaly,Low-cloud Net CRE contribution (W m$^{-2}$),0.912316677900000,40.363654981700002,0.000000000000000,38.673295156000002,42.060716688799999,True,
2004-06-01,WP,0,LCSP_diagnostic,LCSP_anom,NetPath_low_anom,0.015327401904043,0.549530203357040,(g),Western Pacific,LCSP → Low-cloud pathway,LCSP anomaly,Low-cloud Net CRE contribution (W m$^{-2}$),0.912316677900000,40.363654981700002,0.000000000000000,38.673295156000002,42.060716688799999,True,
2004-07-01,WP,1,LCSP_diagnostic,LCSP_anom,NetPath_low_anom,-0.025886424478127,-1.109310659895550,(g),Western Pacific,LCSP → Low-cloud pathway,LCSP anomaly,Low-cloud Net CRE contribution (W m$^{-2}$),0.912316677900000,40.363654981700002,0.000000000000000,38.673295156000002,42.060716688799999,True,
2004-08-01,WP,1,LCSP_diagnostic,LCSP_anom,NetPath_low_anom,0.002743682647665,0.293861108658909,(g),Western Pacific,LCSP → Low-cloud pathway,LCSP anomaly,Low-cloud Net CRE contribution (W m$^{-2}$),0.912316677900000,40.363654981700002,0.000000000000000,38.673295156000002,42.060716688799999,True,
2004-09-01,WP,1,LCSP_diagnostic,LCSP_anom,NetPath_low_anom,-0.021444664314911,-1.420055812805947,(g),Western Pacific,LCSP → Low-cloud pathway,LCSP anomaly,Low-cloud Net CRE contribution (W m$^{-2}$),0.912316677900000,40.363654981700002,0.000000000000000,38.673295156000002,42.060716688799999,True,
2004-10-01,WP,1,LCSP_diagnostic,LCSP_anom,NetPath_low_anom,-0.014092437705505,-0.051030740213033,(g),Western Pacific,LCSP → Low-cloud pathway,LCSP anomaly,Low-cloud Net CRE contribution (W m$^{-2}$),0.912316677900000,40.363654981700002,0.000000000000000,38.673295156000002,42.060716688799999,True,
2004-11-01,WP,1,LCSP_diagnostic,LCSP_anom,NetPath_low_anom,-0.009562398269400,-0.383750368920964,(g),Western Pacific,LCSP → Low-cloud pathway,LCSP anomaly,Low-cloud Net CRE contribution (W m$^{-2}$),0.912316677900000,40.363654981700002,0.000000000000000,38.673295156000002,42.060716688799999,True,
2004-12-01,WP,1,LCSP_diagnostic,LCSP_anom,NetPath_low_anom,-0.011629238263010,-0.565505628282922,(g),Western Pacific,LCSP → Low-cloud pathway,LCSP anomaly,Low-cloud Net CRE contribution (W m$^{-2}$),0.912316677900000,40.363654981700002,0.000000000000000,38.673295156000002,42.060716688799999,True,
2005-01-01,WP,1,LCSP_diagnostic,LCSP_anom,NetPath_low_anom,0.002940237358609,-0.188158512566775,(g),Western Pacific,LCSP → Low-cloud pathway,LCSP anomaly,Low-cloud Net CRE contribution (W m$^{-2}$),0.912316677900000,40.363654981700002,0.000000000000000,38.673295156000002,42.060716688799999,True,
2005-02-01,WP,0,LCSP_diagnostic,LCSP_anom,NetPath_low_anom,-0.049425273883945,-2.406508245625889,(g),Western Pacific,LCSP → Low-cloud pathway,LCSP anomaly,Low-cloud Net CRE contribution (W m$^{-2}$),0.912316677900000,40.363654981700002,0.000000000000000,38.673295156000002,42.060716688799999,True,
2005-03-01,WP,1,LCSP_diagnostic,LCSP_anom,NetPath_low_anom,-0.028519850172905,-1.632633591263334,(g),Western Pacific,LCSP → Low-cloud pathway,LCSP anomaly,Low-cloud Net CRE contribution (W m$^{-2}$),0.912316677900000,40.363654981700002,0.000000000000000,38.673295156000002,42.060716688799999,True,
2005-04-01,WP,0,LCSP_diagnostic,LCSP_anom,NetPath_low_anom,-0.014046363369746,-0.501209098004400,(g),Western Pacific,LCSP → Low-cloud pathway,LCSP anomaly,Low-cloud Net CRE contribution (W m$^{-2}$),0.912316677900000,40.363654981700002,0.000000000000000,38.673295156000002,42.060716688799999,True,
2005-05-01,WP,0,LCSP_diagnostic,LCSP_anom,NetPath_low_anom,-0.020268240758822,-1.089186497416556,(g),Western Pacific,LCSP → Low-cloud pathway,LCSP anomaly,Low-cloud Net CRE contribution (W m$^{-2}$),0.912316677900000,40.363654981700002,0.000000000000000,38.673295156000002,42.060716688799999,True,
2005-06-01,WP,0,LCSP_diagnostic,LCSP_anom,NetPath_low_anom,-0.021980830650016,-0.574568101718834,(g),Western Pacific,LCSP → Low-cloud pathway,LCSP anomaly,Low-cloud Net CRE contribution (W m$^{-2}$),0.912316677900000,40.363654981700002,0.000000000000000,38.673295156000002,42.060716688799999,True,
2005-07-01,WP,0,LCSP_diagnostic,LCSP_anom,NetPath_low_anom,0.013157730525148,0.590801467759132,(g),Western Pacific,LCSP → Low-cloud pathway,LCSP anomaly,Low-cloud Net CRE contribution (W m$^{-2}$),0.912316677900000,40.363654981700002,0.000000000000000,38.673295156000002,42.060716688799999,True,
2005-08-01,WP,0,LCSP_diagnostic,LCSP_anom,NetPath_low_anom,-0.003012666420266,-0.028992138343442,(g),Western Pacific,LCSP → Low-cloud pathway,LCSP anomaly,Low-cloud Net CRE contribution (W m$^{-2}$),0.912316677900000,40.363654981700002,0.000000000000000,38.673295156000002,42.060716688799999,True,
2005-09-01,WP,0,LCSP_diagnostic,LCSP_anom,NetPath_low_anom,0.008833791740219,0.564450662301038,(g),Western Pacific,LCSP → Low-cloud pathway,LCSP anomaly,Low-cloud Net CRE contribution (W m$^{-2}$),0.912316677900000,40.363654981700002,0.000000000000000,38.673295156000002,42.060716688799999,True,
2005-10-01,WP,0,LCSP_diagnostic,LCSP_anom,NetPath_low_anom,0.008575328031866,0.136768296685612,(g),Western Pacific,LCSP → Low-cloud pathway,LCSP anomaly,Low-cloud Net CRE contribution (W m$^{-2}$),0.912316677900000,40.363654981700002,0.000000000000000,38.673295156000002,42.060716688799999,True,
2005-11-01,WP,-1,LCSP_diagnostic,LCSP_anom,NetPath_low_anom,0.030325368556350,0.932720438877952,(g),Western Pacific,LCSP → Low-cloud pathway,LCSP anomaly,Low-cloud Net CRE contribution (W m$^{-2}$),0.912316677900000,40.363654981700002,0.000000000000000,38.673295156000002,42.060716688799999,True,
2005-12-01,WP,-1,LCSP_diagnostic,LCSP_anom,NetPath_low_anom,0.035610080323820,1.158267180267872,(g),Western Pacific,LCSP → Low-cloud pathway,LCSP anomaly,Low-cloud Net CRE contribution (W m$^{-2}$),0.912316677900000,40.363654981700002,0.000000000000000,38.673295156000002,42.060716688799999,True,
2006-01-01,WP,-1,LCSP_diagnostic,LCSP_anom,NetPath_low_anom,0.025089647202824,0.877937856802996,(g),Western Pacific,LCSP → Low-cloud pathway,LCSP anomaly,Low-cloud Net CRE contribution (W m$^{-2}$),0.912316677900000,40.363654981700002,0.000000000000000,38.673295156000002,42.060716688799999,True,
2006-02-01,WP,-1,LCSP_diagnostic,LCSP_anom,NetPath_low_anom,-0.006506688901086,-0.534040530456156,(g),Western Pacific,LCSP → Low-cloud pathway,LCSP anomaly,Low-cloud Net CRE contribution (W m$^{-2}$),0.912316677900000,40.363654981700002,0.000000000000000,38.673295156000002,42.060716688799999,True,
2006-03-01,WP,-1,LCSP_diagnostic,LCSP_anom,NetPath_low_anom,0.021250804604393,0.850068168072013,(g),Western Pacific,LCSP → Low-cloud pathway,LCSP anomaly,Low-cloud Net CRE contribution (W m$^{-2}$),0.912316677900000,40.363654981700002,0.000000000000000,38.673295156000002,42.060716688799999,True,
2006-04-01,WP,0,LCSP_diagnostic,LCSP_anom,NetPath_low_anom,0.037990967517132,1.552328966968104,(g),Western Pacific,LCSP → Low-cloud pathway,LCSP anomaly,Low-cloud Net CRE contribution (W m$^{-2}$),0.912316677900000,40.363654981700002,0.000000000000000,38.673295156000002,42.060716688799999,True,
2006-05-01,WP,0,LCSP_diagnostic,LCSP_anom,NetPath_low_anom,0.014823989510835,0.541460362639477,(g),Western Pacific,LCSP → Low-cloud pathway,LCSP anomaly,Low-cloud Net CRE contribution (W m$^{-2}$),0.912316677900000,40.363654981700002,0.000000000000000,38.673295156000002,42.060716688799999,True,
2006-06-01,WP,0,LCSP_diagnostic,LCSP_anom,NetPath_low_anom,0.017119455575363,0.534737321866960,(g),Western Pacific,LCSP → Low-cloud pathway,LCSP anomaly,Low-cloud Net CRE contribution (W m$^{-2}$),0.912316677900000,40.363654981700002,0.000000000000000,38.673295156000002,42.060716688799999,True,
2006-07-01,WP,0,LCSP_diagnostic,LCSP_anom,NetPath_low_anom,-0.004982887470894,-0.324780264793830,(g),Western Pacific,LCSP → Low-cloud pathway,LCSP anomaly,Low-cloud Net CRE contribution (W m$^{-2}$),0.912316677900000,40.363654981700002,0.000000000000000,38.673295156000002,42.060716688799999,True,
2006-08-01,WP,0,LCSP_diagnostic,LCSP_anom,NetPath_low_anom,-0.003390347453267,-0.332046988450049,(g),Western Pacific,LCSP → Low-cloud pathway,LCSP anomaly,Low-cloud Net CRE contribution (W m$^{-2}$),0.912316677900000,40.363654981700002,0.000000000000000,38.673295156000002,42.060716688799999,True,
2006-09-01,WP,1,LCSP_diagnostic,LCSP_anom,NetPath_low_anom,-0.005996701455138,-0.802858440979004,(g),Western Pacific,LCSP → Low-cloud pathway,LCSP anomaly,Low-cloud Net CRE contribution (W m$^{-2}$),0.912316677900000,40.363654981700002,0.000000000000000,38.673295156000002,42.060716688799999,True,
2006-10-01,WP,1,LCSP_diagnostic,LCSP_anom,NetPath_low_anom,-0.041191317646751,-1.772493705236813,(g),Western Pacific,LCSP → Low-cloud pathway,LCSP anomaly,Low-cloud Net CRE contribution (W m$^{-2}$),0.912316677900000,40.363654981700002,0.000000000000000,38.673295156000002,42.060716688799999,True,
2006-11-01,WP,1,LCSP_diagnostic,LCSP_anom,NetPath_low_anom,-0.034301600509336,-1.029699066613233,(g),Western Pacific,LCSP → Low-cloud pathway,LCSP anomaly,Low-cloud Net CRE contribution (W m$^{-2}$),0.912316677900000,40.363654981700002,0.000000000000000,38.673295156000002,42.060716688799999,True,
2006-12-01,WP,1,LCSP_diagnostic,LCSP_anom,NetPath_low_anom,-0.039272513601881,-1.729951194163267,(g),Western Pacific,LCSP → Low-cloud pathway,LCSP anomaly,Low-cloud Net CRE contribution (W m$^{-2}$),0.912316677900000,40.363654981700002,0.000000000000000,38.673295156000002,42.060716688799999,True,
2007-01-01,WP,1,LCSP_diagnostic,LCSP_anom,NetPath_low_anom,-0.009091225621108,-0.456759333911263,(g),Western Pacific,LCSP → Low-cloud pathway,LCSP anomaly,Low-cloud Net CRE contribution (W m$^{-2}$),0.912316677900000,40.363654981700002,0.000000000000000,38.673295156000002,42.060716688799999,True,
2007-02-01,WP,0,LCSP_diagnostic,LCSP_anom,NetPath_low_anom,0.008455856145928,0.579103536925650,(g),Western Pacific,LCSP → Low-cloud pathway,LCSP anomaly,Low-cloud Net CRE contribution (W m$^{-2}$),0.912316677900000,40.363654981700002,0.000000000000000,38.673295156000002,42.060716688799999,True,
2007-03-01,WP,0,LCSP_diagnostic,LCSP_anom,NetPath_low_anom,-0.001576196251263,-0.345851691341831,(g),Western Pacific,LCSP → Low-cloud pathway,LCSP anomaly,Low-cloud Net CRE contribution (W m$^{-2}$),0.912316677900000,40.363654981700002,0.000000000000000,38.673295156000002,42.060716688799999,True,
2007-04-01,WP,0,LCSP_diagnostic,LCSP_anom,NetPath_low_anom,-0.012848701181505,-0.598333566398274,(g),Western Pacific,LCSP → Low-cloud pathway,LCSP anomaly,Low-cloud Net CRE contribution (W m$^{-2}$),0.912316677900000,40.363654981700002,0.000000000000000,38.673295156000002,42.060716688799999,True,
2007-05-01,WP,-1,LCSP_diagnostic,LCSP_anom,NetPath_low_anom,0.005722754859413,0.418642320599377,(g),Western Pacific,LCSP → Low-cloud pathway,LCSP anomaly,Low-cloud Net CRE contribution (W m$^{-2}$),0.912316677900000,40.363654981700002,0.000000000000000,38.673295156000002,42.060716688799999,True,
2007-06-01,WP,0,LCSP_diagnostic,LCSP_anom,NetPath_low_anom,-0.012730087744517,-1.090569484086281,(g),Western Pacific,LCSP → Low-cloud pathway,LCSP anomaly,Low-cloud Net CRE contribution (W m$^{-2}$),0.912316677900000,40.363654981700002,0.000000000000000,38.673295156000002,42.060716688799999,True,
2007-07-01,WP,-1,LCSP_diagnostic,LCSP_anom,NetPath_low_anom,-0.013448513835184,-0.948163977894332,(g),Western Pacific,LCSP → Low-cloud pathway,LCSP anomaly,Low-cloud Net CRE contribution (W m$^{-2}$),0.912316677900000,40.363654981700002,0.000000000000000,38.673295156000002,42.060716688799999,True,
2007-08-01,WP,-1,LCSP_diagnostic,LCSP_anom,NetPath_low_anom,0.004506907457315,-0.471607785036082,(g),Western Pacific,LCSP → Low-cloud pathway,LCSP anomaly,Low-cloud Net CRE contribution (W m$^{-2}$),0.912316677900000,40.363654981700002,0.000000000000000,38.673295156000002,42.060716688799999,True,
2007-09-01,WP,-1,LCSP_diagnostic,LCSP_anom,NetPath_low_anom,0.019236758873509,0.547548103524074,(g),Western Pacific,LCSP → Low-cloud pathway,LCSP anomaly,Low-cloud Net CRE contribution (W m$^{-2}$),0.912316677900000,40.363654981700002,0.000000000000000,38.673295156000002,42.060716688799999,True,
2007-10-01,WP,-1,LCSP_diagnostic,LCSP_anom,NetPath_low_anom,0.009661793756002,0.299491743970411,(g),Western Pacific,LCSP → Low-cloud pathway,LCSP anomaly,Low-cloud Net CRE contribution (W m$^{-2}$),0.912316677900000,40.363654981700002,0.000000000000000,38.673295156000002,42.060716688799999,True,
2007-11-01,WP,-1,LCSP_diagnostic,LCSP_anom,NetPath_low_anom,0.038179983080322,1.309133884242343,(g),Western Pacific,LCSP → Low-cloud pathway,LCSP anomaly,Low-cloud Net CRE contribution (W m$^{-2}$),0.912316677900000,40.363654981700002,0.000000000000000,38.673295156000002,42.060716688799999,True,
2007-12-01,WP,-1,LCSP_diagnostic,LCSP_anom,NetPath_low_anom,-0.010644703524674,-0.283911470414559,(g),Western Pacific,LCSP → Low-cloud pathway,LCSP anomaly,Low-cloud Net CRE contribution (W m$^{-2}$),0.912316677900000,40.363654981700002,0.000000000000000,38.673295156000002,42.060716688799999,True,
2008-01-01,WP,-1,LCSP_diagnostic,LCSP_anom,NetPath_low_anom,0.011717811259759,0.754152386848420,(g),Western Pacific,LCSP → Low-cloud pathway,LCSP anomaly,Low-cloud Net CRE contribution (W m$^{-2}$),0.912316677900000,40.363654981700002,0.000000000000000,38.673295156000002,42.060716688799999,True,
2008-02-01,WP,-1,LCSP_diagnostic,LCSP_anom,NetPath_low_anom,0.029753054638477,1.308802905571960,(g),Western Pacific,LCSP → Low-cloud pathway,LCSP anomaly,Low-cloud Net CRE contribution (W m$^{-2}$),0.912316677900000,40.363654981700002,0.000000000000000,38.673295156000002,42.060716688799999,True,
2008-03-01,WP,-1,LCSP_diagnostic,LCSP_anom,NetPath_low_anom,-0.005785160002475,0.059788192594293,(g),Western Pacific,LCSP → Low-cloud pathway,LCSP anomaly,Low-cloud Net CRE contribution (W m$^{-2}$),0.912316677900000,40.363654981700002,0.000000000000000,38.673295156000002,42.060716688799999,True,
2008-04-01,WP,-1,LCSP_diagnostic,LCSP_anom,NetPath_low_anom,0.009357492336590,0.513654523792175,(g),Western Pacific,LCSP → Low-cloud pathway,LCSP anomaly,Low-cloud Net CRE contribution (W m$^{-2}$),0.912316677900000,40.363654981700002,0.000000000000000,38.673295156000002,42.060716688799999,True,
2008-05-01,WP,-1,LCSP_diagnostic,LCSP_anom,NetPath_low_anom,0.015609590639823,0.679048703908734,(g),Western Pacific,LCSP → Low-cloud pathway,LCSP anomaly,Low-cloud Net CRE contribution (W m$^{-2}$),0.912316677900000,40.363654981700002,0.000000000000000,38.673295156000002,42.060716688799999,True,
2008-06-01,WP,-1,LCSP_diagnostic,LCSP_anom,NetPath_low_anom,-0.011852267867381,-0.248921804327441,(g),Western Pacific,LCSP → Low-cloud pathway,LCSP anomaly,Low-cloud Net CRE contribution (W m$^{-2}$),0.912316677900000,40.363654981700002,0.000000000000000,38.673295156000002,42.060716688799999,True,
2008-07-01,WP,0,LCSP_diagnostic,LCSP_anom,NetPath_low_anom,-0.009544156201618,-0.317924979965722,(g),Western Pacific,LCSP → Low-cloud pathway,LCSP anomaly,Low-cloud Net CRE contribution (W m$^{-2}$),0.912316677900000,40.363654981700002,0.000000000000000,38.673295156000002,42.060716688799999,True,
2008-08-01,WP,0,LCSP_diagnostic,LCSP_anom,NetPath_low_anom,-0.011865611997119,-1.042519654235862,(g),Western Pacific,LCSP → Low-cloud pathway,LCSP anomaly,Low-cloud Net CRE contribution (W m$^{-2}$),0.912316677900000,40.363654981700002,0.000000000000000,38.673295156000002,42.060716688799999,True,
2008-09-01,WP,0,LCSP_diagnostic,LCSP_anom,NetPath_low_anom,0.010534655363058,0.578311503040758,(g),Western Pacific,LCSP → Low-cloud pathway,LCSP anomaly,Low-cloud Net CRE contribution (W m$^{-2}$),0.912316677900000,40.363654981700002,0.000000000000000,38.673295156000002,42.060716688799999,True,
2008-10-01,WP,0,LCSP_diagnostic,LCSP_anom,NetPath_low_anom,0.004624579490801,-0.070446591696803,(g),Western Pacific,LCSP → Low-cloud pathway,LCSP anomaly,Low-cloud Net CRE contribution (W m$^{-2}$),0.912316677900000,40.363654981700002,0.000000000000000,38.673295156000002,42.060716688799999,True,
2008-11-01,WP,-1,LCSP_diagnostic,LCSP_anom,NetPath_low_anom,0.006425903436716,0.391593884395010,(g),Western Pacific,LCSP → Low-cloud pathway,LCSP anomaly,Low-cloud Net CRE contribution (W m$^{-2}$),0.912316677900000,40.363654981700002,0.000000000000000,38.673295156000002,42.060716688799999,True,
2008-12-01,WP,-1,LCSP_diagnostic,LCSP_anom,NetPath_low_anom,0.017871771302520,0.703191268982849,(g),Western Pacific,LCSP → Low-cloud pathway,LCSP anomaly,Low-cloud Net CRE contribution (W m$^{-2}$),0.912316677900000,40.363654981700002,0.000000000000000,38.673295156000002,42.060716688799999,True,
2009-01-01,WP,-1,LCSP_diagnostic,LCSP_anom,NetPath_low_anom,0.015382331322693,0.738075863080299,(g),Western Pacific,LCSP → Low-cloud pathway,LCSP anomaly,Low-cloud Net CRE contribution (W m$^{-2}$),0.912316677900000,40.363654981700002,0.000000000000000,38.673295156000002,42.060716688799999,True,
2009-02-01,WP,-1,LCSP_diagnostic,LCSP_anom,NetPath_low_anom,0.042378807359564,2.038668439298446,(g),Western Pacific,LCSP → Low-cloud pathway,LCSP anomaly,Low-cloud Net CRE contribution (W m$^{-2}$),0.912316677900000,40.363654981700002,0.000000000000000,38.673295156000002,42.060716688799999,True,
2009-03-01,WP,-1,LCSP_diagnostic,LCSP_anom,NetPath_low_anom,0.022707915351223,1.124120960871111,(g),Western Pacific,LCSP → Low-cloud pathway,LCSP anomaly,Low-cloud Net CRE contribution (W m$^{-2}$),0.912316677900000,40.363654981700002,0.000000000000000,38.673295156000002,42.060716688799999,True,
2009-04-01,WP,0,LCSP_diagnostic,LCSP_anom,NetPath_low_anom,-0.000230984984873,0.031891969336588,(g),Western Pacific,LCSP → Low-cloud pathway,LCSP anomaly,Low-cloud Net CRE contribution (W m$^{-2}$),0.912316677900000,40.363654981700002,0.000000000000000,38.673295156000002,42.060716688799999,True,
2009-05-01,WP,0,LCSP_diagnostic,LCSP_anom,NetPath_low_anom,0.021190612774361,0.763767215742381,(g),Western Pacific,LCSP → Low-cloud pathway,LCSP anomaly,Low-cloud Net CRE contribution (W m$^{-2}$),0.912316677900000,40.363654981700002,0.000000000000000,38.673295156000002,42.060716688799999,True,
2009-06-01,WP,0,LCSP_diagnostic,LCSP_anom,NetPath_low_anom,0.028791637732635,1.363883691463743,(g),Western Pacific,LCSP → Low-cloud pathway,LCSP anomaly,Low-cloud Net CRE contribution (W m$^{-2}$),0.912316677900000,40.363654981700002,0.000000000000000,38.673295156000002,42.060716688799999,True,
2009-07-01,WP,1,LCSP_diagnostic,LCSP_anom,NetPath_low_anom,0.037027575403746,1.295520481747880,(g),Western Pacific,LCSP → Low-cloud pathway,LCSP anomaly,Low-cloud Net CRE contribution (W m$^{-2}$),0.912316677900000,40.363654981700002,0.000000000000000,38.673295156000002,42.060716688799999,True,
2009-08-01,WP,1,LCSP_diagnostic,LCSP_anom,NetPath_low_anom,-0.002724101926312,0.238416116901469,(g),Western Pacific,LCSP → Low-cloud pathway,LCSP anomaly,Low-cloud Net CRE contribution (W m$^{-2}$),0.912316677900000,40.363654981700002,0.000000000000000,38.673295156000002,42.060716688799999,True,
2009-09-01,WP,1,LCSP_diagnostic,LCSP_anom,NetPath_low_anom,0.004831191546565,0.330452599568596,(g),Western Pacific,LCSP → Low-cloud pathway,LCSP anomaly,Low-cloud Net CRE contribution (W m$^{-2}$),0.912316677900000,40.363654981700002,0.000000000000000,38.673295156000002,42.060716688799999,True,
2009-10-01,WP,1,LCSP_diagnostic,LCSP_anom,NetPath_low_anom,0.009420469204509,0.567951024755556,(g),Western Pacific,LCSP → Low-cloud pathway,LCSP anomaly,Low-cloud Net CRE contribution (W m$^{-2}$),0.912316677900000,40.363654981700002,0.000000000000000,38.673295156000002,42.060716688799999,True,
2009-11-01,WP,1,LCSP_diagnostic,LCSP_anom,NetPath_low_anom,-0.007534473648788,-0.480261002914467,(g),Western Pacific,LCSP → Low-cloud pathway,LCSP anomaly,Low-cloud Net CRE contribution (W m$^{-2}$),0.912316677900000,40.363654981700002,0.000000000000000,38.673295156000002,42.060716688799999,True,
2009-12-01,WP,1,LCSP_diagnostic,LCSP_anom,NetPath_low_anom,-0.022095013461970,-1.116437143862008,(g),Western Pacific,LCSP → Low-cloud pathway,LCSP anomaly,Low-cloud Net CRE contribution (W m$^{-2}$),0.912316677900000,40.363654981700002,0.000000000000000,38.673295156000002,42.060716688799999,True,
2010-01-01,WP,1,LCSP_diagnostic,LCSP_anom,NetPath_low_anom,0.001771165728625,-0.166331305963781,(g),Western Pacific,LCSP → Low-cloud pathway,LCSP anomaly,Low-cloud Net CRE contribution (W m$^{-2}$),0.912316677900000,40.363654981700002,0.000000000000000,38.673295156000002,42.060716688799999,True,
2010-02-01,WP,1,LCSP_diagnostic,LCSP_anom,NetPath_low_anom,-0.090133583931130,-3.963844361696450,(g),Western Pacific,LCSP → Low-cloud pathway,LCSP anomaly,Low-cloud Net CRE contribution (W m$^{-2}$),0.912316677900000,40.363654981700002,0.000000000000000,38.673295156000002,42.060716688799999,True,
2010-03-01,WP,1,LCSP_diagnostic,LCSP_anom,NetPath_low_anom,-0.037334998242449,-1.541279256288859,(g),Western Pacific,LCSP → Low-cloud pathway,LCSP anomaly,Low-cloud Net CRE contribution (W m$^{-2}$),0.912316677900000,40.363654981700002,0.000000000000000,38.673295156000002,42.060716688799999,True,
2010-04-01,WP,0,LCSP_diagnostic,LCSP_anom,NetPath_low_anom,-0.014927347833471,-0.583112013967460,(g),Western Pacific,LCSP → Low-cloud pathway,LCSP anomaly,Low-cloud Net CRE contribution (W m$^{-2}$),0.912316677900000,40.363654981700002,0.000000000000000,38.673295156000002,42.060716688799999,True,
2010-05-01,WP,0,LCSP_diagnostic,LCSP_anom,NetPath_low_anom,-0.018287534011891,-0.885403479231866,(g),Western Pacific,LCSP → Low-cloud pathway,LCSP anomaly,Low-cloud Net CRE contribution (W m$^{-2}$),0.912316677900000,40.363654981700002,0.000000000000000,38.673295156000002,42.060716688799999,True,
2010-06-01,WP,-1,LCSP_diagnostic,LCSP_anom,NetPath_low_anom,-0.016288860903256,-0.505486153019344,(g),Western Pacific,LCSP → Low-cloud pathway,LCSP anomaly,Low-cloud Net CRE contribution (W m$^{-2}$),0.912316677900000,40.363654981700002,0.000000000000000,38.673295156000002,42.060716688799999,True,
2010-07-01,WP,-1,LCSP_diagnostic,LCSP_anom,NetPath_low_anom,-0.007394540912385,0.035889000689388,(g),Western Pacific,LCSP → Low-cloud pathway,LCSP anomaly,Low-cloud Net CRE contribution (W m$^{-2}$),0.912316677900000,40.363654981700002,0.000000000000000,38.673295156000002,42.060716688799999,True,
2010-08-01,WP,-1,LCSP_diagnostic,LCSP_anom,NetPath_low_anom,0.011222105905477,0.854674334563974,(g),Western Pacific,LCSP → Low-cloud pathway,LCSP anomaly,Low-cloud Net CRE contribution (W m$^{-2}$),0.912316677900000,40.363654981700002,0.000000000000000,38.673295156000002,42.060716688799999,True,
2010-09-01,WP,-1,LCSP_diagnostic,LCSP_anom,NetPath_low_anom,-0.014946206431542,-0.246040268743668,(g),Western Pacific,LCSP → Low-cloud pathway,LCSP anomaly,Low-cloud Net CRE contribution (W m$^{-2}$),0.912316677900000,40.363654981700002,0.000000000000000,38.673295156000002,42.060716688799999,True,
2010-10-01,WP,-1,LCSP_diagnostic,LCSP_anom,NetPath_low_anom,0.015549294663343,0.364689444246226,(g),Western Pacific,LCSP → Low-cloud pathway,LCSP anomaly,Low-cloud Net CRE contribution (W m$^{-2}$),0.912316677900000,40.363654981700002,0.000000000000000,38.673295156000002,42.060716688799999,True,
2010-11-01,WP,-1,LCSP_diagnostic,LCSP_anom,NetPath_low_anom,0.001586088689877,0.269984499623272,(g),Western Pacific,LCSP → Low-cloud pathway,LCSP anomaly,Low-cloud Net CRE contribution (W m$^{-2}$),0.912316677900000,40.363654981700002,0.000000000000000,38.673295156000002,42.060716688799999,True,
2010-12-01,WP,-1,LCSP_diagnostic,LCSP_anom,NetPath_low_anom,0.017184747152677,0.767840840264433,(g),Western Pacific,LCSP → Low-cloud pathway,LCSP anomaly,Low-cloud Net CRE contribution (W m$^{-2}$),0.912316677900000,40.363654981700002,0.000000000000000,38.673295156000002,42.060716688799999,True,
2011-01-01,WP,-1,LCSP_diagnostic,LCSP_anom,NetPath_low_anom,0.000997636597046,0.317481858660869,(g),Western Pacific,LCSP → Low-cloud pathway,LCSP anomaly,Low-cloud Net CRE contribution (W m$^{-2}$),0.912316677900000,40.363654981700002,0.000000000000000,38.673295156000002,42.060716688799999,True,
2011-02-01,WP,-1,LCSP_diagnostic,LCSP_anom,NetPath_low_anom,0.031239940215765,1.451369445745083,(g),Western Pacific,LCSP → Low-cloud pathway,LCSP anomaly,Low-cloud Net CRE contribution (W m$^{-2}$),0.912316677900000,40.363654981700002,0.000000000000000,38.673295156000002,42.060716688799999,True,
2011-03-01,WP,-1,LCSP_diagnostic,LCSP_anom,NetPath_low_anom,0.022428250157414,0.665099001921940,(g),Western Pacific,LCSP → Low-cloud pathway,LCSP anomaly,Low-cloud Net CRE contribution (W m$^{-2}$),0.912316677900000,40.363654981700002,0.000000000000000,38.673295156000002,42.060716688799999,True,
2011-04-01,WP,-1,LCSP_diagnostic,LCSP_anom,NetPath_low_anom,0.030263288506751,0.856754138596950,(g),Western Pacific,LCSP → Low-cloud pathway,LCSP anomaly,Low-cloud Net CRE contribution (W m$^{-2}$),0.912316677900000,40.363654981700002,0.000000000000000,38.673295156000002,42.060716688799999,True,
2011-05-01,WP,-1,LCSP_diagnostic,LCSP_anom,NetPath_low_anom,0.013981688650774,0.431118374053467,(g),Western Pacific,LCSP → Low-cloud pathway,LCSP anomaly,Low-cloud Net CRE contribution (W m$^{-2}$),0.912316677900000,40.363654981700002,0.000000000000000,38.673295156000002,42.060716688799999,True,
2011-06-01,WP,0,LCSP_diagnostic,LCSP_anom,NetPath_low_anom,0.001776311269373,-0.460340679518052,(g),Western Pacific,LCSP → Low-cloud pathway,LCSP anomaly,Low-cloud Net CRE contribution (W m$^{-2}$),0.912316677900000,40.363654981700002,0.000000000000000,38.673295156000002,42.060716688799999,True,
2011-07-01,WP,0,LCSP_diagnostic,LCSP_anom,NetPath_low_anom,0.011399114326004,0.173145222292096,(g),Western Pacific,LCSP → Low-cloud pathway,LCSP anomaly,Low-cloud Net CRE contribution (W m$^{-2}$),0.912316677900000,40.363654981700002,0.000000000000000,38.673295156000002,42.060716688799999,True,
2011-08-01,WP,-1,LCSP_diagnostic,LCSP_anom,NetPath_low_anom,0.011284231079433,0.099115073157918,(g),Western Pacific,LCSP → Low-cloud pathway,LCSP anomaly,Low-cloud Net CRE contribution (W m$^{-2}$),0.912316677900000,40.363654981700002,0.000000000000000,38.673295156000002,42.060716688799999,True,
2011-09-01,WP,-1,LCSP_diagnostic,LCSP_anom,NetPath_low_anom,0.010819131907422,-0.186506688918800,(g),Western Pacific,LCSP → Low-cloud pathway,LCSP anomaly,Low-cloud Net CRE contribution (W m$^{-2}$),0.912316677900000,40.363654981700002,0.000000000000000,38.673295156000002,42.060716688799999,True,
2011-10-01,WP,-1,LCSP_diagnostic,LCSP_anom,NetPath_low_anom,0.000185875437806,0.022314270104812,(g),Western Pacific,LCSP → Low-cloud pathway,LCSP anomaly,Low-cloud Net CRE contribution (W m$^{-2}$),0.912316677900000,40.363654981700002,0.000000000000000,38.673295156000002,42.060716688799999,True,
2011-11-01,WP,-1,LCSP_diagnostic,LCSP_anom,NetPath_low_anom,-0.009980027599964,-0.616373588721693,(g),Western Pacific,LCSP → Low-cloud pathway,LCSP anomaly,Low-cloud Net CRE contribution (W m$^{-2}$),0.912316677900000,40.363654981700002,0.000000000000000,38.673295156000002,42.060716688799999,True,
2011-12-01,WP,-1,LCSP_diagnostic,LCSP_anom,NetPath_low_anom,0.013890385295009,0.897287961971920,(g),Western Pacific,LCSP → Low-cloud pathway,LCSP anomaly,Low-cloud Net CRE contribution (W m$^{-2}$),0.912316677900000,40.363654981700002,0.000000000000000,38.673295156000002,42.060716688799999,True,
2012-01-01,WP,-1,LCSP_diagnostic,LCSP_anom,NetPath_low_anom,0.000157840987143,0.412075451591416,(g),Western Pacific,LCSP → Low-cloud pathway,LCSP anomaly,Low-cloud Net CRE contribution (W m$^{-2}$),0.912316677900000,40.363654981700002,0.000000000000000,38.673295156000002,42.060716688799999,True,
2012-02-01,WP,-1,LCSP_diagnostic,LCSP_anom,NetPath_low_anom,0.015246781733477,0.905167794830704,(g),Western Pacific,LCSP → Low-cloud pathway,LCSP anomaly,Low-cloud Net CRE contribution (W m$^{-2}$),0.912316677900000,40.363654981700002,0.000000000000000,38.673295156000002,42.060716688799999,True,
2012-03-01,WP,-1,LCSP_diagnostic,LCSP_anom,NetPath_low_anom,0.028741333786747,1.303583491507879,(g),Western Pacific,LCSP → Low-cloud pathway,LCSP anomaly,Low-cloud Net CRE contribution (W m$^{-2}$),0.912316677900000,40.363654981700002,0.000000000000000,38.673295156000002,42.060716688799999,True,
2012-04-01,WP,-1,LCSP_diagnostic,LCSP_anom,NetPath_low_anom,-0.007774523928825,-0.236449292018407,(g),Western Pacific,LCSP → Low-cloud pathway,LCSP anomaly,Low-cloud Net CRE contribution (W m$^{-2}$),0.912316677900000,40.363654981700002,0.000000000000000,38.673295156000002,42.060716688799999,True,
2012-05-01,WP,0,LCSP_diagnostic,LCSP_anom,NetPath_low_anom,0.041654935016435,1.341984534037552,(g),Western Pacific,LCSP → Low-cloud pathway,LCSP anomaly,Low-cloud Net CRE contribution (W m$^{-2}$),0.912316677900000,40.363654981700002,0.000000000000000,38.673295156000002,42.060716688799999,True,
2012-06-01,WP,0,LCSP_diagnostic,LCSP_anom,NetPath_low_anom,0.014581021579549,0.598151431935905,(g),Western Pacific,LCSP → Low-cloud pathway,LCSP anomaly,Low-cloud Net CRE contribution (W m$^{-2}$),0.912316677900000,40.363654981700002,0.000000000000000,38.673295156000002,42.060716688799999,True,
2012-07-01,WP,0,LCSP_diagnostic,LCSP_anom,NetPath_low_anom,0.008592087915744,-0.155470700983924,(g),Western Pacific,LCSP → Low-cloud pathway,LCSP anomaly,Low-cloud Net CRE contribution (W m$^{-2}$),0.912316677900000,40.363654981700002,0.000000000000000,38.673295156000002,42.060716688799999,True,
2012-08-01,WP,1,LCSP_diagnostic,LCSP_anom,NetPath_low_anom,0.006738541805079,-0.377750371479063,(g),Western Pacific,LCSP → Low-cloud pathway,LCSP anomaly,Low-cloud Net CRE contribution (W m$^{-2}$),0.912316677900000,40.363654981700002,0.000000000000000,38.673295156000002,42.060716688799999,True,
2012-09-01,WP,0,LCSP_diagnostic,LCSP_anom,NetPath_low_anom,0.030489420431741,1.209233325122540,(g),Western Pacific,LCSP → Low-cloud pathway,LCSP anomaly,Low-cloud Net CRE contribution (W m$^{-2}$),0.912316677900000,40.363654981700002,0.000000000000000,38.673295156000002,42.060716688799999,True,
2012-10-01,WP,0,LCSP_diagnostic,LCSP_anom,NetPath_low_anom,-0.000411656426314,-0.379904701296815,(g),Western Pacific,LCSP → Low-cloud pathway,LCSP anomaly,Low-cloud Net CRE contribution (W m$^{-2}$),0.912316677900000,40.363654981700002,0.000000000000000,38.673295156000002,42.060716688799999,True,
2012-11-01,WP,0,LCSP_diagnostic,LCSP_anom,NetPath_low_anom,-0.013669696222678,-0.214701208634937,(g),Western Pacific,LCSP → Low-cloud pathway,LCSP anomaly,Low-cloud Net CRE contribution (W m$^{-2}$),0.912316677900000,40.363654981700002,0.000000000000000,38.673295156000002,42.060716688799999,True,
2012-12-01,WP,0,LCSP_diagnostic,LCSP_anom,NetPath_low_anom,-0.021084614023173,-0.522889859826345,(g),Western Pacific,LCSP → Low-cloud pathway,LCSP anomaly,Low-cloud Net CRE contribution (W m$^{-2}$),0.912316677900000,40.363654981700002,0.000000000000000,38.673295156000002,42.060716688799999,True,
2013-01-01,WP,-1,LCSP_diagnostic,LCSP_anom,NetPath_low_anom,0.011982576586925,0.300984756972174,(g),Western Pacific,LCSP → Low-cloud pathway,LCSP anomaly,Low-cloud Net CRE contribution (W m$^{-2}$),0.912316677900000,40.363654981700002,0.000000000000000,38.673295156000002,42.060716688799999,True,
2013-02-01,WP,-1,LCSP_diagnostic,LCSP_anom,NetPath_low_anom,-0.002969679491347,0.027722098690086,(g),Western Pacific,LCSP → Low-cloud pathway,LCSP anomaly,Low-cloud Net CRE contribution (W m$^{-2}$),0.912316677900000,40.363654981700002,0.000000000000000,38.673295156000002,42.060716688799999,True,
2013-03-01,WP,0,LCSP_diagnostic,LCSP_anom,NetPath_low_anom,-0.001752775492323,-0.002185512608635,(g),Western Pacific,LCSP → Low-cloud pathway,LCSP anomaly,Low-cloud Net CRE contribution (W m$^{-2}$),0.912316677900000,40.363654981700002,0.000000000000000,38.673295156000002,42.060716688799999,True,
2013-04-01,WP,0,LCSP_diagnostic,LCSP_anom,NetPath_low_anom,0.013605137880006,0.634029398810539,(g),Western Pacific,LCSP → Low-cloud pathway,LCSP anomaly,Low-cloud Net CRE contribution (W m$^{-2}$),0.912316677900000,40.363654981700002,0.000000000000000,38.673295156000002,42.060716688799999,True,
2013-05-01,WP,0,LCSP_diagnostic,LCSP_anom,NetPath_low_anom,-0.002403222636835,0.033527192504452,(g),Western Pacific,LCSP → Low-cloud pathway,LCSP anomaly,Low-cloud Net CRE contribution (W m$^{-2}$),0.912316677900000,40.363654981700002,0.000000000000000,38.673295156000002,42.060716688799999,True,
2013-06-01,WP,0,LCSP_diagnostic,LCSP_anom,NetPath_low_anom,0.018592786068721,0.709453906540205,(g),Western Pacific,LCSP → Low-cloud pathway,LCSP anomaly,Low-cloud Net CRE contribution (W m$^{-2}$),0.912316677900000,40.363654981700002,0.000000000000000,38.673295156000002,42.060716688799999,True,
2013-07-01,WP,0,LCSP_diagnostic,LCSP_anom,NetPath_low_anom,0.002201294587638,0.115920700903375,(g),Western Pacific,LCSP → Low-cloud pathway,LCSP anomaly,Low-cloud Net CRE contribution (W m$^{-2}$),0.912316677900000,40.363654981700002,0.000000000000000,38.673295156000002,42.060716688799999,True,
2013-08-01,WP,0,LCSP_diagnostic,LCSP_anom,NetPath_low_anom,0.005042913891020,0.411544362486235,(g),Western Pacific,LCSP → Low-cloud pathway,LCSP anomaly,Low-cloud Net CRE contribution (W m$^{-2}$),0.912316677900000,40.363654981700002,0.000000000000000,38.673295156000002,42.060716688799999,True,
2013-09-01,WP,0,LCSP_diagnostic,LCSP_anom,NetPath_low_anom,-0.003786740038257,-0.071858233223401,(g),Western Pacific,LCSP → Low-cloud pathway,LCSP anomaly,Low-cloud Net CRE contribution (W m$^{-2}$),0.912316677900000,40.363654981700002,0.000000000000000,38.673295156000002,42.060716688799999,True,
2013-10-01,WP,0,LCSP_diagnostic,LCSP_anom,NetPath_low_anom,0.013805119823435,0.464409743169225,(g),Western Pacific,LCSP → Low-cloud pathway,LCSP anomaly,Low-cloud Net CRE contribution (W m$^{-2}$),0.912316677900000,40.363654981700002,0.000000000000000,38.673295156000002,42.060716688799999,True,
2013-11-01,WP,0,LCSP_diagnostic,LCSP_anom,NetPath_low_anom,0.005049368319236,0.203323020017208,(g),Western Pacific,LCSP → Low-cloud pathway,LCSP anomaly,Low-cloud Net CRE contribution (W m$^{-2}$),0.912316677900000,40.363654981700002,0.000000000000000,38.673295156000002,42.060716688799999,True,
2013-12-01,WP,0,LCSP_diagnostic,LCSP_anom,NetPath_low_anom,-0.001610198722745,-0.349428591614538,(g),Western Pacific,LCSP → Low-cloud pathway,LCSP anomaly,Low-cloud Net CRE contribution (W m$^{-2}$),0.912316677900000,40.363654981700002,0.000000000000000,38.673295156000002,42.060716688799999,True,
2014-01-01,WP,-1,LCSP_diagnostic,LCSP_anom,NetPath_low_anom,0.033476200016031,1.264679000475864,(g),Western Pacific,LCSP → Low-cloud pathway,LCSP anomaly,Low-cloud Net CRE contribution (W m$^{-2}$),0.912316677900000,40.363654981700002,0.000000000000000,38.673295156000002,42.060716688799999,True,
2014-02-01,WP,-1,LCSP_diagnostic,LCSP_anom,NetPath_low_anom,0.018515139104421,0.831992703206985,(g),Western Pacific,LCSP → Low-cloud pathway,LCSP anomaly,Low-cloud Net CRE contribution (W m$^{-2}$),0.912316677900000,40.363654981700002,0.000000000000000,38.673295156000002,42.060716688799999,True,
2014-03-01,WP,0,LCSP_diagnostic,LCSP_anom,NetPath_low_anom,-0.025805937292293,-1.139984740532835,(g),Western Pacific,LCSP → Low-cloud pathway,LCSP anomaly,Low-cloud Net CRE contribution (W m$^{-2}$),0.912316677900000,40.363654981700002,0.000000000000000,38.673295156000002,42.060716688799999,True,
2014-04-01,WP,0,LCSP_diagnostic,LCSP_anom,NetPath_low_anom,0.011860196994093,0.302284656197723,(g),Western Pacific,LCSP → Low-cloud pathway,LCSP anomaly,Low-cloud Net CRE contribution (W m$^{-2}$),0.912316677900000,40.363654981700002,0.000000000000000,38.673295156000002,42.060716688799999,True,
2014-05-01,WP,0,LCSP_diagnostic,LCSP_anom,NetPath_low_anom,-0.010639202503328,-0.278339752510153,(g),Western Pacific,LCSP → Low-cloud pathway,LCSP anomaly,Low-cloud Net CRE contribution (W m$^{-2}$),0.912316677900000,40.363654981700002,0.000000000000000,38.673295156000002,42.060716688799999,True,
2014-06-01,WP,0,LCSP_diagnostic,LCSP_anom,NetPath_low_anom,0.003935360525453,-0.224044032510744,(g),Western Pacific,LCSP → Low-cloud pathway,LCSP anomaly,Low-cloud Net CRE contribution (W m$^{-2}$),0.912316677900000,40.363654981700002,0.000000000000000,38.673295156000002,42.060716688799999,True,
2014-07-01,WP,0,LCSP_diagnostic,LCSP_anom,NetPath_low_anom,0.006261286205670,0.274129775600976,(g),Western Pacific,LCSP → Low-cloud pathway,LCSP anomaly,Low-cloud Net CRE contribution (W m$^{-2}$),0.912316677900000,40.363654981700002,0.000000000000000,38.673295156000002,42.060716688799999,True,
2014-08-01,WP,0,LCSP_diagnostic,LCSP_anom,NetPath_low_anom,-0.016439407096342,-1.289448164461007,(g),Western Pacific,LCSP → Low-cloud pathway,LCSP anomaly,Low-cloud Net CRE contribution (W m$^{-2}$),0.912316677900000,40.363654981700002,0.000000000000000,38.673295156000002,42.060716688799999,True,
2014-09-01,WP,0,LCSP_diagnostic,LCSP_anom,NetPath_low_anom,0.024991374250748,1.004161674814015,(g),Western Pacific,LCSP → Low-cloud pathway,LCSP anomaly,Low-cloud Net CRE contribution (W m$^{-2}$),0.912316677900000,40.363654981700002,0.000000000000000,38.673295156000002,42.060716688799999,True,
2014-10-01,WP,1,LCSP_diagnostic,LCSP_anom,NetPath_low_anom,-0.004608908507135,-0.057886489830794,(g),Western Pacific,LCSP → Low-cloud pathway,LCSP anomaly,Low-cloud Net CRE contribution (W m$^{-2}$),0.912316677900000,40.363654981700002,0.000000000000000,38.673295156000002,42.060716688799999,True,
2014-11-01,WP,1,LCSP_diagnostic,LCSP_anom,NetPath_low_anom,-0.012937229631427,-0.421019928208769,(g),Western Pacific,LCSP → Low-cloud pathway,LCSP anomaly,Low-cloud Net CRE contribution (W m$^{-2}$),0.912316677900000,40.363654981700002,0.000000000000000,38.673295156000002,42.060716688799999,True,
2014-12-01,WP,1,LCSP_diagnostic,LCSP_anom,NetPath_low_anom,0.011192561419717,0.385085039494316,(g),Western Pacific,LCSP → Low-cloud pathway,LCSP anomaly,Low-cloud Net CRE contribution (W m$^{-2}$),0.912316677900000,40.363654981700002,0.000000000000000,38.673295156000002,42.060716688799999,True,
2015-01-01,WP,1,LCSP_diagnostic,LCSP_anom,NetPath_low_anom,0.007129078399058,0.235789304119548,(g),Western Pacific,LCSP → Low-cloud pathway,LCSP anomaly,Low-cloud Net CRE contribution (W m$^{-2}$),0.912316677900000,40.363654981700002,0.000000000000000,38.673295156000002,42.060716688799999,True,
2015-02-01,WP,0,LCSP_diagnostic,LCSP_anom,NetPath_low_anom,0.003627951502633,-0.328073326348239,(g),Western Pacific,LCSP → Low-cloud pathway,LCSP anomaly,Low-cloud Net CRE contribution (W m$^{-2}$),0.912316677900000,40.363654981700002,0.000000000000000,38.673295156000002,42.060716688799999,True,
2015-03-01,WP,1,LCSP_diagnostic,LCSP_anom,NetPath_low_anom,-0.020776043673559,-0.871171717624342,(g),Western Pacific,LCSP → Low-cloud pathway,LCSP anomaly,Low-cloud Net CRE contribution (W m$^{-2}$),0.912316677900000,40.363654981700002,0.000000000000000,38.673295156000002,42.060716688799999,True,
2015-04-01,WP,1,LCSP_diagnostic,LCSP_anom,NetPath_low_anom,-0.021704251731502,-0.862364609186272,(g),Western Pacific,LCSP → Low-cloud pathway,LCSP anomaly,Low-cloud Net CRE contribution (W m$^{-2}$),0.912316677900000,40.363654981700002,0.000000000000000,38.673295156000002,42.060716688799999,True,
2015-05-01,WP,1,LCSP_diagnostic,LCSP_anom,NetPath_low_anom,-0.018322823875269,-0.645306058846710,(g),Western Pacific,LCSP → Low-cloud pathway,LCSP anomaly,Low-cloud Net CRE contribution (W m$^{-2}$),0.912316677900000,40.363654981700002,0.000000000000000,38.673295156000002,42.060716688799999,True,
2015-06-01,WP,1,LCSP_diagnostic,LCSP_anom,NetPath_low_anom,0.000561699974759,-0.153505287642264,(g),Western Pacific,LCSP → Low-cloud pathway,LCSP anomaly,Low-cloud Net CRE contribution (W m$^{-2}$),0.912316677900000,40.363654981700002,0.000000000000000,38.673295156000002,42.060716688799999,True,
2015-07-01,WP,1,LCSP_diagnostic,LCSP_anom,NetPath_low_anom,-0.050360550209391,-1.754732279909636,(g),Western Pacific,LCSP → Low-cloud pathway,LCSP anomaly,Low-cloud Net CRE contribution (W m$^{-2}$),0.912316677900000,40.363654981700002,0.000000000000000,38.673295156000002,42.060716688799999,True,
2015-08-01,WP,1,LCSP_diagnostic,LCSP_anom,NetPath_low_anom,-0.027597935515702,-1.009683532708235,(g),Western Pacific,LCSP → Low-cloud pathway,LCSP anomaly,Low-cloud Net CRE contribution (W m$^{-2}$),0.912316677900000,40.363654981700002,0.000000000000000,38.673295156000002,42.060716688799999,True,
2015-09-01,WP,1,LCSP_diagnostic,LCSP_anom,NetPath_low_anom,-0.038968562115101,-1.453458366194295,(g),Western Pacific,LCSP → Low-cloud pathway,LCSP anomaly,Low-cloud Net CRE contribution (W m$^{-2}$),0.912316677900000,40.363654981700002,0.000000000000000,38.673295156000002,42.060716688799999,True,
2015-10-01,WP,1,LCSP_diagnostic,LCSP_anom,NetPath_low_anom,-0.082539444285447,-2.867973092956819,(g),Western Pacific,LCSP → Low-cloud pathway,LCSP anomaly,Low-cloud Net CRE contribution (W m$^{-2}$),0.912316677900000,40.363654981700002,0.000000000000000,38.673295156000002,42.060716688799999,True,
2015-11-01,WP,1,LCSP_diagnostic,LCSP_anom,NetPath_low_anom,-0.043462431414894,-1.647063363857773,(g),Western Pacific,LCSP → Low-cloud pathway,LCSP anomaly,Low-cloud Net CRE contribution (W m$^{-2}$),0.912316677900000,40.363654981700002,0.000000000000000,38.673295156000002,42.060716688799999,True,
2015-12-01,WP,1,LCSP_diagnostic,LCSP_anom,NetPath_low_anom,-0.040824260142510,-1.444690168249213,(g),Western Pacific,LCSP → Low-cloud pathway,LCSP anomaly,Low-cloud Net CRE contribution (W m$^{-2}$),0.912316677900000,40.363654981700002,0.000000000000000,38.673295156000002,42.060716688799999,True,
2016-01-01,WP,1,LCSP_diagnostic,LCSP_anom,NetPath_low_anom,-0.095547282729788,-3.813502344937482,(g),Western Pacific,LCSP → Low-cloud pathway,LCSP anomaly,Low-cloud Net CRE contribution (W m$^{-2}$),0.912316677900000,40.363654981700002,0.000000000000000,38.673295156000002,42.060716688799999,True,
2016-02-01,WP,1,LCSP_diagnostic,LCSP_anom,NetPath_low_anom,-0.049469821299163,-2.166901057406510,(g),Western Pacific,LCSP → Low-cloud pathway,LCSP anomaly,Low-cloud Net CRE contribution (W m$^{-2}$),0.912316677900000,40.363654981700002,0.000000000000000,38.673295156000002,42.060716688799999,True,
2016-03-01,WP,1,LCSP_diagnostic,LCSP_anom,NetPath_low_anom,-0.034043954867204,-1.486305724096856,(g),Western Pacific,LCSP → Low-cloud pathway,LCSP anomaly,Low-cloud Net CRE contribution (W m$^{-2}$),0.912316677900000,40.363654981700002,0.000000000000000,38.673295156000002,42.060716688799999,True,
2016-04-01,WP,1,LCSP_diagnostic,LCSP_anom,NetPath_low_anom,-0.045555714561982,-1.795651048707040,(g),Western Pacific,LCSP → Low-cloud pathway,LCSP anomaly,Low-cloud Net CRE contribution (W m$^{-2}$),0.912316677900000,40.363654981700002,0.000000000000000,38.673295156000002,42.060716688799999,True,
2016-05-01,WP,0,LCSP_diagnostic,LCSP_anom,NetPath_low_anom,-0.009904584793425,-0.124731833356373,(g),Western Pacific,LCSP → Low-cloud pathway,LCSP anomaly,Low-cloud Net CRE contribution (W m$^{-2}$),0.912316677900000,40.363654981700002,0.000000000000000,38.673295156000002,42.060716688799999,True,
2016-06-01,WP,0,LCSP_diagnostic,LCSP_anom,NetPath_low_anom,0.002035043607180,0.379007110313394,(g),Western Pacific,LCSP → Low-cloud pathway,LCSP anomaly,Low-cloud Net CRE contribution (W m$^{-2}$),0.912316677900000,40.363654981700002,0.000000000000000,38.673295156000002,42.060716688799999,True,
2016-07-01,WP,-1,LCSP_diagnostic,LCSP_anom,NetPath_low_anom,0.008350844935340,0.600239231970439,(g),Western Pacific,LCSP → Low-cloud pathway,LCSP anomaly,Low-cloud Net CRE contribution (W m$^{-2}$),0.912316677900000,40.363654981700002,0.000000000000000,38.673295156000002,42.060716688799999,True,
2016-08-01,WP,-1,LCSP_diagnostic,LCSP_anom,NetPath_low_anom,0.013819123423953,1.028110316123221,(g),Western Pacific,LCSP → Low-cloud pathway,LCSP anomaly,Low-cloud Net CRE contribution (W m$^{-2}$),0.912316677900000,40.363654981700002,0.000000000000000,38.673295156000002,42.060716688799999,True,
2016-09-01,WP,-1,LCSP_diagnostic,LCSP_anom,NetPath_low_anom,0.020914805549625,0.997060739144321,(g),Western Pacific,LCSP → Low-cloud pathway,LCSP anomaly,Low-cloud Net CRE contribution (W m$^{-2}$),0.912316677900000,40.363654981700002,0.000000000000000,38.673295156000002,42.060716688799999,True,
2016-10-01,WP,-1,LCSP_diagnostic,LCSP_anom,NetPath_low_anom,0.022787387036813,0.855330921331981,(g),Western Pacific,LCSP → Low-cloud pathway,LCSP anomaly,Low-cloud Net CRE contribution (W m$^{-2}$),0.912316677900000,40.363654981700002,0.000000000000000,38.673295156000002,42.060716688799999,True,
2016-11-01,WP,-1,LCSP_diagnostic,LCSP_anom,NetPath_low_anom,0.027844891980766,1.193494194972458,(g),Western Pacific,LCSP → Low-cloud pathway,LCSP anomaly,Low-cloud Net CRE contribution (W m$^{-2}$),0.912316677900000,40.363654981700002,0.000000000000000,38.673295156000002,42.060716688799999,True,
2016-12-01,WP,-1,LCSP_diagnostic,LCSP_anom,NetPath_low_anom,0.013581354891095,0.604929414271833,(g),Western Pacific,LCSP → Low-cloud pathway,LCSP anomaly,Low-cloud Net CRE contribution (W m$^{-2}$),0.912316677900000,40.363654981700002,0.000000000000000,38.673295156000002,42.060716688799999,True,
2017-01-01,WP,0,LCSP_diagnostic,LCSP_anom,NetPath_low_anom,0.020026791320106,0.768154890390143,(g),Western Pacific,LCSP → Low-cloud pathway,LCSP anomaly,Low-cloud Net CRE contribution (W m$^{-2}$),0.912316677900000,40.363654981700002,0.000000000000000,38.673295156000002,42.060716688799999,True,
2017-02-01,WP,0,LCSP_diagnostic,LCSP_anom,NetPath_low_anom,0.032438051422484,1.099444480792116,(g),Western Pacific,LCSP → Low-cloud pathway,LCSP anomaly,Low-cloud Net CRE contribution (W m$^{-2}$),0.912316677900000,40.363654981700002,0.000000000000000,38.673295156000002,42.060716688799999,True,
2017-03-01,WP,0,LCSP_diagnostic,LCSP_anom,NetPath_low_anom,0.036150565532256,1.304341939898454,(g),Western Pacific,LCSP → Low-cloud pathway,LCSP anomaly,Low-cloud Net CRE contribution (W m$^{-2}$),0.912316677900000,40.363654981700002,0.000000000000000,38.673295156000002,42.060716688799999,True,
2017-04-01,WP,0,LCSP_diagnostic,LCSP_anom,NetPath_low_anom,0.022327135207624,0.766744231934147,(g),Western Pacific,LCSP → Low-cloud pathway,LCSP anomaly,Low-cloud Net CRE contribution (W m$^{-2}$),0.912316677900000,40.363654981700002,0.000000000000000,38.673295156000002,42.060716688799999,True,
2017-05-01,WP,0,LCSP_diagnostic,LCSP_anom,NetPath_low_anom,-0.014470142614985,-0.454657860302196,(g),Western Pacific,LCSP → Low-cloud pathway,LCSP anomaly,Low-cloud Net CRE contribution (W m$^{-2}$),0.912316677900000,40.363654981700002,0.000000000000000,38.673295156000002,42.060716688799999,True,
2017-06-01,WP,0,LCSP_diagnostic,LCSP_anom,NetPath_low_anom,0.008803256222410,0.288950584599756,(g),Western Pacific,LCSP → Low-cloud pathway,LCSP anomaly,Low-cloud Net CRE contribution (W m$^{-2}$),0.912316677900000,40.363654981700002,0.000000000000000,38.673295156000002,42.060716688799999,True,
2017-07-01,WP,0,LCSP_diagnostic,LCSP_anom,NetPath_low_anom,0.021745355720458,1.042647168351768,(g),Western Pacific,LCSP → Low-cloud pathway,LCSP anomaly,Low-cloud Net CRE contribution (W m$^{-2}$),0.912316677900000,40.363654981700002,0.000000000000000,38.673295156000002,42.060716688799999,True,
2017-08-01,WP,0,LCSP_diagnostic,LCSP_anom,NetPath_low_anom,-0.008249391625892,-0.507939099136195,(g),Western Pacific,LCSP → Low-cloud pathway,LCSP anomaly,Low-cloud Net CRE contribution (W m$^{-2}$),0.912316677900000,40.363654981700002,0.000000000000000,38.673295156000002,42.060716688799999,True,
2017-09-01,WP,0,LCSP_diagnostic,LCSP_anom,NetPath_low_anom,0.005465944225843,-0.262501116501580,(g),Western Pacific,LCSP → Low-cloud pathway,LCSP anomaly,Low-cloud Net CRE contribution (W m$^{-2}$),0.912316677900000,40.363654981700002,0.000000000000000,38.673295156000002,42.060716688799999,True,
2017-10-01,WP,-1,LCSP_diagnostic,LCSP_anom,NetPath_low_anom,0.018032616213098,0.331369441591151,(g),Western Pacific,LCSP → Low-cloud pathway,LCSP anomaly,Low-cloud Net CRE contribution (W m$^{-2}$),0.912316677900000,40.363654981700002,0.000000000000000,38.673295156000002,42.060716688799999,True,
2017-11-01,WP,-1,LCSP_diagnostic,LCSP_anom,NetPath_low_anom,0.010449421760774,0.103155676265528,(g),Western Pacific,LCSP → Low-cloud pathway,LCSP anomaly,Low-cloud Net CRE contribution (W m$^{-2}$),0.912316677900000,40.363654981700002,0.000000000000000,38.673295156000002,42.060716688799999,True,
2017-12-01,WP,-1,LCSP_diagnostic,LCSP_anom,NetPath_low_anom,0.019290677030238,0.557626810161060,(g),Western Pacific,LCSP → Low-cloud pathway,LCSP anomaly,Low-cloud Net CRE contribution (W m$^{-2}$),0.912316677900000,40.363654981700002,0.000000000000000,38.673295156000002,42.060716688799999,True,
2018-01-01,WP,-1,LCSP_diagnostic,LCSP_anom,NetPath_low_anom,0.022593173063552,0.975121066573792,(g),Western Pacific,LCSP → Low-cloud pathway,LCSP anomaly,Low-cloud Net CRE contribution (W m$^{-2}$),0.912316677900000,40.363654981700002,0.000000000000000,38.673295156000002,42.060716688799999,True,
2018-02-01,WP,-1,LCSP_diagnostic,LCSP_anom,NetPath_low_anom,0.004811759236703,0.099024572381079,(g),Western Pacific,LCSP → Low-cloud pathway,LCSP anomaly,Low-cloud Net CRE contribution (W m$^{-2}$),0.912316677900000,40.363654981700002,0.000000000000000,38.673295156000002,42.060716688799999,True,
2018-03-01,WP,-1,LCSP_diagnostic,LCSP_anom,NetPath_low_anom,0.011267479774707,0.612938007291225,(g),Western Pacific,LCSP → Low-cloud pathway,LCSP anomaly,Low-cloud Net CRE contribution (W m$^{-2}$),0.912316677900000,40.363654981700002,0.000000000000000,38.673295156000002,42.060716688799999,True,
2018-04-01,WP,-1,LCSP_diagnostic,LCSP_anom,NetPath_low_anom,-0.004059462459069,-0.082238827437267,(g),Western Pacific,LCSP → Low-cloud pathway,LCSP anomaly,Low-cloud Net CRE contribution (W m$^{-2}$),0.912316677900000,40.363654981700002,0.000000000000000,38.673295156000002,42.060716688799999,True,
2018-05-01,WP,0,LCSP_diagnostic,LCSP_anom,NetPath_low_anom,-0.007020502438666,-0.517042457018306,(g),Western Pacific,LCSP → Low-cloud pathway,LCSP anomaly,Low-cloud Net CRE contribution (W m$^{-2}$),0.912316677900000,40.363654981700002,0.000000000000000,38.673295156000002,42.060716688799999,True,
2018-06-01,WP,0,LCSP_diagnostic,LCSP_anom,NetPath_low_anom,-0.013659451603278,-0.640596841245647,(g),Western Pacific,LCSP → Low-cloud pathway,LCSP anomaly,Low-cloud Net CRE contribution (W m$^{-2}$),0.912316677900000,40.363654981700002,0.000000000000000,38.673295156000002,42.060716688799999,True,
2018-07-01,WP,0,LCSP_diagnostic,LCSP_anom,NetPath_low_anom,0.018697247437879,0.799595724224462,(g),Western Pacific,LCSP → Low-cloud pathway,LCSP anomaly,Low-cloud Net CRE contribution (W m$^{-2}$),0.912316677900000,40.363654981700002,0.000000000000000,38.673295156000002,42.060716688799999,True,
2018-08-01,WP,0,LCSP_diagnostic,LCSP_anom,NetPath_low_anom,0.017509004222275,1.035182417955257,(g),Western Pacific,LCSP → Low-cloud pathway,LCSP anomaly,Low-cloud Net CRE contribution (W m$^{-2}$),0.912316677900000,40.363654981700002,0.000000000000000,38.673295156000002,42.060716688799999,True,
2018-09-01,WP,1,LCSP_diagnostic,LCSP_anom,NetPath_low_anom,0.005786563974264,0.382594922823403,(g),Western Pacific,LCSP → Low-cloud pathway,LCSP anomaly,Low-cloud Net CRE contribution (W m$^{-2}$),0.912316677900000,40.363654981700002,0.000000000000000,38.673295156000002,42.060716688799999,True,
2018-10-01,WP,1,LCSP_diagnostic,LCSP_anom,NetPath_low_anom,-0.008329549622763,-0.353741386280833,(g),Western Pacific,LCSP → Low-cloud pathway,LCSP anomaly,Low-cloud Net CRE contribution (W m$^{-2}$),0.912316677900000,40.363654981700002,0.000000000000000,38.673295156000002,42.060716688799999,True,
2018-11-01,WP,1,LCSP_diagnostic,LCSP_anom,NetPath_low_anom,-0.007346306794871,-0.297000729088052,(g),Western Pacific,LCSP → Low-cloud pathway,LCSP anomaly,Low-cloud Net CRE contribution (W m$^{-2}$),0.912316677900000,40.363654981700002,0.000000000000000,38.673295156000002,42.060716688799999,True,
2018-12-01,WP,1,LCSP_diagnostic,LCSP_anom,NetPath_low_anom,0.008600899724188,0.484228352678307,(g),Western Pacific,LCSP → Low-cloud pathway,LCSP anomaly,Low-cloud Net CRE contribution (W m$^{-2}$),0.912316677900000,40.363654981700002,0.000000000000000,38.673295156000002,42.060716688799999,True,
2019-01-01,WP,1,LCSP_diagnostic,LCSP_anom,NetPath_low_anom,0.000831015400043,-0.511718326136406,(g),Western Pacific,LCSP → Low-cloud pathway,LCSP anomaly,Low-cloud Net CRE contribution (W m$^{-2}$),0.912316677900000,40.363654981700002,0.000000000000000,38.673295156000002,42.060716688799999,True,
2019-02-01,WP,1,LCSP_diagnostic,LCSP_anom,NetPath_low_anom,-0.050528151725351,-1.675614445780182,(g),Western Pacific,LCSP → Low-cloud pathway,LCSP anomaly,Low-cloud Net CRE contribution (W m$^{-2}$),0.912316677900000,40.363654981700002,0.000000000000000,38.673295156000002,42.060716688799999,True,
2019-03-01,WP,1,LCSP_diagnostic,LCSP_anom,NetPath_low_anom,-0.001251587141950,-0.382350929593825,(g),Western Pacific,LCSP → Low-cloud pathway,LCSP anomaly,Low-cloud Net CRE contribution (W m$^{-2}$),0.912316677900000,40.363654981700002,0.000000000000000,38.673295156000002,42.060716688799999,True,
2019-04-01,WP,1,LCSP_diagnostic,LCSP_anom,NetPath_low_anom,-0.007280300097930,-0.557015974205703,(g),Western Pacific,LCSP → Low-cloud pathway,LCSP anomaly,Low-cloud Net CRE contribution (W m$^{-2}$),0.912316677900000,40.363654981700002,0.000000000000000,38.673295156000002,42.060716688799999,True,
2019-05-01,WP,1,LCSP_diagnostic,LCSP_anom,NetPath_low_anom,-0.009974195100198,-0.351464241588184,(g),Western Pacific,LCSP → Low-cloud pathway,LCSP anomaly,Low-cloud Net CRE contribution (W m$^{-2}$),0.912316677900000,40.363654981700002,0.000000000000000,38.673295156000002,42.060716688799999,True,
2019-06-01,WP,1,LCSP_diagnostic,LCSP_anom,NetPath_low_anom,-0.008743404506647,-1.025668874338514,(g),Western Pacific,LCSP → Low-cloud pathway,LCSP anomaly,Low-cloud Net CRE contribution (W m$^{-2}$),0.912316677900000,40.363654981700002,0.000000000000000,38.673295156000002,42.060716688799999,True,
2019-07-01,WP,0,LCSP_diagnostic,LCSP_anom,NetPath_low_anom,-0.010219654305315,-0.577940793137252,(g),Western Pacific,LCSP → Low-cloud pathway,LCSP anomaly,Low-cloud Net CRE contribution (W m$^{-2}$),0.912316677900000,40.363654981700002,0.000000000000000,38.673295156000002,42.060716688799999,True,
2019-08-01,WP,0,LCSP_diagnostic,LCSP_anom,NetPath_low_anom,0.006786299157161,0.027131463946767,(g),Western Pacific,LCSP → Low-cloud pathway,LCSP anomaly,Low-cloud Net CRE contribution (W m$^{-2}$),0.912316677900000,40.363654981700002,0.000000000000000,38.673295156000002,42.060716688799999,True,
2019-09-01,WP,0,LCSP_diagnostic,LCSP_anom,NetPath_low_anom,-0.031960676755790,-1.628643142282240,(g),Western Pacific,LCSP → Low-cloud pathway,LCSP anomaly,Low-cloud Net CRE contribution (W m$^{-2}$),0.912316677900000,40.363654981700002,0.000000000000000,38.673295156000002,42.060716688799999,True,
2019-10-01,WP,1,LCSP_diagnostic,LCSP_anom,NetPath_low_anom,-0.002503422419627,-0.253424098093568,(g),Western Pacific,LCSP → Low-cloud pathway,LCSP anomaly,Low-cloud Net CRE contribution (W m$^{-2}$),0.912316677900000,40.363654981700002,0.000000000000000,38.673295156000002,42.060716688799999,True,
2019-11-01,WP,1,LCSP_diagnostic,LCSP_anom,NetPath_low_anom,0.016198231751299,0.661939471653230,(g),Western Pacific,LCSP → Low-cloud pathway,LCSP anomaly,Low-cloud Net CRE contribution (W m$^{-2}$),0.912316677900000,40.363654981700002,0.000000000000000,38.673295156000002,42.060716688799999,True,
2019-12-01,WP,1,LCSP_diagnostic,LCSP_anom,NetPath_low_anom,-0.038195687315731,-1.238560043034609,(g),Western Pacific,LCSP → Low-cloud pathway,LCSP anomaly,Low-cloud Net CRE contribution (W m$^{-2}$),0.912316677900000,40.363654981700002,0.000000000000000,38.673295156000002,42.060716688799999,True,
2020-01-01,WP,1,LCSP_diagnostic,LCSP_anom,NetPath_low_anom,-0.049076445984359,-1.995105271195763,(g),Western Pacific,LCSP → Low-cloud pathway,LCSP anomaly,Low-cloud Net CRE contribution (W m$^{-2}$),0.912316677900000,40.363654981700002,0.000000000000000,38.673295156000002,42.060716688799999,True,
2020-02-01,WP,0,LCSP_diagnostic,LCSP_anom,NetPath_low_anom,-0.043228722779258,-1.657081959766749,(g),Western Pacific,LCSP → Low-cloud pathway,LCSP anomaly,Low-cloud Net CRE contribution (W m$^{-2}$),0.912316677900000,40.363654981700002,0.000000000000000,38.673295156000002,42.060716688799999,True,
2020-03-01,WP,1,LCSP_diagnostic,LCSP_anom,NetPath_low_anom,-0.011349750622994,-0.084747792469979,(g),Western Pacific,LCSP → Low-cloud pathway,LCSP anomaly,Low-cloud Net CRE contribution (W m$^{-2}$),0.912316677900000,40.363654981700002,0.000000000000000,38.673295156000002,42.060716688799999,True,
2020-04-01,WP,0,LCSP_diagnostic,LCSP_anom,NetPath_low_anom,-0.016015576410824,-0.412660810912975,(g),Western Pacific,LCSP → Low-cloud pathway,LCSP anomaly,Low-cloud Net CRE contribution (W m$^{-2}$),0.912316677900000,40.363654981700002,0.000000000000000,38.673295156000002,42.060716688799999,True,
2020-05-01,WP,0,LCSP_diagnostic,LCSP_anom,NetPath_low_anom,-0.025364069116251,-1.199963675902606,(g),Western Pacific,LCSP → Low-cloud pathway,LCSP anomaly,Low-cloud Net CRE contribution (W m$^{-2}$),0.912316677900000,40.363654981700002,0.000000000000000,38.673295156000002,42.060716688799999,True,
2020-06-01,WP,0,LCSP_diagnostic,LCSP_anom,NetPath_low_anom,-0.017418518075740,-0.415026398490898,(g),Western Pacific,LCSP → Low-cloud pathway,LCSP anomaly,Low-cloud Net CRE contribution (W m$^{-2}$),0.912316677900000,40.363654981700002,0.000000000000000,38.673295156000002,42.060716688799999,True,
2020-07-01,WP,0,LCSP_diagnostic,LCSP_anom,NetPath_low_anom,-0.018755885375145,-0.846676049340502,(g),Western Pacific,LCSP → Low-cloud pathway,LCSP anomaly,Low-cloud Net CRE contribution (W m$^{-2}$),0.912316677900000,40.363654981700002,0.000000000000000,38.673295156000002,42.060716688799999,True,
2020-08-01,WP,-1,LCSP_diagnostic,LCSP_anom,NetPath_low_anom,0.002571984299315,0.353813493188737,(g),Western Pacific,LCSP → Low-cloud pathway,LCSP anomaly,Low-cloud Net CRE contribution (W m$^{-2}$),0.912316677900000,40.363654981700002,0.000000000000000,38.673295156000002,42.060716688799999,True,
2020-09-01,WP,-1,LCSP_diagnostic,LCSP_anom,NetPath_low_anom,-0.011943291331820,-0.682854787481082,(g),Western Pacific,LCSP → Low-cloud pathway,LCSP anomaly,Low-cloud Net CRE contribution (W m$^{-2}$),0.912316677900000,40.363654981700002,0.000000000000000,38.673295156000002,42.060716688799999,True,
2020-10-01,WP,-1,LCSP_diagnostic,LCSP_anom,NetPath_low_anom,0.013582222968814,0.292414018946986,(g),Western Pacific,LCSP → Low-cloud pathway,LCSP anomaly,Low-cloud Net CRE contribution (W m$^{-2}$),0.912316677900000,40.363654981700002,0.000000000000000,38.673295156000002,42.060716688799999,True,
2020-11-01,WP,-1,LCSP_diagnostic,LCSP_anom,NetPath_low_anom,0.007975127002642,0.457109136160283,(g),Western Pacific,LCSP → Low-cloud pathway,LCSP anomaly,Low-cloud Net CRE contribution (W m$^{-2}$),0.912316677900000,40.363654981700002,0.000000000000000,38.673295156000002,42.060716688799999,True,
2020-12-01,WP,-1,LCSP_diagnostic,LCSP_anom,NetPath_low_anom,0.016468534032825,0.796318939425970,(g),Western Pacific,LCSP → Low-cloud pathway,LCSP anomaly,Low-cloud Net CRE contribution (W m$^{-2}$),0.912316677900000,40.363654981700002,0.000000000000000,38.673295156000002,42.060716688799999,True,
2021-01-01,WP,-1,LCSP_diagnostic,LCSP_anom,NetPath_low_anom,0.022887859516915,1.327079026676293,(g),Western Pacific,LCSP → Low-cloud pathway,LCSP anomaly,Low-cloud Net CRE contribution (W m$^{-2}$),0.912316677900000,40.363654981700002,0.000000000000000,38.673295156000002,42.060716688799999,True,
2021-02-01,WP,-1,LCSP_diagnostic,LCSP_anom,NetPath_low_anom,0.039304541714440,1.637225046228401,(g),Western Pacific,LCSP → Low-cloud pathway,LCSP anomaly,Low-cloud Net CRE contribution (W m$^{-2}$),0.912316677900000,40.363654981700002,0.000000000000000,38.673295156000002,42.060716688799999,True,
2021-03-01,WP,-1,LCSP_diagnostic,LCSP_anom,NetPath_low_anom,0.008646793363111,0.699083120175851,(g),Western Pacific,LCSP → Low-cloud pathway,LCSP anomaly,Low-cloud Net CRE contribution (W m$^{-2}$),0.912316677900000,40.363654981700002,0.000000000000000,38.673295156000002,42.060716688799999,True,
2021-04-01,WP,-1,LCSP_diagnostic,LCSP_anom,NetPath_low_anom,0.029343061905211,1.007178548105925,(g),Western Pacific,LCSP → Low-cloud pathway,LCSP anomaly,Low-cloud Net CRE contribution (W m$^{-2}$),0.912316677900000,40.363654981700002,0.000000000000000,38.673295156000002,42.060716688799999,True,
2021-05-01,WP,-1,LCSP_diagnostic,LCSP_anom,NetPath_low_anom,0.002404791975259,0.136856954238806,(g),Western Pacific,LCSP → Low-cloud pathway,LCSP anomaly,Low-cloud Net CRE contribution (W m$^{-2}$),0.912316677900000,40.363654981700002,0.000000000000000,38.673295156000002,42.060716688799999,True,
2021-06-01,WP,0,LCSP_diagnostic,LCSP_anom,NetPath_low_anom,-0.003355664389570,0.183684643418029,(g),Western Pacific,LCSP → Low-cloud pathway,LCSP anomaly,Low-cloud Net CRE contribution (W m$^{-2}$),0.912316677900000,40.363654981700002,0.000000000000000,38.673295156000002,42.060716688799999,True,
2021-07-01,WP,0,LCSP_diagnostic,LCSP_anom,NetPath_low_anom,0.026914748555566,1.655479122293995,(g),Western Pacific,LCSP → Low-cloud pathway,LCSP anomaly,Low-cloud Net CRE contribution (W m$^{-2}$),0.912316677900000,40.363654981700002,0.000000000000000,38.673295156000002,42.060716688799999,True,
2021-08-01,WP,-1,LCSP_diagnostic,LCSP_anom,NetPath_low_anom,0.001509126628903,0.602382845151343,(g),Western Pacific,LCSP → Low-cloud pathway,LCSP anomaly,Low-cloud Net CRE contribution (W m$^{-2}$),0.912316677900000,40.363654981700002,0.000000000000000,38.673295156000002,42.060716688799999,True,
2021-09-01,WP,-1,LCSP_diagnostic,LCSP_anom,NetPath_low_anom,0.000182229219289,0.145907116170623,(g),Western Pacific,LCSP → Low-cloud pathway,LCSP anomaly,Low-cloud Net CRE contribution (W m$^{-2}$),0.912316677900000,40.363654981700002,0.000000000000000,38.673295156000002,42.060716688799999,True,
2021-10-01,WP,-1,LCSP_diagnostic,LCSP_anom,NetPath_low_anom,0.014985563081800,0.952666000775845,(g),Western Pacific,LCSP → Low-cloud pathway,LCSP anomaly,Low-cloud Net CRE contribution (W m$^{-2}$),0.912316677900000,40.363654981700002,0.000000000000000,38.673295156000002,42.060716688799999,True,
2021-11-01,WP,-1,LCSP_diagnostic,LCSP_anom,NetPath_low_anom,0.002398867851451,0.102977765672097,(g),Western Pacific,LCSP → Low-cloud pathway,LCSP anomaly,Low-cloud Net CRE contribution (W m$^{-2}$),0.912316677900000,40.363654981700002,0.000000000000000,38.673295156000002,42.060716688799999,True,
2021-12-01,WP,-1,LCSP_diagnostic,LCSP_anom,NetPath_low_anom,0.035070359501145,1.315830386883634,(g),Western Pacific,LCSP → Low-cloud pathway,LCSP anomaly,Low-cloud Net CRE contribution (W m$^{-2}$),0.912316677900000,40.363654981700002,0.000000000000000,38.673295156000002,42.060716688799999,True,
2022-01-01,WP,-1,LCSP_diagnostic,LCSP_anom,NetPath_low_anom,0.006960925759264,0.597856468965419,(g),Western Pacific,LCSP → Low-cloud pathway,LCSP anomaly,Low-cloud Net CRE contribution (W m$^{-2}$),0.912316677900000,40.363654981700002,0.000000000000000,38.673295156000002,42.060716688799999,True,
2022-02-01,WP,-1,LCSP_diagnostic,LCSP_anom,NetPath_low_anom,0.024478485952430,1.538935865584418,(g),Western Pacific,LCSP → Low-cloud pathway,LCSP anomaly,Low-cloud Net CRE contribution (W m$^{-2}$),0.912316677900000,40.363654981700002,0.000000000000000,38.673295156000002,42.060716688799999,True,
2022-03-01,WP,-1,LCSP_diagnostic,LCSP_anom,NetPath_low_anom,-0.000063030089393,0.591852792494772,(g),Western Pacific,LCSP → Low-cloud pathway,LCSP anomaly,Low-cloud Net CRE contribution (W m$^{-2}$),0.912316677900000,40.363654981700002,0.000000000000000,38.673295156000002,42.060716688799999,True,
2022-04-01,WP,-1,LCSP_diagnostic,LCSP_anom,NetPath_low_anom,0.016432418306905,1.071320492808994,(g),Western Pacific,LCSP → Low-cloud pathway,LCSP anomaly,Low-cloud Net CRE contribution (W m$^{-2}$),0.912316677900000,40.363654981700002,0.000000000000000,38.673295156000002,42.060716688799999,True,
2022-05-01,WP,-1,LCSP_diagnostic,LCSP_anom,NetPath_low_anom,-0.004273499922469,0.483859400441346,(g),Western Pacific,LCSP → Low-cloud pathway,LCSP anomaly,Low-cloud Net CRE contribution (W m$^{-2}$),0.912316677900000,40.363654981700002,0.000000000000000,38.673295156000002,42.060716688799999,True,
2022-06-01,WP,-1,LCSP_diagnostic,LCSP_anom,NetPath_low_anom,0.009879975503623,0.973392058101212,(g),Western Pacific,LCSP → Low-cloud pathway,LCSP anomaly,Low-cloud Net CRE contribution (W m$^{-2}$),0.912316677900000,40.363654981700002,0.000000000000000,38.673295156000002,42.060716688799999,True,
2022-07-01,WP,-1,LCSP_diagnostic,LCSP_anom,NetPath_low_anom,0.002580553428052,0.087746414126831,(g),Western Pacific,LCSP → Low-cloud pathway,LCSP anomaly,Low-cloud Net CRE contribution (W m$^{-2}$),0.912316677900000,40.363654981700002,0.000000000000000,38.673295156000002,42.060716688799999,True,
2022-08-01,WP,-1,LCSP_diagnostic,LCSP_anom,NetPath_low_anom,-0.001606135925090,0.340528322354798,(g),Western Pacific,LCSP → Low-cloud pathway,LCSP anomaly,Low-cloud Net CRE contribution (W m$^{-2}$),0.912316677900000,40.363654981700002,0.000000000000000,38.673295156000002,42.060716688799999,True,
2022-09-01,WP,-1,LCSP_diagnostic,LCSP_anom,NetPath_low_anom,0.001108713210640,0.870485694822730,(g),Western Pacific,LCSP → Low-cloud pathway,LCSP anomaly,Low-cloud Net CRE contribution (W m$^{-2}$),0.912316677900000,40.363654981700002,0.000000000000000,38.673295156000002,42.060716688799999,True,
2022-10-01,WP,-1,LCSP_diagnostic,LCSP_anom,NetPath_low_anom,0.014730005481848,0.775617169371157,(g),Western Pacific,LCSP → Low-cloud pathway,LCSP anomaly,Low-cloud Net CRE contribution (W m$^{-2}$),0.912316677900000,40.363654981700002,0.000000000000000,38.673295156000002,42.060716688799999,True,
2022-11-01,WP,-1,LCSP_diagnostic,LCSP_anom,NetPath_low_anom,0.007119398791726,0.647519966838585,(g),Western Pacific,LCSP → Low-cloud pathway,LCSP anomaly,Low-cloud Net CRE contribution (W m$^{-2}$),0.912316677900000,40.363654981700002,0.000000000000000,38.673295156000002,42.060716688799999,True,
2022-12-01,WP,-1,LCSP_diagnostic,LCSP_anom,NetPath_low_anom,0.031220991529525,1.280942384706485,(g),Western Pacific,LCSP → Low-cloud pathway,LCSP anomaly,Low-cloud Net CRE contribution (W m$^{-2}$),0.912316677900000,40.363654981700002,0.000000000000000,38.673295156000002,42.060716688799999,True,
2023-01-01,WP,-1,LCSP_diagnostic,LCSP_anom,NetPath_low_anom,0.026494253857390,1.419170563951449,(g),Western Pacific,LCSP → Low-cloud pathway,LCSP anomaly,Low-cloud Net CRE contribution (W m$^{-2}$),0.912316677900000,40.363654981700002,0.000000000000000,38.673295156000002,42.060716688799999,True,
2023-02-01,WP,-1,LCSP_diagnostic,LCSP_anom,NetPath_low_anom,0.026971104172792,1.581975496012246,(g),Western Pacific,LCSP → Low-cloud pathway,LCSP anomaly,Low-cloud Net CRE contribution (W m$^{-2}$),0.912316677900000,40.363654981700002,0.000000000000000,38.673295156000002,42.060716688799999,True,
2002-07-01,CP,1,LCSP_diagnostic,LCSP_anom,NetPath_low_anom,0.028566222260881,0.574189820946914,(h),Central Pacific,LCSP → Low-cloud pathway,LCSP anomaly,Low-cloud Net CRE contribution (W m$^{-2}$),0.915819151700000,30.480830783900000,0.000000000000000,28.845697901200001,32.680078672500002,True,
2002-08-01,CP,1,LCSP_diagnostic,LCSP_anom,NetPath_low_anom,0.048452973997131,1.330655270235159,(h),Central Pacific,LCSP → Low-cloud pathway,LCSP anomaly,Low-cloud Net CRE contribution (W m$^{-2}$),0.915819151700000,30.480830783900000,0.000000000000000,28.845697901200001,32.680078672500002,True,
2002-09-01,CP,1,LCSP_diagnostic,LCSP_anom,NetPath_low_anom,0.049919156897898,1.158273523694197,(h),Central Pacific,LCSP → Low-cloud pathway,LCSP anomaly,Low-cloud Net CRE contribution (W m$^{-2}$),0.915819151700000,30.480830783900000,0.000000000000000,28.845697901200001,32.680078672500002,True,
2002-10-01,CP,1,LCSP_diagnostic,LCSP_anom,NetPath_low_anom,0.046417368292945,1.407099837089982,(h),Central Pacific,LCSP → Low-cloud pathway,LCSP anomaly,Low-cloud Net CRE contribution (W m$^{-2}$),0.915819151700000,30.480830783900000,0.000000000000000,28.845697901200001,32.680078672500002,True,
2002-11-01,CP,1,LCSP_diagnostic,LCSP_anom,NetPath_low_anom,0.035211963162400,0.963085871625863,(h),Central Pacific,LCSP → Low-cloud pathway,LCSP anomaly,Low-cloud Net CRE contribution (W m$^{-2}$),0.915819151700000,30.480830783900000,0.000000000000000,28.845697901200001,32.680078672500002,True,
2002-12-01,CP,1,LCSP_diagnostic,LCSP_anom,NetPath_low_anom,0.050281790485163,1.443493277225508,(h),Central Pacific,LCSP → Low-cloud pathway,LCSP anomaly,Low-cloud Net CRE contribution (W m$^{-2}$),0.915819151700000,30.480830783900000,0.000000000000000,28.845697901200001,32.680078672500002,True,
2003-01-01,CP,1,LCSP_diagnostic,LCSP_anom,NetPath_low_anom,0.069161959134613,2.119097286683732,(h),Central Pacific,LCSP → Low-cloud pathway,LCSP anomaly,Low-cloud Net CRE contribution (W m$^{-2}$),0.915819151700000,30.480830783900000,0.000000000000000,28.845697901200001,32.680078672500002,True,
2003-02-01,CP,1,LCSP_diagnostic,LCSP_anom,NetPath_low_anom,0.032063602041093,0.752881790263475,(h),Central Pacific,LCSP → Low-cloud pathway,LCSP anomaly,Low-cloud Net CRE contribution (W m$^{-2}$),0.915819151700000,30.480830783900000,0.000000000000000,28.845697901200001,32.680078672500002,True,
2003-03-01,CP,0,LCSP_diagnostic,LCSP_anom,NetPath_low_anom,0.017695441042751,0.975492131955485,(h),Central Pacific,LCSP → Low-cloud pathway,LCSP anomaly,Low-cloud Net CRE contribution (W m$^{-2}$),0.915819151700000,30.480830783900000,0.000000000000000,28.845697901200001,32.680078672500002,True,
2003-04-01,CP,0,LCSP_diagnostic,LCSP_anom,NetPath_low_anom,0.022499279572065,0.726857003692200,(h),Central Pacific,LCSP → Low-cloud pathway,LCSP anomaly,Low-cloud Net CRE contribution (W m$^{-2}$),0.915819151700000,30.480830783900000,0.000000000000000,28.845697901200001,32.680078672500002,True,
2003-05-01,CP,-1,LCSP_diagnostic,LCSP_anom,NetPath_low_anom,0.014796546792755,0.321191111280807,(h),Central Pacific,LCSP → Low-cloud pathway,LCSP anomaly,Low-cloud Net CRE contribution (W m$^{-2}$),0.915819151700000,30.480830783900000,0.000000000000000,28.845697901200001,32.680078672500002,True,
2003-06-01,CP,0,LCSP_diagnostic,LCSP_anom,NetPath_low_anom,0.024566633407992,0.820015500870521,(h),Central Pacific,LCSP → Low-cloud pathway,LCSP anomaly,Low-cloud Net CRE contribution (W m$^{-2}$),0.915819151700000,30.480830783900000,0.000000000000000,28.845697901200001,32.680078672500002,True,
2003-07-01,CP,0,LCSP_diagnostic,LCSP_anom,NetPath_low_anom,0.004853181583283,0.241349445018340,(h),Central Pacific,LCSP → Low-cloud pathway,LCSP anomaly,Low-cloud Net CRE contribution (W m$^{-2}$),0.915819151700000,30.480830783900000,0.000000000000000,28.845697901200001,32.680078672500002,True,
2003-08-01,CP,0,LCSP_diagnostic,LCSP_anom,NetPath_low_anom,0.002702533620712,-0.321168942730223,(h),Central Pacific,LCSP → Low-cloud pathway,LCSP anomaly,Low-cloud Net CRE contribution (W m$^{-2}$),0.915819151700000,30.480830783900000,0.000000000000000,28.845697901200001,32.680078672500002,True,
2003-09-01,CP,0,LCSP_diagnostic,LCSP_anom,NetPath_low_anom,0.008708369060143,0.280254726267320,(h),Central Pacific,LCSP → Low-cloud pathway,LCSP anomaly,Low-cloud Net CRE contribution (W m$^{-2}$),0.915819151700000,30.480830783900000,0.000000000000000,28.845697901200001,32.680078672500002,True,
2003-10-01,CP,0,LCSP_diagnostic,LCSP_anom,NetPath_low_anom,0.009656028608201,0.161478713060750,(h),Central Pacific,LCSP → Low-cloud pathway,LCSP anomaly,Low-cloud Net CRE contribution (W m$^{-2}$),0.915819151700000,30.480830783900000,0.000000000000000,28.845697901200001,32.680078672500002,True,
2003-11-01,CP,0,LCSP_diagnostic,LCSP_anom,NetPath_low_anom,0.012422619793434,0.139853900788352,(h),Central Pacific,LCSP → Low-cloud pathway,LCSP anomaly,Low-cloud Net CRE contribution (W m$^{-2}$),0.915819151700000,30.480830783900000,0.000000000000000,28.845697901200001,32.680078672500002,True,
2003-12-01,CP,0,LCSP_diagnostic,LCSP_anom,NetPath_low_anom,0.025583054854655,0.913349367103403,(h),Central Pacific,LCSP → Low-cloud pathway,LCSP anomaly,Low-cloud Net CRE contribution (W m$^{-2}$),0.915819151700000,30.480830783900000,0.000000000000000,28.845697901200001,32.680078672500002,True,
2004-01-01,CP,0,LCSP_diagnostic,LCSP_anom,NetPath_low_anom,0.037248893256282,0.970101035927455,(h),Central Pacific,LCSP → Low-cloud pathway,LCSP anomaly,Low-cloud Net CRE contribution (W m$^{-2}$),0.915819151700000,30.480830783900000,0.000000000000000,28.845697901200001,32.680078672500002,True,
2004-02-01,CP,0,LCSP_diagnostic,LCSP_anom,NetPath_low_anom,0.002703811581798,0.207892754363184,(h),Central Pacific,LCSP → Low-cloud pathway,LCSP anomaly,Low-cloud Net CRE contribution (W m$^{-2}$),0.915819151700000,30.480830783900000,0.000000000000000,28.845697901200001,32.680078672500002,True,
2004-03-01,CP,0,LCSP_diagnostic,LCSP_anom,NetPath_low_anom,0.010914299243034,0.085649735817329,(h),Central Pacific,LCSP → Low-cloud pathway,LCSP anomaly,Low-cloud Net CRE contribution (W m$^{-2}$),0.915819151700000,30.480830783900000,0.000000000000000,28.845697901200001,32.680078672500002,True,
2004-04-01,CP,0,LCSP_diagnostic,LCSP_anom,NetPath_low_anom,0.017434075525265,0.690565254128060,(h),Central Pacific,LCSP → Low-cloud pathway,LCSP anomaly,Low-cloud Net CRE contribution (W m$^{-2}$),0.915819151700000,30.480830783900000,0.000000000000000,28.845697901200001,32.680078672500002,True,
2004-05-01,CP,0,LCSP_diagnostic,LCSP_anom,NetPath_low_anom,0.003262663494787,0.031733062492305,(h),Central Pacific,LCSP → Low-cloud pathway,LCSP anomaly,Low-cloud Net CRE contribution (W m$^{-2}$),0.915819151700000,30.480830783900000,0.000000000000000,28.845697901200001,32.680078672500002,True,
2004-06-01,CP,0,LCSP_diagnostic,LCSP_anom,NetPath_low_anom,0.031743368624743,0.871382605174627,(h),Central Pacific,LCSP → Low-cloud pathway,LCSP anomaly,Low-cloud Net CRE contribution (W m$^{-2}$),0.915819151700000,30.480830783900000,0.000000000000000,28.845697901200001,32.680078672500002,True,
2004-07-01,CP,1,LCSP_diagnostic,LCSP_anom,NetPath_low_anom,0.042915095268171,1.458345350088611,(h),Central Pacific,LCSP → Low-cloud pathway,LCSP anomaly,Low-cloud Net CRE contribution (W m$^{-2}$),0.915819151700000,30.480830783900000,0.000000000000000,28.845697901200001,32.680078672500002,True,
2004-08-01,CP,1,LCSP_diagnostic,LCSP_anom,NetPath_low_anom,0.031994677589776,0.960162131868357,(h),Central Pacific,LCSP → Low-cloud pathway,LCSP anomaly,Low-cloud Net CRE contribution (W m$^{-2}$),0.915819151700000,30.480830783900000,0.000000000000000,28.845697901200001,32.680078672500002,True,
2004-09-01,CP,1,LCSP_diagnostic,LCSP_anom,NetPath_low_anom,0.028840185247772,1.183673692108623,(h),Central Pacific,LCSP → Low-cloud pathway,LCSP anomaly,Low-cloud Net CRE contribution (W m$^{-2}$),0.915819151700000,30.480830783900000,0.000000000000000,28.845697901200001,32.680078672500002,True,
2004-10-01,CP,1,LCSP_diagnostic,LCSP_anom,NetPath_low_anom,0.031969496099081,1.300012042422230,(h),Central Pacific,LCSP → Low-cloud pathway,LCSP anomaly,Low-cloud Net CRE contribution (W m$^{-2}$),0.915819151700000,30.480830783900000,0.000000000000000,28.845697901200001,32.680078672500002,True,
2004-11-01,CP,1,LCSP_diagnostic,LCSP_anom,NetPath_low_anom,0.034055345889684,1.192143138829708,(h),Central Pacific,LCSP → Low-cloud pathway,LCSP anomaly,Low-cloud Net CRE contribution (W m$^{-2}$),0.915819151700000,30.480830783900000,0.000000000000000,28.845697901200001,32.680078672500002,True,
2004-12-01,CP,1,LCSP_diagnostic,LCSP_anom,NetPath_low_anom,0.033460464782745,1.039494574851475,(h),Central Pacific,LCSP → Low-cloud pathway,LCSP anomaly,Low-cloud Net CRE contribution (W m$^{-2}$),0.915819151700000,30.480830783900000,0.000000000000000,28.845697901200001,32.680078672500002,True,
2005-01-01,CP,1,LCSP_diagnostic,LCSP_anom,NetPath_low_anom,0.023375922941445,1.014161568100654,(h),Central Pacific,LCSP → Low-cloud pathway,LCSP anomaly,Low-cloud Net CRE contribution (W m$^{-2}$),0.915819151700000,30.480830783900000,0.000000000000000,28.845697901200001,32.680078672500002,True,
2005-02-01,CP,0,LCSP_diagnostic,LCSP_anom,NetPath_low_anom,0.060683276126204,2.197274517895343,(h),Central Pacific,LCSP → Low-cloud pathway,LCSP anomaly,Low-cloud Net CRE contribution (W m$^{-2}$),0.915819151700000,30.480830783900000,0.000000000000000,28.845697901200001,32.680078672500002,True,
2005-03-01,CP,1,LCSP_diagnostic,LCSP_anom,NetPath_low_anom,0.000960859333670,-0.038668327976013,(h),Central Pacific,LCSP → Low-cloud pathway,LCSP anomaly,Low-cloud Net CRE contribution (W m$^{-2}$),0.915819151700000,30.480830783900000,0.000000000000000,28.845697901200001,32.680078672500002,True,
2005-04-01,CP,0,LCSP_diagnostic,LCSP_anom,NetPath_low_anom,0.015807408452994,0.253811553984522,(h),Central Pacific,LCSP → Low-cloud pathway,LCSP anomaly,Low-cloud Net CRE contribution (W m$^{-2}$),0.915819151700000,30.480830783900000,0.000000000000000,28.845697901200001,32.680078672500002,True,
2005-05-01,CP,0,LCSP_diagnostic,LCSP_anom,NetPath_low_anom,0.004643039030608,-0.066624909804028,(h),Central Pacific,LCSP → Low-cloud pathway,LCSP anomaly,Low-cloud Net CRE contribution (W m$^{-2}$),0.915819151700000,30.480830783900000,0.000000000000000,28.845697901200001,32.680078672500002,True,
2005-06-01,CP,0,LCSP_diagnostic,LCSP_anom,NetPath_low_anom,-0.005969553087675,-0.246865701918929,(h),Central Pacific,LCSP → Low-cloud pathway,LCSP anomaly,Low-cloud Net CRE contribution (W m$^{-2}$),0.915819151700000,30.480830783900000,0.000000000000000,28.845697901200001,32.680078672500002,True,
2005-07-01,CP,0,LCSP_diagnostic,LCSP_anom,NetPath_low_anom,0.000453821391834,0.080441609348585,(h),Central Pacific,LCSP → Low-cloud pathway,LCSP anomaly,Low-cloud Net CRE contribution (W m$^{-2}$),0.915819151700000,30.480830783900000,0.000000000000000,28.845697901200001,32.680078672500002,True,
2005-08-01,CP,0,LCSP_diagnostic,LCSP_anom,NetPath_low_anom,-0.002501331821506,-0.304305110824174,(h),Central Pacific,LCSP → Low-cloud pathway,LCSP anomaly,Low-cloud Net CRE contribution (W m$^{-2}$),0.915819151700000,30.480830783900000,0.000000000000000,28.845697901200001,32.680078672500002,True,
2005-09-01,CP,0,LCSP_diagnostic,LCSP_anom,NetPath_low_anom,0.003743603618464,0.283506647160172,(h),Central Pacific,LCSP → Low-cloud pathway,LCSP anomaly,Low-cloud Net CRE contribution (W m$^{-2}$),0.915819151700000,30.480830783900000,0.000000000000000,28.845697901200001,32.680078672500002,True,
2005-10-01,CP,0,LCSP_diagnostic,LCSP_anom,NetPath_low_anom,-0.000902961565484,0.448227405619723,(h),Central Pacific,LCSP → Low-cloud pathway,LCSP anomaly,Low-cloud Net CRE contribution (W m$^{-2}$),0.915819151700000,30.480830783900000,0.000000000000000,28.845697901200001,32.680078672500002,True,
2005-11-01,CP,-1,LCSP_diagnostic,LCSP_anom,NetPath_low_anom,-0.003695534139012,-0.083837094582446,(h),Central Pacific,LCSP → Low-cloud pathway,LCSP anomaly,Low-cloud Net CRE contribution (W m$^{-2}$),0.915819151700000,30.480830783900000,0.000000000000000,28.845697901200001,32.680078672500002,True,
2005-12-01,CP,-1,LCSP_diagnostic,LCSP_anom,NetPath_low_anom,-0.017661150321144,-0.386823734863393,(h),Central Pacific,LCSP → Low-cloud pathway,LCSP anomaly,Low-cloud Net CRE contribution (W m$^{-2}$),0.915819151700000,30.480830783900000,0.000000000000000,28.845697901200001,32.680078672500002,True,
2006-01-01,CP,-1,LCSP_diagnostic,LCSP_anom,NetPath_low_anom,-0.014050959446126,-0.073964190445081,(h),Central Pacific,LCSP → Low-cloud pathway,LCSP anomaly,Low-cloud Net CRE contribution (W m$^{-2}$),0.915819151700000,30.480830783900000,0.000000000000000,28.845697901200001,32.680078672500002,True,
2006-02-01,CP,-1,LCSP_diagnostic,LCSP_anom,NetPath_low_anom,0.009197411644583,0.254151589358450,(h),Central Pacific,LCSP → Low-cloud pathway,LCSP anomaly,Low-cloud Net CRE contribution (W m$^{-2}$),0.915819151700000,30.480830783900000,0.000000000000000,28.845697901200001,32.680078672500002,True,
2006-03-01,CP,-1,LCSP_diagnostic,LCSP_anom,NetPath_low_anom,0.004489573087295,-0.010978293014976,(h),Central Pacific,LCSP → Low-cloud pathway,LCSP anomaly,Low-cloud Net CRE contribution (W m$^{-2}$),0.915819151700000,30.480830783900000,0.000000000000000,28.845697901200001,32.680078672500002,True,
2006-04-01,CP,0,LCSP_diagnostic,LCSP_anom,NetPath_low_anom,-0.002102835810937,-0.186478119473567,(h),Central Pacific,LCSP → Low-cloud pathway,LCSP anomaly,Low-cloud Net CRE contribution (W m$^{-2}$),0.915819151700000,30.480830783900000,0.000000000000000,28.845697901200001,32.680078672500002,True,
2006-05-01,CP,0,LCSP_diagnostic,LCSP_anom,NetPath_low_anom,0.024955925573565,0.896549093360175,(h),Central Pacific,LCSP → Low-cloud pathway,LCSP anomaly,Low-cloud Net CRE contribution (W m$^{-2}$),0.915819151700000,30.480830783900000,0.000000000000000,28.845697901200001,32.680078672500002,True,
2006-06-01,CP,0,LCSP_diagnostic,LCSP_anom,NetPath_low_anom,-0.002430001509123,-0.313341383306395,(h),Central Pacific,LCSP → Low-cloud pathway,LCSP anomaly,Low-cloud Net CRE contribution (W m$^{-2}$),0.915819151700000,30.480830783900000,0.000000000000000,28.845697901200001,32.680078672500002,True,
2006-07-01,CP,0,LCSP_diagnostic,LCSP_anom,NetPath_low_anom,-0.008497639222055,-0.822456540097819,(h),Central Pacific,LCSP → Low-cloud pathway,LCSP anomaly,Low-cloud Net CRE contribution (W m$^{-2}$),0.915819151700000,30.480830783900000,0.000000000000000,28.845697901200001,32.680078672500002,True,
2006-08-01,CP,0,LCSP_diagnostic,LCSP_anom,NetPath_low_anom,0.015185300554857,0.092311188613542,(h),Central Pacific,LCSP → Low-cloud pathway,LCSP anomaly,Low-cloud Net CRE contribution (W m$^{-2}$),0.915819151700000,30.480830783900000,0.000000000000000,28.845697901200001,32.680078672500002,True,
2006-09-01,CP,1,LCSP_diagnostic,LCSP_anom,NetPath_low_anom,0.025095660663608,0.999726960671330,(h),Central Pacific,LCSP → Low-cloud pathway,LCSP anomaly,Low-cloud Net CRE contribution (W m$^{-2}$),0.915819151700000,30.480830783900000,0.000000000000000,28.845697901200001,32.680078672500002,True,
2006-10-01,CP,1,LCSP_diagnostic,LCSP_anom,NetPath_low_anom,0.028750150980717,0.677105717277372,(h),Central Pacific,LCSP → Low-cloud pathway,LCSP anomaly,Low-cloud Net CRE contribution (W m$^{-2}$),0.915819151700000,30.480830783900000,0.000000000000000,28.845697901200001,32.680078672500002,True,
2006-11-01,CP,1,LCSP_diagnostic,LCSP_anom,NetPath_low_anom,0.035505518666574,1.221403180078369,(h),Central Pacific,LCSP → Low-cloud pathway,LCSP anomaly,Low-cloud Net CRE contribution (W m$^{-2}$),0.915819151700000,30.480830783900000,0.000000000000000,28.845697901200001,32.680078672500002,True,
2006-12-01,CP,1,LCSP_diagnostic,LCSP_anom,NetPath_low_anom,0.028273982779095,0.700943411490006,(h),Central Pacific,LCSP → Low-cloud pathway,LCSP anomaly,Low-cloud Net CRE contribution (W m$^{-2}$),0.915819151700000,30.480830783900000,0.000000000000000,28.845697901200001,32.680078672500002,True,
2007-01-01,CP,1,LCSP_diagnostic,LCSP_anom,NetPath_low_anom,0.039586705697632,1.067679730883125,(h),Central Pacific,LCSP → Low-cloud pathway,LCSP anomaly,Low-cloud Net CRE contribution (W m$^{-2}$),0.915819151700000,30.480830783900000,0.000000000000000,28.845697901200001,32.680078672500002,True,
2007-02-01,CP,0,LCSP_diagnostic,LCSP_anom,NetPath_low_anom,0.005741661488639,0.079660425110817,(h),Central Pacific,LCSP → Low-cloud pathway,LCSP anomaly,Low-cloud Net CRE contribution (W m$^{-2}$),0.915819151700000,30.480830783900000,0.000000000000000,28.845697901200001,32.680078672500002,True,
2007-03-01,CP,0,LCSP_diagnostic,LCSP_anom,NetPath_low_anom,-0.002797614794533,0.037525048548440,(h),Central Pacific,LCSP → Low-cloud pathway,LCSP anomaly,Low-cloud Net CRE contribution (W m$^{-2}$),0.915819151700000,30.480830783900000,0.000000000000000,28.845697901200001,32.680078672500002,True,
2007-04-01,CP,0,LCSP_diagnostic,LCSP_anom,NetPath_low_anom,-0.011300935702293,-0.406613520675722,(h),Central Pacific,LCSP → Low-cloud pathway,LCSP anomaly,Low-cloud Net CRE contribution (W m$^{-2}$),0.915819151700000,30.480830783900000,0.000000000000000,28.845697901200001,32.680078672500002,True,
2007-05-01,CP,-1,LCSP_diagnostic,LCSP_anom,NetPath_low_anom,0.001340411730378,-0.398827109472215,(h),Central Pacific,LCSP → Low-cloud pathway,LCSP anomaly,Low-cloud Net CRE contribution (W m$^{-2}$),0.915819151700000,30.480830783900000,0.000000000000000,28.845697901200001,32.680078672500002,True,
2007-06-01,CP,0,LCSP_diagnostic,LCSP_anom,NetPath_low_anom,-0.022225632669792,-0.832802493988150,(h),Central Pacific,LCSP → Low-cloud pathway,LCSP anomaly,Low-cloud Net CRE contribution (W m$^{-2}$),0.915819151700000,30.480830783900000,0.000000000000000,28.845697901200001,32.680078672500002,True,
2007-07-01,CP,-1,LCSP_diagnostic,LCSP_anom,NetPath_low_anom,-0.005832787065167,-0.133143411646685,(h),Central Pacific,LCSP → Low-cloud pathway,LCSP anomaly,Low-cloud Net CRE contribution (W m$^{-2}$),0.915819151700000,30.480830783900000,0.000000000000000,28.845697901200001,32.680078672500002,True,
2007-08-01,CP,-1,LCSP_diagnostic,LCSP_anom,NetPath_low_anom,-0.004257907641729,0.367606819082918,(h),Central Pacific,LCSP → Low-cloud pathway,LCSP anomaly,Low-cloud Net CRE contribution (W m$^{-2}$),0.915819151700000,30.480830783900000,0.000000000000000,28.845697901200001,32.680078672500002,True,
2007-09-01,CP,-1,LCSP_diagnostic,LCSP_anom,NetPath_low_anom,-0.021316531410957,-0.442821701390447,(h),Central Pacific,LCSP → Low-cloud pathway,LCSP anomaly,Low-cloud Net CRE contribution (W m$^{-2}$),0.915819151700000,30.480830783900000,0.000000000000000,28.845697901200001,32.680078672500002,True,
2007-10-01,CP,-1,LCSP_diagnostic,LCSP_anom,NetPath_low_anom,-0.016960264958541,-0.498779966441353,(h),Central Pacific,LCSP → Low-cloud pathway,LCSP anomaly,Low-cloud Net CRE contribution (W m$^{-2}$),0.915819151700000,30.480830783900000,0.000000000000000,28.845697901200001,32.680078672500002,True,
2007-11-01,CP,-1,LCSP_diagnostic,LCSP_anom,NetPath_low_anom,-0.032396567764019,-1.198983116395659,(h),Central Pacific,LCSP → Low-cloud pathway,LCSP anomaly,Low-cloud Net CRE contribution (W m$^{-2}$),0.915819151700000,30.480830783900000,0.000000000000000,28.845697901200001,32.680078672500002,True,
2007-12-01,CP,-1,LCSP_diagnostic,LCSP_anom,NetPath_low_anom,-0.049648623101563,-1.624990819692429,(h),Central Pacific,LCSP → Low-cloud pathway,LCSP anomaly,Low-cloud Net CRE contribution (W m$^{-2}$),0.915819151700000,30.480830783900000,0.000000000000000,28.845697901200001,32.680078672500002,True,
2008-01-01,CP,-1,LCSP_diagnostic,LCSP_anom,NetPath_low_anom,-0.008287538290177,-0.100517232933926,(h),Central Pacific,LCSP → Low-cloud pathway,LCSP anomaly,Low-cloud Net CRE contribution (W m$^{-2}$),0.915819151700000,30.480830783900000,0.000000000000000,28.845697901200001,32.680078672500002,True,
2008-02-01,CP,-1,LCSP_diagnostic,LCSP_anom,NetPath_low_anom,-0.076733711862836,-2.857862790786261,(h),Central Pacific,LCSP → Low-cloud pathway,LCSP anomaly,Low-cloud Net CRE contribution (W m$^{-2}$),0.915819151700000,30.480830783900000,0.000000000000000,28.845697901200001,32.680078672500002,True,
2008-03-01,CP,-1,LCSP_diagnostic,LCSP_anom,NetPath_low_anom,-0.042711708841660,-1.055463632451443,(h),Central Pacific,LCSP → Low-cloud pathway,LCSP anomaly,Low-cloud Net CRE contribution (W m$^{-2}$),0.915819151700000,30.480830783900000,0.000000000000000,28.845697901200001,32.680078672500002,True,
2008-04-01,CP,-1,LCSP_diagnostic,LCSP_anom,NetPath_low_anom,-0.027231296402921,-0.650210417996337,(h),Central Pacific,LCSP → Low-cloud pathway,LCSP anomaly,Low-cloud Net CRE contribution (W m$^{-2}$),0.915819151700000,30.480830783900000,0.000000000000000,28.845697901200001,32.680078672500002,True,
2008-05-01,CP,-1,LCSP_diagnostic,LCSP_anom,NetPath_low_anom,-0.028083922723752,-0.664088602276045,(h),Central Pacific,LCSP → Low-cloud pathway,LCSP anomaly,Low-cloud Net CRE contribution (W m$^{-2}$),0.915819151700000,30.480830783900000,0.000000000000000,28.845697901200001,32.680078672500002,True,
2008-06-01,CP,-1,LCSP_diagnostic,LCSP_anom,NetPath_low_anom,-0.023488864640709,-0.894898321122134,(h),Central Pacific,LCSP → Low-cloud pathway,LCSP anomaly,Low-cloud Net CRE contribution (W m$^{-2}$),0.915819151700000,30.480830783900000,0.000000000000000,28.845697901200001,32.680078672500002,True,
2008-07-01,CP,0,LCSP_diagnostic,LCSP_anom,NetPath_low_anom,-0.032457321190680,-0.618134616880850,(h),Central Pacific,LCSP → Low-cloud pathway,LCSP anomaly,Low-cloud Net CRE contribution (W m$^{-2}$),0.915819151700000,30.480830783900000,0.000000000000000,28.845697901200001,32.680078672500002,True,
2008-08-01,CP,0,LCSP_diagnostic,LCSP_anom,NetPath_low_anom,-0.030509135721140,-0.365976265985095,(h),Central Pacific,LCSP → Low-cloud pathway,LCSP anomaly,Low-cloud Net CRE contribution (W m$^{-2}$),0.915819151700000,30.480830783900000,0.000000000000000,28.845697901200001,32.680078672500002,True,
2008-09-01,CP,0,LCSP_diagnostic,LCSP_anom,NetPath_low_anom,-0.031201856678838,-0.822989261689596,(h),Central Pacific,LCSP → Low-cloud pathway,LCSP anomaly,Low-cloud Net CRE contribution (W m$^{-2}$),0.915819151700000,30.480830783900000,0.000000000000000,28.845697901200001,32.680078672500002,True,
2008-10-01,CP,0,LCSP_diagnostic,LCSP_anom,NetPath_low_anom,-0.034160987844532,-0.646725232497613,(h),Central Pacific,LCSP → Low-cloud pathway,LCSP anomaly,Low-cloud Net CRE contribution (W m$^{-2}$),0.915819151700000,30.480830783900000,0.000000000000000,28.845697901200001,32.680078672500002,True,
2008-11-01,CP,-1,LCSP_diagnostic,LCSP_anom,NetPath_low_anom,-0.028887571237593,-0.934271789392040,(h),Central Pacific,LCSP → Low-cloud pathway,LCSP anomaly,Low-cloud Net CRE contribution (W m$^{-2}$),0.915819151700000,30.480830783900000,0.000000000000000,28.845697901200001,32.680078672500002,True,
2008-12-01,CP,-1,LCSP_diagnostic,LCSP_anom,NetPath_low_anom,-0.048121994769924,-1.820739148407575,(h),Central Pacific,LCSP → Low-cloud pathway,LCSP anomaly,Low-cloud Net CRE contribution (W m$^{-2}$),0.915819151700000,30.480830783900000,0.000000000000000,28.845697901200001,32.680078672500002,True,
2009-01-01,CP,-1,LCSP_diagnostic,LCSP_anom,NetPath_low_anom,-0.036995909905562,-1.124889222739272,(h),Central Pacific,LCSP → Low-cloud pathway,LCSP anomaly,Low-cloud Net CRE contribution (W m$^{-2}$),0.915819151700000,30.480830783900000,0.000000000000000,28.845697901200001,32.680078672500002,True,
2009-02-01,CP,-1,LCSP_diagnostic,LCSP_anom,NetPath_low_anom,-0.036473654362665,-1.354038378298317,(h),Central Pacific,LCSP → Low-cloud pathway,LCSP anomaly,Low-cloud Net CRE contribution (W m$^{-2}$),0.915819151700000,30.480830783900000,0.000000000000000,28.845697901200001,32.680078672500002,True,
2009-03-01,CP,-1,LCSP_diagnostic,LCSP_anom,NetPath_low_anom,0.010963335166820,0.535187923473655,(h),Central Pacific,LCSP → Low-cloud pathway,LCSP anomaly,Low-cloud Net CRE contribution (W m$^{-2}$),0.915819151700000,30.480830783900000,0.000000000000000,28.845697901200001,32.680078672500002,True,
2009-04-01,CP,0,LCSP_diagnostic,LCSP_anom,NetPath_low_anom,-0.018007703225318,-0.681485125730611,(h),Central Pacific,LCSP → Low-cloud pathway,LCSP anomaly,Low-cloud Net CRE contribution (W m$^{-2}$),0.915819151700000,30.480830783900000,0.000000000000000,28.845697901200001,32.680078672500002,True,
2009-05-01,CP,0,LCSP_diagnostic,LCSP_anom,NetPath_low_anom,0.007410567578960,0.299542624954815,(h),Central Pacific,LCSP → Low-cloud pathway,LCSP anomaly,Low-cloud Net CRE contribution (W m$^{-2}$),0.915819151700000,30.480830783900000,0.000000000000000,28.845697901200001,32.680078672500002,True,
2009-06-01,CP,0,LCSP_diagnostic,LCSP_anom,NetPath_low_anom,0.023183185503299,0.931928599000442,(h),Central Pacific,LCSP → Low-cloud pathway,LCSP anomaly,Low-cloud Net CRE contribution (W m$^{-2}$),0.915819151700000,30.480830783900000,0.000000000000000,28.845697901200001,32.680078672500002,True,
2009-07-01,CP,1,LCSP_diagnostic,LCSP_anom,NetPath_low_anom,0.013516826580920,0.269310033908887,(h),Central Pacific,LCSP → Low-cloud pathway,LCSP anomaly,Low-cloud Net CRE contribution (W m$^{-2}$),0.915819151700000,30.480830783900000,0.000000000000000,28.845697901200001,32.680078672500002,True,
2009-08-01,CP,1,LCSP_diagnostic,LCSP_anom,NetPath_low_anom,0.018994113159456,0.563053785078266,(h),Central Pacific,LCSP → Low-cloud pathway,LCSP anomaly,Low-cloud Net CRE contribution (W m$^{-2}$),0.915819151700000,30.480830783900000,0.000000000000000,28.845697901200001,32.680078672500002,True,
2009-09-01,CP,1,LCSP_diagnostic,LCSP_anom,NetPath_low_anom,0.008902870627524,0.007587991488399,(h),Central Pacific,LCSP → Low-cloud pathway,LCSP anomaly,Low-cloud Net CRE contribution (W m$^{-2}$),0.915819151700000,30.480830783900000,0.000000000000000,28.845697901200001,32.680078672500002,True,
2009-10-01,CP,1,LCSP_diagnostic,LCSP_anom,NetPath_low_anom,0.026020245006990,0.545050421801869,(h),Central Pacific,LCSP → Low-cloud pathway,LCSP anomaly,Low-cloud Net CRE contribution (W m$^{-2}$),0.915819151700000,30.480830783900000,0.000000000000000,28.845697901200001,32.680078672500002,True,
2009-11-01,CP,1,LCSP_diagnostic,LCSP_anom,NetPath_low_anom,0.026345281177746,0.900059330369142,(h),Central Pacific,LCSP → Low-cloud pathway,LCSP anomaly,Low-cloud Net CRE contribution (W m$^{-2}$),0.915819151700000,30.480830783900000,0.000000000000000,28.845697901200001,32.680078672500002,True,
2009-12-01,CP,1,LCSP_diagnostic,LCSP_anom,NetPath_low_anom,0.059900073323923,1.724505476872443,(h),Central Pacific,LCSP → Low-cloud pathway,LCSP anomaly,Low-cloud Net CRE contribution (W m$^{-2}$),0.915819151700000,30.480830783900000,0.000000000000000,28.845697901200001,32.680078672500002,True,
2010-01-01,CP,1,LCSP_diagnostic,LCSP_anom,NetPath_low_anom,0.058263413505618,1.401407405550847,(h),Central Pacific,LCSP → Low-cloud pathway,LCSP anomaly,Low-cloud Net CRE contribution (W m$^{-2}$),0.915819151700000,30.480830783900000,0.000000000000000,28.845697901200001,32.680078672500002,True,
2010-02-01,CP,1,LCSP_diagnostic,LCSP_anom,NetPath_low_anom,0.053598961285925,1.631021218961068,(h),Central Pacific,LCSP → Low-cloud pathway,LCSP anomaly,Low-cloud Net CRE contribution (W m$^{-2}$),0.915819151700000,30.480830783900000,0.000000000000000,28.845697901200001,32.680078672500002,True,
2010-03-01,CP,1,LCSP_diagnostic,LCSP_anom,NetPath_low_anom,-0.000561773724224,-0.403324669618768,(h),Central Pacific,LCSP → Low-cloud pathway,LCSP anomaly,Low-cloud Net CRE contribution (W m$^{-2}$),0.915819151700000,30.480830783900000,0.000000000000000,28.845697901200001,32.680078672500002,True,
2010-04-01,CP,0,LCSP_diagnostic,LCSP_anom,NetPath_low_anom,-0.012918762759022,-0.812097477790890,(h),Central Pacific,LCSP → Low-cloud pathway,LCSP anomaly,Low-cloud Net CRE contribution (W m$^{-2}$),0.915819151700000,30.480830783900000,0.000000000000000,28.845697901200001,32.680078672500002,True,
2010-05-01,CP,0,LCSP_diagnostic,LCSP_anom,NetPath_low_anom,-0.036108150767956,-1.613051749964814,(h),Central Pacific,LCSP → Low-cloud pathway,LCSP anomaly,Low-cloud Net CRE contribution (W m$^{-2}$),0.915819151700000,30.480830783900000,0.000000000000000,28.845697901200001,32.680078672500002,True,
2010-06-01,CP,-1,LCSP_diagnostic,LCSP_anom,NetPath_low_anom,-0.033790815531120,-1.222171950968276,(h),Central Pacific,LCSP → Low-cloud pathway,LCSP anomaly,Low-cloud Net CRE contribution (W m$^{-2}$),0.915819151700000,30.480830783900000,0.000000000000000,28.845697901200001,32.680078672500002,True,
2010-07-01,CP,-1,LCSP_diagnostic,LCSP_anom,NetPath_low_anom,-0.040135285206460,-1.445453138891500,(h),Central Pacific,LCSP → Low-cloud pathway,LCSP anomaly,Low-cloud Net CRE contribution (W m$^{-2}$),0.915819151700000,30.480830783900000,0.000000000000000,28.845697901200001,32.680078672500002,True,
2010-08-01,CP,-1,LCSP_diagnostic,LCSP_anom,NetPath_low_anom,-0.045788647123352,-1.381706746719580,(h),Central Pacific,LCSP → Low-cloud pathway,LCSP anomaly,Low-cloud Net CRE contribution (W m$^{-2}$),0.915819151700000,30.480830783900000,0.000000000000000,28.845697901200001,32.680078672500002,True,
2010-09-01,CP,-1,LCSP_diagnostic,LCSP_anom,NetPath_low_anom,-0.051922354129002,-2.127336409775349,(h),Central Pacific,LCSP → Low-cloud pathway,LCSP anomaly,Low-cloud Net CRE contribution (W m$^{-2}$),0.915819151700000,30.480830783900000,0.000000000000000,28.845697901200001,32.680078672500002,True,
2010-10-01,CP,-1,LCSP_diagnostic,LCSP_anom,NetPath_low_anom,-0.046878061472457,-1.699190720752155,(h),Central Pacific,LCSP → Low-cloud pathway,LCSP anomaly,Low-cloud Net CRE contribution (W m$^{-2}$),0.915819151700000,30.480830783900000,0.000000000000000,28.845697901200001,32.680078672500002,True,
2010-11-01,CP,-1,LCSP_diagnostic,LCSP_anom,NetPath_low_anom,-0.058978898072941,-2.079038666745556,(h),Central Pacific,LCSP → Low-cloud pathway,LCSP anomaly,Low-cloud Net CRE contribution (W m$^{-2}$),0.915819151700000,30.480830783900000,0.000000000000000,28.845697901200001,32.680078672500002,True,
2010-12-01,CP,-1,LCSP_diagnostic,LCSP_anom,NetPath_low_anom,-0.057485292341055,-1.946126551658860,(h),Central Pacific,LCSP → Low-cloud pathway,LCSP anomaly,Low-cloud Net CRE contribution (W m$^{-2}$),0.915819151700000,30.480830783900000,0.000000000000000,28.845697901200001,32.680078672500002,True,
2011-01-01,CP,-1,LCSP_diagnostic,LCSP_anom,NetPath_low_anom,-0.045005327752791,-1.078552587080692,(h),Central Pacific,LCSP → Low-cloud pathway,LCSP anomaly,Low-cloud Net CRE contribution (W m$^{-2}$),0.915819151700000,30.480830783900000,0.000000000000000,28.845697901200001,32.680078672500002,True,
2011-02-01,CP,-1,LCSP_diagnostic,LCSP_anom,NetPath_low_anom,-0.041984752336890,-1.370726807885005,(h),Central Pacific,LCSP → Low-cloud pathway,LCSP anomaly,Low-cloud Net CRE contribution (W m$^{-2}$),0.915819151700000,30.480830783900000,0.000000000000000,28.845697901200001,32.680078672500002,True,
2011-03-01,CP,-1,LCSP_diagnostic,LCSP_anom,NetPath_low_anom,-0.045081181387352,-1.290663950675646,(h),Central Pacific,LCSP → Low-cloud pathway,LCSP anomaly,Low-cloud Net CRE contribution (W m$^{-2}$),0.915819151700000,30.480830783900000,0.000000000000000,28.845697901200001,32.680078672500002,True,
2011-04-01,CP,-1,LCSP_diagnostic,LCSP_anom,NetPath_low_anom,-0.029164656306444,-0.887664505003213,(h),Central Pacific,LCSP → Low-cloud pathway,LCSP anomaly,Low-cloud Net CRE contribution (W m$^{-2}$),0.915819151700000,30.480830783900000,0.000000000000000,28.845697901200001,32.680078672500002,True,
2011-05-01,CP,-1,LCSP_diagnostic,LCSP_anom,NetPath_low_anom,-0.001387181179016,0.167690797483518,(h),Central Pacific,LCSP → Low-cloud pathway,LCSP anomaly,Low-cloud Net CRE contribution (W m$^{-2}$),0.915819151700000,30.480830783900000,0.000000000000000,28.845697901200001,32.680078672500002,True,
2011-06-01,CP,0,LCSP_diagnostic,LCSP_anom,NetPath_low_anom,-0.027641281244443,-1.073770689051729,(h),Central Pacific,LCSP → Low-cloud pathway,LCSP anomaly,Low-cloud Net CRE contribution (W m$^{-2}$),0.915819151700000,30.480830783900000,0.000000000000000,28.845697901200001,32.680078672500002,True,
2011-07-01,CP,0,LCSP_diagnostic,LCSP_anom,NetPath_low_anom,-0.030514729473358,-1.058426789190198,(h),Central Pacific,LCSP → Low-cloud pathway,LCSP anomaly,Low-cloud Net CRE contribution (W m$^{-2}$),0.915819151700000,30.480830783900000,0.000000000000000,28.845697901200001,32.680078672500002,True,
2011-08-01,CP,-1,LCSP_diagnostic,LCSP_anom,NetPath_low_anom,-0.034596013937365,-1.532544806550447,(h),Central Pacific,LCSP → Low-cloud pathway,LCSP anomaly,Low-cloud Net CRE contribution (W m$^{-2}$),0.915819151700000,30.480830783900000,0.000000000000000,28.845697901200001,32.680078672500002,True,
2011-09-01,CP,-1,LCSP_diagnostic,LCSP_anom,NetPath_low_anom,-0.043823763580212,-1.582966303308508,(h),Central Pacific,LCSP → Low-cloud pathway,LCSP anomaly,Low-cloud Net CRE contribution (W m$^{-2}$),0.915819151700000,30.480830783900000,0.000000000000000,28.845697901200001,32.680078672500002,True,
2011-10-01,CP,-1,LCSP_diagnostic,LCSP_anom,NetPath_low_anom,-0.026918963023899,-0.889450955377424,(h),Central Pacific,LCSP → Low-cloud pathway,LCSP anomaly,Low-cloud Net CRE contribution (W m$^{-2}$),0.915819151700000,30.480830783900000,0.000000000000000,28.845697901200001,32.680078672500002,True,
2011-11-01,CP,-1,LCSP_diagnostic,LCSP_anom,NetPath_low_anom,-0.015231051247224,-0.409270665830410,(h),Central Pacific,LCSP → Low-cloud pathway,LCSP anomaly,Low-cloud Net CRE contribution (W m$^{-2}$),0.915819151700000,30.480830783900000,0.000000000000000,28.845697901200001,32.680078672500002,True,
2011-12-01,CP,-1,LCSP_diagnostic,LCSP_anom,NetPath_low_anom,-0.050650618240734,-1.429443071911190,(h),Central Pacific,LCSP → Low-cloud pathway,LCSP anomaly,Low-cloud Net CRE contribution (W m$^{-2}$),0.915819151700000,30.480830783900000,0.000000000000000,28.845697901200001,32.680078672500002,True,
2012-01-01,CP,-1,LCSP_diagnostic,LCSP_anom,NetPath_low_anom,-0.059024778969860,-1.619378952944110,(h),Central Pacific,LCSP → Low-cloud pathway,LCSP anomaly,Low-cloud Net CRE contribution (W m$^{-2}$),0.915819151700000,30.480830783900000,0.000000000000000,28.845697901200001,32.680078672500002,True,
2012-02-01,CP,-1,LCSP_diagnostic,LCSP_anom,NetPath_low_anom,-0.042344906030839,-1.052669451073997,(h),Central Pacific,LCSP → Low-cloud pathway,LCSP anomaly,Low-cloud Net CRE contribution (W m$^{-2}$),0.915819151700000,30.480830783900000,0.000000000000000,28.845697901200001,32.680078672500002,True,
2012-03-01,CP,-1,LCSP_diagnostic,LCSP_anom,NetPath_low_anom,-0.033659736617138,-1.763808851667462,(h),Central Pacific,LCSP → Low-cloud pathway,LCSP anomaly,Low-cloud Net CRE contribution (W m$^{-2}$),0.915819151700000,30.480830783900000,0.000000000000000,28.845697901200001,32.680078672500002,True,
2012-04-01,CP,-1,LCSP_diagnostic,LCSP_anom,NetPath_low_anom,-0.003948847163662,-0.408382186145555,(h),Central Pacific,LCSP → Low-cloud pathway,LCSP anomaly,Low-cloud Net CRE contribution (W m$^{-2}$),0.915819151700000,30.480830783900000,0.000000000000000,28.845697901200001,32.680078672500002,True,
2012-05-01,CP,0,LCSP_diagnostic,LCSP_anom,NetPath_low_anom,-0.023165325176883,-1.110410486844970,(h),Central Pacific,LCSP → Low-cloud pathway,LCSP anomaly,Low-cloud Net CRE contribution (W m$^{-2}$),0.915819151700000,30.480830783900000,0.000000000000000,28.845697901200001,32.680078672500002,True,
2012-06-01,CP,0,LCSP_diagnostic,LCSP_anom,NetPath_low_anom,-0.019753270027092,-0.785491896071391,(h),Central Pacific,LCSP → Low-cloud pathway,LCSP anomaly,Low-cloud Net CRE contribution (W m$^{-2}$),0.915819151700000,30.480830783900000,0.000000000000000,28.845697901200001,32.680078672500002,True,
2012-07-01,CP,0,LCSP_diagnostic,LCSP_anom,NetPath_low_anom,-0.009866037882932,-0.637872535600587,(h),Central Pacific,LCSP → Low-cloud pathway,LCSP anomaly,Low-cloud Net CRE contribution (W m$^{-2}$),0.915819151700000,30.480830783900000,0.000000000000000,28.845697901200001,32.680078672500002,True,
2012-08-01,CP,1,LCSP_diagnostic,LCSP_anom,NetPath_low_anom,-0.010876679949262,-0.245993297897099,(h),Central Pacific,LCSP → Low-cloud pathway,LCSP anomaly,Low-cloud Net CRE contribution (W m$^{-2}$),0.915819151700000,30.480830783900000,0.000000000000000,28.845697901200001,32.680078672500002,True,
2012-09-01,CP,0,LCSP_diagnostic,LCSP_anom,NetPath_low_anom,-0.003756983960338,0.049510918414501,(h),Central Pacific,LCSP → Low-cloud pathway,LCSP anomaly,Low-cloud Net CRE contribution (W m$^{-2}$),0.915819151700000,30.480830783900000,0.000000000000000,28.845697901200001,32.680078672500002,True,
2012-10-01,CP,0,LCSP_diagnostic,LCSP_anom,NetPath_low_anom,0.013280606280097,0.648683351206923,(h),Central Pacific,LCSP → Low-cloud pathway,LCSP anomaly,Low-cloud Net CRE contribution (W m$^{-2}$),0.915819151700000,30.480830783900000,0.000000000000000,28.845697901200001,32.680078672500002,True,
2012-11-01,CP,0,LCSP_diagnostic,LCSP_anom,NetPath_low_anom,0.007152255106081,0.506009004585623,(h),Central Pacific,LCSP → Low-cloud pathway,LCSP anomaly,Low-cloud Net CRE contribution (W m$^{-2}$),0.915819151700000,30.480830783900000,0.000000000000000,28.845697901200001,32.680078672500002,True,
2012-12-01,CP,0,LCSP_diagnostic,LCSP_anom,NetPath_low_anom,0.011266967189379,0.397831132817322,(h),Central Pacific,LCSP → Low-cloud pathway,LCSP anomaly,Low-cloud Net CRE contribution (W m$^{-2}$),0.915819151700000,30.480830783900000,0.000000000000000,28.845697901200001,32.680078672500002,True,
2013-01-01,CP,-1,LCSP_diagnostic,LCSP_anom,NetPath_low_anom,0.014223541397257,0.274235793109287,(h),Central Pacific,LCSP → Low-cloud pathway,LCSP anomaly,Low-cloud Net CRE contribution (W m$^{-2}$),0.915819151700000,30.480830783900000,0.000000000000000,28.845697901200001,32.680078672500002,True,
2013-02-01,CP,-1,LCSP_diagnostic,LCSP_anom,NetPath_low_anom,-0.025454466833452,-0.936531828621967,(h),Central Pacific,LCSP → Low-cloud pathway,LCSP anomaly,Low-cloud Net CRE contribution (W m$^{-2}$),0.915819151700000,30.480830783900000,0.000000000000000,28.845697901200001,32.680078672500002,True,
2013-03-01,CP,0,LCSP_diagnostic,LCSP_anom,NetPath_low_anom,0.009140546517206,0.351361277375845,(h),Central Pacific,LCSP → Low-cloud pathway,LCSP anomaly,Low-cloud Net CRE contribution (W m$^{-2}$),0.915819151700000,30.480830783900000,0.000000000000000,28.845697901200001,32.680078672500002,True,
2013-04-01,CP,0,LCSP_diagnostic,LCSP_anom,NetPath_low_anom,-0.021945739070094,-0.927566710023288,(h),Central Pacific,LCSP → Low-cloud pathway,LCSP anomaly,Low-cloud Net CRE contribution (W m$^{-2}$),0.915819151700000,30.480830783900000,0.000000000000000,28.845697901200001,32.680078672500002,True,
2013-05-01,CP,0,LCSP_diagnostic,LCSP_anom,NetPath_low_anom,-0.016304751214271,-0.578127281370448,(h),Central Pacific,LCSP → Low-cloud pathway,LCSP anomaly,Low-cloud Net CRE contribution (W m$^{-2}$),0.915819151700000,30.480830783900000,0.000000000000000,28.845697901200001,32.680078672500002,True,
2013-06-01,CP,0,LCSP_diagnostic,LCSP_anom,NetPath_low_anom,-0.008038043637761,-0.447945081165068,(h),Central Pacific,LCSP → Low-cloud pathway,LCSP anomaly,Low-cloud Net CRE contribution (W m$^{-2}$),0.915819151700000,30.480830783900000,0.000000000000000,28.845697901200001,32.680078672500002,True,
2013-07-01,CP,0,LCSP_diagnostic,LCSP_anom,NetPath_low_anom,-0.007405218486518,-0.218797640194166,(h),Central Pacific,LCSP → Low-cloud pathway,LCSP anomaly,Low-cloud Net CRE contribution (W m$^{-2}$),0.915819151700000,30.480830783900000,0.000000000000000,28.845697901200001,32.680078672500002,True,
2013-08-01,CP,0,LCSP_diagnostic,LCSP_anom,NetPath_low_anom,0.008604059990836,0.308779781060344,(h),Central Pacific,LCSP → Low-cloud pathway,LCSP anomaly,Low-cloud Net CRE contribution (W m$^{-2}$),0.915819151700000,30.480830783900000,0.000000000000000,28.845697901200001,32.680078672500002,True,
2013-09-01,CP,0,LCSP_diagnostic,LCSP_anom,NetPath_low_anom,-0.007456173491538,-0.475352046897705,(h),Central Pacific,LCSP → Low-cloud pathway,LCSP anomaly,Low-cloud Net CRE contribution (W m$^{-2}$),0.915819151700000,30.480830783900000,0.000000000000000,28.845697901200001,32.680078672500002,True,
2013-10-01,CP,0,LCSP_diagnostic,LCSP_anom,NetPath_low_anom,0.009651243344561,0.185230066143063,(h),Central Pacific,LCSP → Low-cloud pathway,LCSP anomaly,Low-cloud Net CRE contribution (W m$^{-2}$),0.915819151700000,30.480830783900000,0.000000000000000,28.845697901200001,32.680078672500002,True,
2013-11-01,CP,0,LCSP_diagnostic,LCSP_anom,NetPath_low_anom,0.007358202766756,0.365507685898902,(h),Central Pacific,LCSP → Low-cloud pathway,LCSP anomaly,Low-cloud Net CRE contribution (W m$^{-2}$),0.915819151700000,30.480830783900000,0.000000000000000,28.845697901200001,32.680078672500002,True,
2013-12-01,CP,0,LCSP_diagnostic,LCSP_anom,NetPath_low_anom,-0.015238681398759,-0.219790960029286,(h),Central Pacific,LCSP → Low-cloud pathway,LCSP anomaly,Low-cloud Net CRE contribution (W m$^{-2}$),0.915819151700000,30.480830783900000,0.000000000000000,28.845697901200001,32.680078672500002,True,
2014-01-01,CP,-1,LCSP_diagnostic,LCSP_anom,NetPath_low_anom,-0.004972660729948,-0.208336858645407,(h),Central Pacific,LCSP → Low-cloud pathway,LCSP anomaly,Low-cloud Net CRE contribution (W m$^{-2}$),0.915819151700000,30.480830783900000,0.000000000000000,28.845697901200001,32.680078672500002,True,
2014-02-01,CP,-1,LCSP_diagnostic,LCSP_anom,NetPath_low_anom,0.012228399275098,0.118339870736665,(h),Central Pacific,LCSP → Low-cloud pathway,LCSP anomaly,Low-cloud Net CRE contribution (W m$^{-2}$),0.915819151700000,30.480830783900000,0.000000000000000,28.845697901200001,32.680078672500002,True,
2014-03-01,CP,0,LCSP_diagnostic,LCSP_anom,NetPath_low_anom,0.026040462342846,0.810905507787453,(h),Central Pacific,LCSP → Low-cloud pathway,LCSP anomaly,Low-cloud Net CRE contribution (W m$^{-2}$),0.915819151700000,30.480830783900000,0.000000000000000,28.845697901200001,32.680078672500002,True,
2014-04-01,CP,0,LCSP_diagnostic,LCSP_anom,NetPath_low_anom,0.022375291817277,0.943856179888025,(h),Central Pacific,LCSP → Low-cloud pathway,LCSP anomaly,Low-cloud Net CRE contribution (W m$^{-2}$),0.915819151700000,30.480830783900000,0.000000000000000,28.845697901200001,32.680078672500002,True,
2014-05-01,CP,0,LCSP_diagnostic,LCSP_anom,NetPath_low_anom,0.013128507567695,0.610517850996072,(h),Central Pacific,LCSP → Low-cloud pathway,LCSP anomaly,Low-cloud Net CRE contribution (W m$^{-2}$),0.915819151700000,30.480830783900000,0.000000000000000,28.845697901200001,32.680078672500002,True,
2014-06-01,CP,0,LCSP_diagnostic,LCSP_anom,NetPath_low_anom,0.018949454216264,0.578781911635717,(h),Central Pacific,LCSP → Low-cloud pathway,LCSP anomaly,Low-cloud Net CRE contribution (W m$^{-2}$),0.915819151700000,30.480830783900000,0.000000000000000,28.845697901200001,32.680078672500002,True,
2014-07-01,CP,0,LCSP_diagnostic,LCSP_anom,NetPath_low_anom,0.007537880699429,-0.277144226981526,(h),Central Pacific,LCSP → Low-cloud pathway,LCSP anomaly,Low-cloud Net CRE contribution (W m$^{-2}$),0.915819151700000,30.480830783900000,0.000000000000000,28.845697901200001,32.680078672500002,True,
2014-08-01,CP,0,LCSP_diagnostic,LCSP_anom,NetPath_low_anom,0.006916786561382,0.147317705851187,(h),Central Pacific,LCSP → Low-cloud pathway,LCSP anomaly,Low-cloud Net CRE contribution (W m$^{-2}$),0.915819151700000,30.480830783900000,0.000000000000000,28.845697901200001,32.680078672500002,True,
2014-09-01,CP,0,LCSP_diagnostic,LCSP_anom,NetPath_low_anom,0.015814174325371,0.498157281503232,(h),Central Pacific,LCSP → Low-cloud pathway,LCSP anomaly,Low-cloud Net CRE contribution (W m$^{-2}$),0.915819151700000,30.480830783900000,0.000000000000000,28.845697901200001,32.680078672500002,True,
2014-10-01,CP,1,LCSP_diagnostic,LCSP_anom,NetPath_low_anom,0.023718129153092,0.936209574012835,(h),Central Pacific,LCSP → Low-cloud pathway,LCSP anomaly,Low-cloud Net CRE contribution (W m$^{-2}$),0.915819151700000,30.480830783900000,0.000000000000000,28.845697901200001,32.680078672500002,True,
2014-11-01,CP,1,LCSP_diagnostic,LCSP_anom,NetPath_low_anom,0.029284083879050,1.097069546438531,(h),Central Pacific,LCSP → Low-cloud pathway,LCSP anomaly,Low-cloud Net CRE contribution (W m$^{-2}$),0.915819151700000,30.480830783900000,0.000000000000000,28.845697901200001,32.680078672500002,True,
2014-12-01,CP,1,LCSP_diagnostic,LCSP_anom,NetPath_low_anom,0.022741555527824,0.468970303141865,(h),Central Pacific,LCSP → Low-cloud pathway,LCSP anomaly,Low-cloud Net CRE contribution (W m$^{-2}$),0.915819151700000,30.480830783900000,0.000000000000000,28.845697901200001,32.680078672500002,True,
2015-01-01,CP,1,LCSP_diagnostic,LCSP_anom,NetPath_low_anom,0.011544733854071,-0.234853853360565,(h),Central Pacific,LCSP → Low-cloud pathway,LCSP anomaly,Low-cloud Net CRE contribution (W m$^{-2}$),0.915819151700000,30.480830783900000,0.000000000000000,28.845697901200001,32.680078672500002,True,
2015-02-01,CP,0,LCSP_diagnostic,LCSP_anom,NetPath_low_anom,0.022229004569283,0.454131256523730,(h),Central Pacific,LCSP → Low-cloud pathway,LCSP anomaly,Low-cloud Net CRE contribution (W m$^{-2}$),0.915819151700000,30.480830783900000,0.000000000000000,28.845697901200001,32.680078672500002,True,
2015-03-01,CP,1,LCSP_diagnostic,LCSP_anom,NetPath_low_anom,0.053177351567368,1.439398759323637,(h),Central Pacific,LCSP → Low-cloud pathway,LCSP anomaly,Low-cloud Net CRE contribution (W m$^{-2}$),0.915819151700000,30.480830783900000,0.000000000000000,28.845697901200001,32.680078672500002,True,
2015-04-01,CP,1,LCSP_diagnostic,LCSP_anom,NetPath_low_anom,0.048911682524970,1.942256686685476,(h),Central Pacific,LCSP → Low-cloud pathway,LCSP anomaly,Low-cloud Net CRE contribution (W m$^{-2}$),0.915819151700000,30.480830783900000,0.000000000000000,28.845697901200001,32.680078672500002,True,
2015-05-01,CP,1,LCSP_diagnostic,LCSP_anom,NetPath_low_anom,0.035914011812165,1.366781483615125,(h),Central Pacific,LCSP → Low-cloud pathway,LCSP anomaly,Low-cloud Net CRE contribution (W m$^{-2}$),0.915819151700000,30.480830783900000,0.000000000000000,28.845697901200001,32.680078672500002,True,
2015-06-01,CP,1,LCSP_diagnostic,LCSP_anom,NetPath_low_anom,0.032668743134641,0.774669883783596,(h),Central Pacific,LCSP → Low-cloud pathway,LCSP anomaly,Low-cloud Net CRE contribution (W m$^{-2}$),0.915819151700000,30.480830783900000,0.000000000000000,28.845697901200001,32.680078672500002,True,
2015-07-01,CP,1,LCSP_diagnostic,LCSP_anom,NetPath_low_anom,0.044558157222619,1.028081646319974,(h),Central Pacific,LCSP → Low-cloud pathway,LCSP anomaly,Low-cloud Net CRE contribution (W m$^{-2}$),0.915819151700000,30.480830783900000,0.000000000000000,28.845697901200001,32.680078672500002,True,
2015-08-01,CP,1,LCSP_diagnostic,LCSP_anom,NetPath_low_anom,0.045989016241145,0.905237927703722,(h),Central Pacific,LCSP → Low-cloud pathway,LCSP anomaly,Low-cloud Net CRE contribution (W m$^{-2}$),0.915819151700000,30.480830783900000,0.000000000000000,28.845697901200001,32.680078672500002,True,
2015-09-01,CP,1,LCSP_diagnostic,LCSP_anom,NetPath_low_anom,0.053623759674642,1.114294915294319,(h),Central Pacific,LCSP → Low-cloud pathway,LCSP anomaly,Low-cloud Net CRE contribution (W m$^{-2}$),0.915819151700000,30.480830783900000,0.000000000000000,28.845697901200001,32.680078672500002,True,
2015-10-01,CP,1,LCSP_diagnostic,LCSP_anom,NetPath_low_anom,0.032502773327501,0.340506206140218,(h),Central Pacific,LCSP → Low-cloud pathway,LCSP anomaly,Low-cloud Net CRE contribution (W m$^{-2}$),0.915819151700000,30.480830783900000,0.000000000000000,28.845697901200001,32.680078672500002,True,
2015-11-01,CP,1,LCSP_diagnostic,LCSP_anom,NetPath_low_anom,0.045555581883834,1.387246793556245,(h),Central Pacific,LCSP → Low-cloud pathway,LCSP anomaly,Low-cloud Net CRE contribution (W m$^{-2}$),0.915819151700000,30.480830783900000,0.000000000000000,28.845697901200001,32.680078672500002,True,
2015-12-01,CP,1,LCSP_diagnostic,LCSP_anom,NetPath_low_anom,0.069300737286685,2.195257824473072,(h),Central Pacific,LCSP → Low-cloud pathway,LCSP anomaly,Low-cloud Net CRE contribution (W m$^{-2}$),0.915819151700000,30.480830783900000,0.000000000000000,28.845697901200001,32.680078672500002,True,
2016-01-01,CP,1,LCSP_diagnostic,LCSP_anom,NetPath_low_anom,0.054442045530199,1.187332537684467,(h),Central Pacific,LCSP → Low-cloud pathway,LCSP anomaly,Low-cloud Net CRE contribution (W m$^{-2}$),0.915819151700000,30.480830783900000,0.000000000000000,28.845697901200001,32.680078672500002,True,
2016-02-01,CP,1,LCSP_diagnostic,LCSP_anom,NetPath_low_anom,0.043774381978092,1.244392321247493,(h),Central Pacific,LCSP → Low-cloud pathway,LCSP anomaly,Low-cloud Net CRE contribution (W m$^{-2}$),0.915819151700000,30.480830783900000,0.000000000000000,28.845697901200001,32.680078672500002,True,
2016-03-01,CP,1,LCSP_diagnostic,LCSP_anom,NetPath_low_anom,0.023957546515316,0.122902036510593,(h),Central Pacific,LCSP → Low-cloud pathway,LCSP anomaly,Low-cloud Net CRE contribution (W m$^{-2}$),0.915819151700000,30.480830783900000,0.000000000000000,28.845697901200001,32.680078672500002,True,
2016-04-01,CP,1,LCSP_diagnostic,LCSP_anom,NetPath_low_anom,0.007592396087617,-0.145979603817499,(h),Central Pacific,LCSP → Low-cloud pathway,LCSP anomaly,Low-cloud Net CRE contribution (W m$^{-2}$),0.915819151700000,30.480830783900000,0.000000000000000,28.845697901200001,32.680078672500002,True,
2016-05-01,CP,0,LCSP_diagnostic,LCSP_anom,NetPath_low_anom,0.012937431088178,0.447449465569127,(h),Central Pacific,LCSP → Low-cloud pathway,LCSP anomaly,Low-cloud Net CRE contribution (W m$^{-2}$),0.915819151700000,30.480830783900000,0.000000000000000,28.845697901200001,32.680078672500002,True,
2016-06-01,CP,0,LCSP_diagnostic,LCSP_anom,NetPath_low_anom,0.020352305449713,0.658760601355888,(h),Central Pacific,LCSP → Low-cloud pathway,LCSP anomaly,Low-cloud Net CRE contribution (W m$^{-2}$),0.915819151700000,30.480830783900000,0.000000000000000,28.845697901200001,32.680078672500002,True,
2016-07-01,CP,-1,LCSP_diagnostic,LCSP_anom,NetPath_low_anom,0.004825827784845,0.194889284073088,(h),Central Pacific,LCSP → Low-cloud pathway,LCSP anomaly,Low-cloud Net CRE contribution (W m$^{-2}$),0.915819151700000,30.480830783900000,0.000000000000000,28.845697901200001,32.680078672500002,True,
2016-08-01,CP,-1,LCSP_diagnostic,LCSP_anom,NetPath_low_anom,-0.000168003863076,-0.119073653220895,(h),Central Pacific,LCSP → Low-cloud pathway,LCSP anomaly,Low-cloud Net CRE contribution (W m$^{-2}$),0.915819151700000,30.480830783900000,0.000000000000000,28.845697901200001,32.680078672500002,True,
2016-09-01,CP,-1,LCSP_diagnostic,LCSP_anom,NetPath_low_anom,-0.005772628535244,-0.221066123547282,(h),Central Pacific,LCSP → Low-cloud pathway,LCSP anomaly,Low-cloud Net CRE contribution (W m$^{-2}$),0.915819151700000,30.480830783900000,0.000000000000000,28.845697901200001,32.680078672500002,True,
2016-10-01,CP,-1,LCSP_diagnostic,LCSP_anom,NetPath_low_anom,-0.016824658693191,-0.782002065489823,(h),Central Pacific,LCSP → Low-cloud pathway,LCSP anomaly,Low-cloud Net CRE contribution (W m$^{-2}$),0.915819151700000,30.480830783900000,0.000000000000000,28.845697901200001,32.680078672500002,True,
2016-11-01,CP,-1,LCSP_diagnostic,LCSP_anom,NetPath_low_anom,-0.008833935974621,-0.410811242331681,(h),Central Pacific,LCSP → Low-cloud pathway,LCSP anomaly,Low-cloud Net CRE contribution (W m$^{-2}$),0.915819151700000,30.480830783900000,0.000000000000000,28.845697901200001,32.680078672500002,True,
2016-12-01,CP,-1,LCSP_diagnostic,LCSP_anom,NetPath_low_anom,0.007117075590717,0.413088591192054,(h),Central Pacific,LCSP → Low-cloud pathway,LCSP anomaly,Low-cloud Net CRE contribution (W m$^{-2}$),0.915819151700000,30.480830783900000,0.000000000000000,28.845697901200001,32.680078672500002,True,
2017-01-01,CP,0,LCSP_diagnostic,LCSP_anom,NetPath_low_anom,-0.025910838608765,-0.626239251010587,(h),Central Pacific,LCSP → Low-cloud pathway,LCSP anomaly,Low-cloud Net CRE contribution (W m$^{-2}$),0.915819151700000,30.480830783900000,0.000000000000000,28.845697901200001,32.680078672500002,True,
2017-02-01,CP,0,LCSP_diagnostic,LCSP_anom,NetPath_low_anom,-0.007771102995190,0.574877414434962,(h),Central Pacific,LCSP → Low-cloud pathway,LCSP anomaly,Low-cloud Net CRE contribution (W m$^{-2}$),0.915819151700000,30.480830783900000,0.000000000000000,28.845697901200001,32.680078672500002,True,
2017-03-01,CP,0,LCSP_diagnostic,LCSP_anom,NetPath_low_anom,-0.018476754810331,-0.127475420469540,(h),Central Pacific,LCSP → Low-cloud pathway,LCSP anomaly,Low-cloud Net CRE contribution (W m$^{-2}$),0.915819151700000,30.480830783900000,0.000000000000000,28.845697901200001,32.680078672500002,True,
2017-04-01,CP,0,LCSP_diagnostic,LCSP_anom,NetPath_low_anom,-0.011357222530421,-0.362272809532640,(h),Central Pacific,LCSP → Low-cloud pathway,LCSP anomaly,Low-cloud Net CRE contribution (W m$^{-2}$),0.915819151700000,30.480830783900000,0.000000000000000,28.845697901200001,32.680078672500002,True,
2017-05-01,CP,0,LCSP_diagnostic,LCSP_anom,NetPath_low_anom,-0.003202537299871,0.037159441698753,(h),Central Pacific,LCSP → Low-cloud pathway,LCSP anomaly,Low-cloud Net CRE contribution (W m$^{-2}$),0.915819151700000,30.480830783900000,0.000000000000000,28.845697901200001,32.680078672500002,True,
2017-06-01,CP,0,LCSP_diagnostic,LCSP_anom,NetPath_low_anom,0.011943518803212,0.573003790476164,(h),Central Pacific,LCSP → Low-cloud pathway,LCSP anomaly,Low-cloud Net CRE contribution (W m$^{-2}$),0.915819151700000,30.480830783900000,0.000000000000000,28.845697901200001,32.680078672500002,True,
2017-07-01,CP,0,LCSP_diagnostic,LCSP_anom,NetPath_low_anom,-0.005878232583944,0.119998219395769,(h),Central Pacific,LCSP → Low-cloud pathway,LCSP anomaly,Low-cloud Net CRE contribution (W m$^{-2}$),0.915819151700000,30.480830783900000,0.000000000000000,28.845697901200001,32.680078672500002,True,
2017-08-01,CP,0,LCSP_diagnostic,LCSP_anom,NetPath_low_anom,-0.008661018700100,-0.082688169588265,(h),Central Pacific,LCSP → Low-cloud pathway,LCSP anomaly,Low-cloud Net CRE contribution (W m$^{-2}$),0.915819151700000,30.480830783900000,0.000000000000000,28.845697901200001,32.680078672500002,True,
2017-09-01,CP,0,LCSP_diagnostic,LCSP_anom,NetPath_low_anom,-0.013034323942238,-0.220595086793065,(h),Central Pacific,LCSP → Low-cloud pathway,LCSP anomaly,Low-cloud Net CRE contribution (W m$^{-2}$),0.915819151700000,30.480830783900000,0.000000000000000,28.845697901200001,32.680078672500002,True,
2017-10-01,CP,-1,LCSP_diagnostic,LCSP_anom,NetPath_low_anom,-0.009994257610123,-0.438963893478079,(h),Central Pacific,LCSP → Low-cloud pathway,LCSP anomaly,Low-cloud Net CRE contribution (W m$^{-2}$),0.915819151700000,30.480830783900000,0.000000000000000,28.845697901200001,32.680078672500002,True,
2017-11-01,CP,-1,LCSP_diagnostic,LCSP_anom,NetPath_low_anom,-0.025260997212546,-0.953782796639484,(h),Central Pacific,LCSP → Low-cloud pathway,LCSP anomaly,Low-cloud Net CRE contribution (W m$^{-2}$),0.915819151700000,30.480830783900000,0.000000000000000,28.845697901200001,32.680078672500002,True,
2017-12-01,CP,-1,LCSP_diagnostic,LCSP_anom,NetPath_low_anom,-0.021900975165770,-0.984086016042935,(h),Central Pacific,LCSP → Low-cloud pathway,LCSP anomaly,Low-cloud Net CRE contribution (W m$^{-2}$),0.915819151700000,30.480830783900000,0.000000000000000,28.845697901200001,32.680078672500002,True,
2018-01-01,CP,-1,LCSP_diagnostic,LCSP_anom,NetPath_low_anom,-0.033722379027384,-0.888626714212116,(h),Central Pacific,LCSP → Low-cloud pathway,LCSP anomaly,Low-cloud Net CRE contribution (W m$^{-2}$),0.915819151700000,30.480830783900000,0.000000000000000,28.845697901200001,32.680078672500002,True,
2018-02-01,CP,-1,LCSP_diagnostic,LCSP_anom,NetPath_low_anom,0.007415897112239,0.605641294687135,(h),Central Pacific,LCSP → Low-cloud pathway,LCSP anomaly,Low-cloud Net CRE contribution (W m$^{-2}$),0.915819151700000,30.480830783900000,0.000000000000000,28.845697901200001,32.680078672500002,True,
2018-03-01,CP,-1,LCSP_diagnostic,LCSP_anom,NetPath_low_anom,0.011098682218350,0.252309742807557,(h),Central Pacific,LCSP → Low-cloud pathway,LCSP anomaly,Low-cloud Net CRE contribution (W m$^{-2}$),0.915819151700000,30.480830783900000,0.000000000000000,28.845697901200001,32.680078672500002,True,
2018-04-01,CP,-1,LCSP_diagnostic,LCSP_anom,NetPath_low_anom,0.012532858412974,0.785149643971682,(h),Central Pacific,LCSP → Low-cloud pathway,LCSP anomaly,Low-cloud Net CRE contribution (W m$^{-2}$),0.915819151700000,30.480830783900000,0.000000000000000,28.845697901200001,32.680078672500002,True,
2018-05-01,CP,0,LCSP_diagnostic,LCSP_anom,NetPath_low_anom,-0.000068254235487,0.466287496051277,(h),Central Pacific,LCSP → Low-cloud pathway,LCSP anomaly,Low-cloud Net CRE contribution (W m$^{-2}$),0.915819151700000,30.480830783900000,0.000000000000000,28.845697901200001,32.680078672500002,True,
2018-06-01,CP,0,LCSP_diagnostic,LCSP_anom,NetPath_low_anom,0.000343956609964,0.208901693737785,(h),Central Pacific,LCSP → Low-cloud pathway,LCSP anomaly,Low-cloud Net CRE contribution (W m$^{-2}$),0.915819151700000,30.480830783900000,0.000000000000000,28.845697901200001,32.680078672500002,True,
2018-07-01,CP,0,LCSP_diagnostic,LCSP_anom,NetPath_low_anom,0.005134133898846,0.292533787874517,(h),Central Pacific,LCSP → Low-cloud pathway,LCSP anomaly,Low-cloud Net CRE contribution (W m$^{-2}$),0.915819151700000,30.480830783900000,0.000000000000000,28.845697901200001,32.680078672500002,True,
2018-08-01,CP,0,LCSP_diagnostic,LCSP_anom,NetPath_low_anom,0.018007055236651,0.527972031860068,(h),Central Pacific,LCSP → Low-cloud pathway,LCSP anomaly,Low-cloud Net CRE contribution (W m$^{-2}$),0.915819151700000,30.480830783900000,0.000000000000000,28.845697901200001,32.680078672500002,True,
2018-09-01,CP,1,LCSP_diagnostic,LCSP_anom,NetPath_low_anom,0.038455654427326,1.223939029877982,(h),Central Pacific,LCSP → Low-cloud pathway,LCSP anomaly,Low-cloud Net CRE contribution (W m$^{-2}$),0.915819151700000,30.480830783900000,0.000000000000000,28.845697901200001,32.680078672500002,True,
2018-10-01,CP,1,LCSP_diagnostic,LCSP_anom,NetPath_low_anom,0.027100895058962,1.376648467617672,(h),Central Pacific,LCSP → Low-cloud pathway,LCSP anomaly,Low-cloud Net CRE contribution (W m$^{-2}$),0.915819151700000,30.480830783900000,0.000000000000000,28.845697901200001,32.680078672500002,True,
2018-11-01,CP,1,LCSP_diagnostic,LCSP_anom,NetPath_low_anom,0.021189381925977,0.813533694373104,(h),Central Pacific,LCSP → Low-cloud pathway,LCSP anomaly,Low-cloud Net CRE contribution (W m$^{-2}$),0.915819151700000,30.480830783900000,0.000000000000000,28.845697901200001,32.680078672500002,True,
2018-12-01,CP,1,LCSP_diagnostic,LCSP_anom,NetPath_low_anom,0.025472209904587,0.838701599846829,(h),Central Pacific,LCSP → Low-cloud pathway,LCSP anomaly,Low-cloud Net CRE contribution (W m$^{-2}$),0.915819151700000,30.480830783900000,0.000000000000000,28.845697901200001,32.680078672500002,True,
2019-01-01,CP,1,LCSP_diagnostic,LCSP_anom,NetPath_low_anom,0.022265321956189,0.264640550060188,(h),Central Pacific,LCSP → Low-cloud pathway,LCSP anomaly,Low-cloud Net CRE contribution (W m$^{-2}$),0.915819151700000,30.480830783900000,0.000000000000000,28.845697901200001,32.680078672500002,True,
2019-02-01,CP,1,LCSP_diagnostic,LCSP_anom,NetPath_low_anom,0.053377575777597,1.702265021060096,(h),Central Pacific,LCSP → Low-cloud pathway,LCSP anomaly,Low-cloud Net CRE contribution (W m$^{-2}$),0.915819151700000,30.480830783900000,0.000000000000000,28.845697901200001,32.680078672500002,True,
2019-03-01,CP,1,LCSP_diagnostic,LCSP_anom,NetPath_low_anom,0.027836409596732,0.847566470792920,(h),Central Pacific,LCSP → Low-cloud pathway,LCSP anomaly,Low-cloud Net CRE contribution (W m$^{-2}$),0.915819151700000,30.480830783900000,0.000000000000000,28.845697901200001,32.680078672500002,True,
2019-04-01,CP,1,LCSP_diagnostic,LCSP_anom,NetPath_low_anom,0.006002351568903,0.422389765884363,(h),Central Pacific,LCSP → Low-cloud pathway,LCSP anomaly,Low-cloud Net CRE contribution (W m$^{-2}$),0.915819151700000,30.480830783900000,0.000000000000000,28.845697901200001,32.680078672500002,True,
2019-05-01,CP,1,LCSP_diagnostic,LCSP_anom,NetPath_low_anom,0.043210351308742,1.478733889262712,(h),Central Pacific,LCSP → Low-cloud pathway,LCSP anomaly,Low-cloud Net CRE contribution (W m$^{-2}$),0.915819151700000,30.480830783900000,0.000000000000000,28.845697901200001,32.680078672500002,True,
2019-06-01,CP,1,LCSP_diagnostic,LCSP_anom,NetPath_low_anom,0.011999818771878,0.408416119897751,(h),Central Pacific,LCSP → Low-cloud pathway,LCSP anomaly,Low-cloud Net CRE contribution (W m$^{-2}$),0.915819151700000,30.480830783900000,0.000000000000000,28.845697901200001,32.680078672500002,True,
2019-07-01,CP,0,LCSP_diagnostic,LCSP_anom,NetPath_low_anom,0.041512896532068,1.520963490963060,(h),Central Pacific,LCSP → Low-cloud pathway,LCSP anomaly,Low-cloud Net CRE contribution (W m$^{-2}$),0.915819151700000,30.480830783900000,0.000000000000000,28.845697901200001,32.680078672500002,True,
2019-08-01,CP,0,LCSP_diagnostic,LCSP_anom,NetPath_low_anom,0.019449548595917,1.007892097833104,(h),Central Pacific,LCSP → Low-cloud pathway,LCSP anomaly,Low-cloud Net CRE contribution (W m$^{-2}$),0.915819151700000,30.480830783900000,0.000000000000000,28.845697901200001,32.680078672500002,True,
2019-09-01,CP,0,LCSP_diagnostic,LCSP_anom,NetPath_low_anom,0.030255646079262,0.867968472886434,(h),Central Pacific,LCSP → Low-cloud pathway,LCSP anomaly,Low-cloud Net CRE contribution (W m$^{-2}$),0.915819151700000,30.480830783900000,0.000000000000000,28.845697901200001,32.680078672500002,True,
2019-10-01,CP,1,LCSP_diagnostic,LCSP_anom,NetPath_low_anom,0.025035754746319,1.379863634272138,(h),Central Pacific,LCSP → Low-cloud pathway,LCSP anomaly,Low-cloud Net CRE contribution (W m$^{-2}$),0.915819151700000,30.480830783900000,0.000000000000000,28.845697901200001,32.680078672500002,True,
2019-11-01,CP,1,LCSP_diagnostic,LCSP_anom,NetPath_low_anom,0.024668426475941,0.942910010287287,(h),Central Pacific,LCSP → Low-cloud pathway,LCSP anomaly,Low-cloud Net CRE contribution (W m$^{-2}$),0.915819151700000,30.480830783900000,0.000000000000000,28.845697901200001,32.680078672500002,True,
2019-12-01,CP,1,LCSP_diagnostic,LCSP_anom,NetPath_low_anom,0.036003963854990,1.499748202944697,(h),Central Pacific,LCSP → Low-cloud pathway,LCSP anomaly,Low-cloud Net CRE contribution (W m$^{-2}$),0.915819151700000,30.480830783900000,0.000000000000000,28.845697901200001,32.680078672500002,True,
2020-01-01,CP,1,LCSP_diagnostic,LCSP_anom,NetPath_low_anom,0.034003847012355,1.346533108068571,(h),Central Pacific,LCSP → Low-cloud pathway,LCSP anomaly,Low-cloud Net CRE contribution (W m$^{-2}$),0.915819151700000,30.480830783900000,0.000000000000000,28.845697901200001,32.680078672500002,True,
2020-02-01,CP,0,LCSP_diagnostic,LCSP_anom,NetPath_low_anom,0.031794375507338,0.888964147244101,(h),Central Pacific,LCSP → Low-cloud pathway,LCSP anomaly,Low-cloud Net CRE contribution (W m$^{-2}$),0.915819151700000,30.480830783900000,0.000000000000000,28.845697901200001,32.680078672500002,True,
2020-03-01,CP,1,LCSP_diagnostic,LCSP_anom,NetPath_low_anom,0.009684220351752,0.528889454646557,(h),Central Pacific,LCSP → Low-cloud pathway,LCSP anomaly,Low-cloud Net CRE contribution (W m$^{-2}$),0.915819151700000,30.480830783900000,0.000000000000000,28.845697901200001,32.680078672500002,True,
2020-04-01,CP,0,LCSP_diagnostic,LCSP_anom,NetPath_low_anom,0.006584242249475,0.484969184546722,(h),Central Pacific,LCSP → Low-cloud pathway,LCSP anomaly,Low-cloud Net CRE contribution (W m$^{-2}$),0.915819151700000,30.480830783900000,0.000000000000000,28.845697901200001,32.680078672500002,True,
2020-05-01,CP,0,LCSP_diagnostic,LCSP_anom,NetPath_low_anom,-0.021747485530875,-0.852150320599933,(h),Central Pacific,LCSP → Low-cloud pathway,LCSP anomaly,Low-cloud Net CRE contribution (W m$^{-2}$),0.915819151700000,30.480830783900000,0.000000000000000,28.845697901200001,32.680078672500002,True,
2020-06-01,CP,0,LCSP_diagnostic,LCSP_anom,NetPath_low_anom,-0.006210624864029,-0.244143643951722,(h),Central Pacific,LCSP → Low-cloud pathway,LCSP anomaly,Low-cloud Net CRE contribution (W m$^{-2}$),0.915819151700000,30.480830783900000,0.000000000000000,28.845697901200001,32.680078672500002,True,
2020-07-01,CP,0,LCSP_diagnostic,LCSP_anom,NetPath_low_anom,0.004206351407346,0.481618596909060,(h),Central Pacific,LCSP → Low-cloud pathway,LCSP anomaly,Low-cloud Net CRE contribution (W m$^{-2}$),0.915819151700000,30.480830783900000,0.000000000000000,28.845697901200001,32.680078672500002,True,
2020-08-01,CP,-1,LCSP_diagnostic,LCSP_anom,NetPath_low_anom,-0.016824346158005,-0.438564712956305,(h),Central Pacific,LCSP → Low-cloud pathway,LCSP anomaly,Low-cloud Net CRE contribution (W m$^{-2}$),0.915819151700000,30.480830783900000,0.000000000000000,28.845697901200001,32.680078672500002,True,
2020-09-01,CP,-1,LCSP_diagnostic,LCSP_anom,NetPath_low_anom,-0.010189209208435,-0.000812377084404,(h),Central Pacific,LCSP → Low-cloud pathway,LCSP anomaly,Low-cloud Net CRE contribution (W m$^{-2}$),0.915819151700000,30.480830783900000,0.000000000000000,28.845697901200001,32.680078672500002,True,
2020-10-01,CP,-1,LCSP_diagnostic,LCSP_anom,NetPath_low_anom,-0.035921460126184,-1.427350687482078,(h),Central Pacific,LCSP → Low-cloud pathway,LCSP anomaly,Low-cloud Net CRE contribution (W m$^{-2}$),0.915819151700000,30.480830783900000,0.000000000000000,28.845697901200001,32.680078672500002,True,
2020-11-01,CP,-1,LCSP_diagnostic,LCSP_anom,NetPath_low_anom,-0.041654150296114,-1.681648568340928,(h),Central Pacific,LCSP → Low-cloud pathway,LCSP anomaly,Low-cloud Net CRE contribution (W m$^{-2}$),0.915819151700000,30.480830783900000,0.000000000000000,28.845697901200001,32.680078672500002,True,
2020-12-01,CP,-1,LCSP_diagnostic,LCSP_anom,NetPath_low_anom,-0.055254681167202,-1.383837735332944,(h),Central Pacific,LCSP → Low-cloud pathway,LCSP anomaly,Low-cloud Net CRE contribution (W m$^{-2}$),0.915819151700000,30.480830783900000,0.000000000000000,28.845697901200001,32.680078672500002,True,
2021-01-01,CP,-1,LCSP_diagnostic,LCSP_anom,NetPath_low_anom,-0.069551852186299,-2.081054251519031,(h),Central Pacific,LCSP → Low-cloud pathway,LCSP anomaly,Low-cloud Net CRE contribution (W m$^{-2}$),0.915819151700000,30.480830783900000,0.000000000000000,28.845697901200001,32.680078672500002,True,
2021-02-01,CP,-1,LCSP_diagnostic,LCSP_anom,NetPath_low_anom,-0.023088590636441,-0.934768461719810,(h),Central Pacific,LCSP → Low-cloud pathway,LCSP anomaly,Low-cloud Net CRE contribution (W m$^{-2}$),0.915819151700000,30.480830783900000,0.000000000000000,28.845697901200001,32.680078672500002,True,
2021-03-01,CP,-1,LCSP_diagnostic,LCSP_anom,NetPath_low_anom,-0.011430307872455,-0.322601141461040,(h),Central Pacific,LCSP → Low-cloud pathway,LCSP anomaly,Low-cloud Net CRE contribution (W m$^{-2}$),0.915819151700000,30.480830783900000,0.000000000000000,28.845697901200001,32.680078672500002,True,
2021-04-01,CP,-1,LCSP_diagnostic,LCSP_anom,NetPath_low_anom,0.009575224870543,-0.136068532995766,(h),Central Pacific,LCSP → Low-cloud pathway,LCSP anomaly,Low-cloud Net CRE contribution (W m$^{-2}$),0.915819151700000,30.480830783900000,0.000000000000000,28.845697901200001,32.680078672500002,True,
2021-05-01,CP,-1,LCSP_diagnostic,LCSP_anom,NetPath_low_anom,-0.010785097045900,-0.314876104588119,(h),Central Pacific,LCSP → Low-cloud pathway,LCSP anomaly,Low-cloud Net CRE contribution (W m$^{-2}$),0.915819151700000,30.480830783900000,0.000000000000000,28.845697901200001,32.680078672500002,True,
2021-06-01,CP,0,LCSP_diagnostic,LCSP_anom,NetPath_low_anom,-0.008785509180449,-0.157182485922654,(h),Central Pacific,LCSP → Low-cloud pathway,LCSP anomaly,Low-cloud Net CRE contribution (W m$^{-2}$),0.915819151700000,30.480830783900000,0.000000000000000,28.845697901200001,32.680078672500002,True,
2021-07-01,CP,0,LCSP_diagnostic,LCSP_anom,NetPath_low_anom,-0.016281785790899,-0.113178607271541,(h),Central Pacific,LCSP → Low-cloud pathway,LCSP anomaly,Low-cloud Net CRE contribution (W m$^{-2}$),0.915819151700000,30.480830783900000,0.000000000000000,28.845697901200001,32.680078672500002,True,
2021-08-01,CP,-1,LCSP_diagnostic,LCSP_anom,NetPath_low_anom,-0.012875003466483,-0.286268191094987,(h),Central Pacific,LCSP → Low-cloud pathway,LCSP anomaly,Low-cloud Net CRE contribution (W m$^{-2}$),0.915819151700000,30.480830783900000,0.000000000000000,28.845697901200001,32.680078672500002,True,
2021-09-01,CP,-1,LCSP_diagnostic,LCSP_anom,NetPath_low_anom,-0.028119037741133,-0.255928524282360,(h),Central Pacific,LCSP → Low-cloud pathway,LCSP anomaly,Low-cloud Net CRE contribution (W m$^{-2}$),0.915819151700000,30.480830783900000,0.000000000000000,28.845697901200001,32.680078672500002,True,
2021-10-01,CP,-1,LCSP_diagnostic,LCSP_anom,NetPath_low_anom,-0.032250493997199,-1.396621266797118,(h),Central Pacific,LCSP → Low-cloud pathway,LCSP anomaly,Low-cloud Net CRE contribution (W m$^{-2}$),0.915819151700000,30.480830783900000,0.000000000000000,28.845697901200001,32.680078672500002,True,
2021-11-01,CP,-1,LCSP_diagnostic,LCSP_anom,NetPath_low_anom,-0.035572429225439,-1.038460673819093,(h),Central Pacific,LCSP → Low-cloud pathway,LCSP anomaly,Low-cloud Net CRE contribution (W m$^{-2}$),0.915819151700000,30.480830783900000,0.000000000000000,28.845697901200001,32.680078672500002,True,
2021-12-01,CP,-1,LCSP_diagnostic,LCSP_anom,NetPath_low_anom,-0.011627996768115,-0.688541377283513,(h),Central Pacific,LCSP → Low-cloud pathway,LCSP anomaly,Low-cloud Net CRE contribution (W m$^{-2}$),0.915819151700000,30.480830783900000,0.000000000000000,28.845697901200001,32.680078672500002,True,
2022-01-01,CP,-1,LCSP_diagnostic,LCSP_anom,NetPath_low_anom,-0.017342043570846,-0.255556094025617,(h),Central Pacific,LCSP → Low-cloud pathway,LCSP anomaly,Low-cloud Net CRE contribution (W m$^{-2}$),0.915819151700000,30.480830783900000,0.000000000000000,28.845697901200001,32.680078672500002,True,
2022-02-01,CP,-1,LCSP_diagnostic,LCSP_anom,NetPath_low_anom,-0.048350234282134,-1.122583133960945,(h),Central Pacific,LCSP → Low-cloud pathway,LCSP anomaly,Low-cloud Net CRE contribution (W m$^{-2}$),0.915819151700000,30.480830783900000,0.000000000000000,28.845697901200001,32.680078672500002,True,
2022-03-01,CP,-1,LCSP_diagnostic,LCSP_anom,NetPath_low_anom,-0.051239648935448,-0.974203801704582,(h),Central Pacific,LCSP → Low-cloud pathway,LCSP anomaly,Low-cloud Net CRE contribution (W m$^{-2}$),0.915819151700000,30.480830783900000,0.000000000000000,28.845697901200001,32.680078672500002,True,
2022-04-01,CP,-1,LCSP_diagnostic,LCSP_anom,NetPath_low_anom,-0.031336812110971,-0.645036263595970,(h),Central Pacific,LCSP → Low-cloud pathway,LCSP anomaly,Low-cloud Net CRE contribution (W m$^{-2}$),0.915819151700000,30.480830783900000,0.000000000000000,28.845697901200001,32.680078672500002,True,
2022-05-01,CP,-1,LCSP_diagnostic,LCSP_anom,NetPath_low_anom,-0.020746750803825,-0.525479751844097,(h),Central Pacific,LCSP → Low-cloud pathway,LCSP anomaly,Low-cloud Net CRE contribution (W m$^{-2}$),0.915819151700000,30.480830783900000,0.000000000000000,28.845697901200001,32.680078672500002,True,
2022-06-01,CP,-1,LCSP_diagnostic,LCSP_anom,NetPath_low_anom,-0.017417388129512,0.392752941533960,(h),Central Pacific,LCSP → Low-cloud pathway,LCSP anomaly,Low-cloud Net CRE contribution (W m$^{-2}$),0.915819151700000,30.480830783900000,0.000000000000000,28.845697901200001,32.680078672500002,True,
2022-07-01,CP,-1,LCSP_diagnostic,LCSP_anom,NetPath_low_anom,-0.041211357728227,-0.937113778091939,(h),Central Pacific,LCSP → Low-cloud pathway,LCSP anomaly,Low-cloud Net CRE contribution (W m$^{-2}$),0.915819151700000,30.480830783900000,0.000000000000000,28.845697901200001,32.680078672500002,True,
2022-08-01,CP,-1,LCSP_diagnostic,LCSP_anom,NetPath_low_anom,-0.049237977165846,-1.132698841619581,(h),Central Pacific,LCSP → Low-cloud pathway,LCSP anomaly,Low-cloud Net CRE contribution (W m$^{-2}$),0.915819151700000,30.480830783900000,0.000000000000000,28.845697901200001,32.680078672500002,True,
2022-09-01,CP,-1,LCSP_diagnostic,LCSP_anom,NetPath_low_anom,-0.046766217944074,-1.517026324597785,(h),Central Pacific,LCSP → Low-cloud pathway,LCSP anomaly,Low-cloud Net CRE contribution (W m$^{-2}$),0.915819151700000,30.480830783900000,0.000000000000000,28.845697901200001,32.680078672500002,True,
2022-10-01,CP,-1,LCSP_diagnostic,LCSP_anom,NetPath_low_anom,-0.053290581606856,-1.627030648349123,(h),Central Pacific,LCSP → Low-cloud pathway,LCSP anomaly,Low-cloud Net CRE contribution (W m$^{-2}$),0.915819151700000,30.480830783900000,0.000000000000000,28.845697901200001,32.680078672500002,True,
2022-11-01,CP,-1,LCSP_diagnostic,LCSP_anom,NetPath_low_anom,-0.028237525557970,-0.738717542753816,(h),Central Pacific,LCSP → Low-cloud pathway,LCSP anomaly,Low-cloud Net CRE contribution (W m$^{-2}$),0.915819151700000,30.480830783900000,0.000000000000000,28.845697901200001,32.680078672500002,True,
2022-12-01,CP,-1,LCSP_diagnostic,LCSP_anom,NetPath_low_anom,-0.041811862305499,-1.151004346736550,(h),Central Pacific,LCSP → Low-cloud pathway,LCSP anomaly,Low-cloud Net CRE contribution (W m$^{-2}$),0.915819151700000,30.480830783900000,0.000000000000000,28.845697901200001,32.680078672500002,True,
2023-01-01,CP,-1,LCSP_diagnostic,LCSP_anom,NetPath_low_anom,-0.049252095797904,-1.353219807151921,(h),Central Pacific,LCSP → Low-cloud pathway,LCSP anomaly,Low-cloud Net CRE contribution (W m$^{-2}$),0.915819151700000,30.480830783900000,0.000000000000000,28.845697901200001,32.680078672500002,True,
2023-02-01,CP,-1,LCSP_diagnostic,LCSP_anom,NetPath_low_anom,-0.032606939047445,-1.082312769540221,(h),Central Pacific,LCSP → Low-cloud pathway,LCSP anomaly,Low-cloud Net CRE contribution (W m$^{-2}$),0.915819151700000,30.480830783900000,0.000000000000000,28.845697901200001,32.680078672500002,True,
2002-07-01,EP,1,LCSP_diagnostic,LCSP_anom,NetPath_low_anom,0.006548481943310,-0.559145717132100,(i),Eastern Pacific,LCSP → Low-cloud pathway,LCSP anomaly,Low-cloud Net CRE contribution (W m$^{-2}$),0.904894679800000,79.563783496100001,-0.000000000000000,74.729125964999994,86.590994781500001,True,
2002-08-01,EP,1,LCSP_diagnostic,LCSP_anom,NetPath_low_anom,-0.014524208540411,-1.695226515430345,(i),Eastern Pacific,LCSP → Low-cloud pathway,LCSP anomaly,Low-cloud Net CRE contribution (W m$^{-2}$),0.904894679800000,79.563783496100001,-0.000000000000000,74.729125964999994,86.590994781500001,True,
2002-09-01,EP,1,LCSP_diagnostic,LCSP_anom,NetPath_low_anom,0.014813515579726,1.858859291316179,(i),Eastern Pacific,LCSP → Low-cloud pathway,LCSP anomaly,Low-cloud Net CRE contribution (W m$^{-2}$),0.904894679800000,79.563783496100001,-0.000000000000000,74.729125964999994,86.590994781500001,True,
2002-10-01,EP,1,LCSP_diagnostic,LCSP_anom,NetPath_low_anom,0.015069466469114,0.718895398588135,(i),Eastern Pacific,LCSP → Low-cloud pathway,LCSP anomaly,Low-cloud Net CRE contribution (W m$^{-2}$),0.904894679800000,79.563783496100001,-0.000000000000000,74.729125964999994,86.590994781500001,True,
2002-11-01,EP,1,LCSP_diagnostic,LCSP_anom,NetPath_low_anom,0.023735453135069,2.445442041142165,(i),Eastern Pacific,LCSP → Low-cloud pathway,LCSP anomaly,Low-cloud Net CRE contribution (W m$^{-2}$),0.904894679800000,79.563783496100001,-0.000000000000000,74.729125964999994,86.590994781500001,True,
2002-12-01,EP,1,LCSP_diagnostic,LCSP_anom,NetPath_low_anom,0.011362233198782,0.664171186794391,(i),Eastern Pacific,LCSP → Low-cloud pathway,LCSP anomaly,Low-cloud Net CRE contribution (W m$^{-2}$),0.904894679800000,79.563783496100001,-0.000000000000000,74.729125964999994,86.590994781500001,True,
2003-01-01,EP,1,LCSP_diagnostic,LCSP_anom,NetPath_low_anom,-0.037734010971438,-2.547398853310217,(i),Eastern Pacific,LCSP → Low-cloud pathway,LCSP anomaly,Low-cloud Net CRE contribution (W m$^{-2}$),0.904894679800000,79.563783496100001,-0.000000000000000,74.729125964999994,86.590994781500001,True,
2003-02-01,EP,1,LCSP_diagnostic,LCSP_anom,NetPath_low_anom,-0.020506154366964,-1.674266491344772,(i),Eastern Pacific,LCSP → Low-cloud pathway,LCSP anomaly,Low-cloud Net CRE contribution (W m$^{-2}$),0.904894679800000,79.563783496100001,-0.000000000000000,74.729125964999994,86.590994781500001,True,
2003-03-01,EP,0,LCSP_diagnostic,LCSP_anom,NetPath_low_anom,-0.010390549857910,-0.799940181598679,(i),Eastern Pacific,LCSP → Low-cloud pathway,LCSP anomaly,Low-cloud Net CRE contribution (W m$^{-2}$),0.904894679800000,79.563783496100001,-0.000000000000000,74.729125964999994,86.590994781500001,True,
2003-04-01,EP,0,LCSP_diagnostic,LCSP_anom,NetPath_low_anom,-0.009116866584821,-0.811505041300356,(i),Eastern Pacific,LCSP → Low-cloud pathway,LCSP anomaly,Low-cloud Net CRE contribution (W m$^{-2}$),0.904894679800000,79.563783496100001,-0.000000000000000,74.729125964999994,86.590994781500001,True,
2003-05-01,EP,-1,LCSP_diagnostic,LCSP_anom,NetPath_low_anom,-0.029150751463404,-2.546080662694598,(i),Eastern Pacific,LCSP → Low-cloud pathway,LCSP anomaly,Low-cloud Net CRE contribution (W m$^{-2}$),0.904894679800000,79.563783496100001,-0.000000000000000,74.729125964999994,86.590994781500001,True,
2003-06-01,EP,0,LCSP_diagnostic,LCSP_anom,NetPath_low_anom,-0.002348519664187,-0.765114272926549,(i),Eastern Pacific,LCSP → Low-cloud pathway,LCSP anomaly,Low-cloud Net CRE contribution (W m$^{-2}$),0.904894679800000,79.563783496100001,-0.000000000000000,74.729125964999994,86.590994781500001,True,
2003-07-01,EP,0,LCSP_diagnostic,LCSP_anom,NetPath_low_anom,0.004597530600344,0.629219321143879,(i),Eastern Pacific,LCSP → Low-cloud pathway,LCSP anomaly,Low-cloud Net CRE contribution (W m$^{-2}$),0.904894679800000,79.563783496100001,-0.000000000000000,74.729125964999994,86.590994781500001,True,
2003-08-01,EP,0,LCSP_diagnostic,LCSP_anom,NetPath_low_anom,-0.001058505773596,-0.445013012003471,(i),Eastern Pacific,LCSP → Low-cloud pathway,LCSP anomaly,Low-cloud Net CRE contribution (W m$^{-2}$),0.904894679800000,79.563783496100001,-0.000000000000000,74.729125964999994,86.590994781500001,True,
2003-09-01,EP,0,LCSP_diagnostic,LCSP_anom,NetPath_low_anom,0.027317119421256,1.846864941459774,(i),Eastern Pacific,LCSP → Low-cloud pathway,LCSP anomaly,Low-cloud Net CRE contribution (W m$^{-2}$),0.904894679800000,79.563783496100001,-0.000000000000000,74.729125964999994,86.590994781500001,True,
2003-10-01,EP,0,LCSP_diagnostic,LCSP_anom,NetPath_low_anom,0.015247916866779,1.610482861963504,(i),Eastern Pacific,LCSP → Low-cloud pathway,LCSP anomaly,Low-cloud Net CRE contribution (W m$^{-2}$),0.904894679800000,79.563783496100001,-0.000000000000000,74.729125964999994,86.590994781500001,True,
2003-11-01,EP,0,LCSP_diagnostic,LCSP_anom,NetPath_low_anom,0.019495519509379,1.187488421973640,(i),Eastern Pacific,LCSP → Low-cloud pathway,LCSP anomaly,Low-cloud Net CRE contribution (W m$^{-2}$),0.904894679800000,79.563783496100001,-0.000000000000000,74.729125964999994,86.590994781500001,True,
2003-12-01,EP,0,LCSP_diagnostic,LCSP_anom,NetPath_low_anom,0.007265896239582,2.115825695963128,(i),Eastern Pacific,LCSP → Low-cloud pathway,LCSP anomaly,Low-cloud Net CRE contribution (W m$^{-2}$),0.904894679800000,79.563783496100001,-0.000000000000000,74.729125964999994,86.590994781500001,True,
2004-01-01,EP,0,LCSP_diagnostic,LCSP_anom,NetPath_low_anom,0.014196045999750,1.934879320678487,(i),Eastern Pacific,LCSP → Low-cloud pathway,LCSP anomaly,Low-cloud Net CRE contribution (W m$^{-2}$),0.904894679800000,79.563783496100001,-0.000000000000000,74.729125964999994,86.590994781500001,True,
2004-02-01,EP,0,LCSP_diagnostic,LCSP_anom,NetPath_low_anom,-0.006836370434197,-0.101470296261603,(i),Eastern Pacific,LCSP → Low-cloud pathway,LCSP anomaly,Low-cloud Net CRE contribution (W m$^{-2}$),0.904894679800000,79.563783496100001,-0.000000000000000,74.729125964999994,86.590994781500001,True,
2004-03-01,EP,0,LCSP_diagnostic,LCSP_anom,NetPath_low_anom,-0.007480800861293,-1.110894809541829,(i),Eastern Pacific,LCSP → Low-cloud pathway,LCSP anomaly,Low-cloud Net CRE contribution (W m$^{-2}$),0.904894679800000,79.563783496100001,-0.000000000000000,74.729125964999994,86.590994781500001,True,
2004-04-01,EP,0,LCSP_diagnostic,LCSP_anom,NetPath_low_anom,0.002329660321694,0.144894978670619,(i),Eastern Pacific,LCSP → Low-cloud pathway,LCSP anomaly,Low-cloud Net CRE contribution (W m$^{-2}$),0.904894679800000,79.563783496100001,-0.000000000000000,74.729125964999994,86.590994781500001,True,
2004-05-01,EP,0,LCSP_diagnostic,LCSP_anom,NetPath_low_anom,-0.009712048021593,-1.190286823667211,(i),Eastern Pacific,LCSP → Low-cloud pathway,LCSP anomaly,Low-cloud Net CRE contribution (W m$^{-2}$),0.904894679800000,79.563783496100001,-0.000000000000000,74.729125964999994,86.590994781500001,True,
2004-06-01,EP,0,LCSP_diagnostic,LCSP_anom,NetPath_low_anom,-0.024179373051788,-1.943168423452839,(i),Eastern Pacific,LCSP → Low-cloud pathway,LCSP anomaly,Low-cloud Net CRE contribution (W m$^{-2}$),0.904894679800000,79.563783496100001,-0.000000000000000,74.729125964999994,86.590994781500001,True,
2004-07-01,EP,1,LCSP_diagnostic,LCSP_anom,NetPath_low_anom,0.002914489031951,0.167146641377631,(i),Eastern Pacific,LCSP → Low-cloud pathway,LCSP anomaly,Low-cloud Net CRE contribution (W m$^{-2}$),0.904894679800000,79.563783496100001,-0.000000000000000,74.729125964999994,86.590994781500001,True,
2004-08-01,EP,1,LCSP_diagnostic,LCSP_anom,NetPath_low_anom,-0.017627772776422,-2.477580191101715,(i),Eastern Pacific,LCSP → Low-cloud pathway,LCSP anomaly,Low-cloud Net CRE contribution (W m$^{-2}$),0.904894679800000,79.563783496100001,-0.000000000000000,74.729125964999994,86.590994781500001,True,
2004-09-01,EP,1,LCSP_diagnostic,LCSP_anom,NetPath_low_anom,0.013543660117230,1.729029362012238,(i),Eastern Pacific,LCSP → Low-cloud pathway,LCSP anomaly,Low-cloud Net CRE contribution (W m$^{-2}$),0.904894679800000,79.563783496100001,-0.000000000000000,74.729125964999994,86.590994781500001,True,
2004-10-01,EP,1,LCSP_diagnostic,LCSP_anom,NetPath_low_anom,0.007444332576906,1.732530595034273,(i),Eastern Pacific,LCSP → Low-cloud pathway,LCSP anomaly,Low-cloud Net CRE contribution (W m$^{-2}$),0.904894679800000,79.563783496100001,-0.000000000000000,74.729125964999994,86.590994781500001,True,
2004-11-01,EP,1,LCSP_diagnostic,LCSP_anom,NetPath_low_anom,0.027629649021578,2.465242000144809,(i),Eastern Pacific,LCSP → Low-cloud pathway,LCSP anomaly,Low-cloud Net CRE contribution (W m$^{-2}$),0.904894679800000,79.563783496100001,-0.000000000000000,74.729125964999994,86.590994781500001,True,
2004-12-01,EP,1,LCSP_diagnostic,LCSP_anom,NetPath_low_anom,0.023677900209645,2.406904190715970,(i),Eastern Pacific,LCSP → Low-cloud pathway,LCSP anomaly,Low-cloud Net CRE contribution (W m$^{-2}$),0.904894679800000,79.563783496100001,-0.000000000000000,74.729125964999994,86.590994781500001,True,
2005-01-01,EP,1,LCSP_diagnostic,LCSP_anom,NetPath_low_anom,-0.003139470379668,0.467017233009805,(i),Eastern Pacific,LCSP → Low-cloud pathway,LCSP anomaly,Low-cloud Net CRE contribution (W m$^{-2}$),0.904894679800000,79.563783496100001,-0.000000000000000,74.729125964999994,86.590994781500001,True,
2005-02-01,EP,0,LCSP_diagnostic,LCSP_anom,NetPath_low_anom,-0.008977574997814,-0.736237604495832,(i),Eastern Pacific,LCSP → Low-cloud pathway,LCSP anomaly,Low-cloud Net CRE contribution (W m$^{-2}$),0.904894679800000,79.563783496100001,-0.000000000000000,74.729125964999994,86.590994781500001,True,
2005-03-01,EP,1,LCSP_diagnostic,LCSP_anom,NetPath_low_anom,-0.003554243426581,-0.217824403254882,(i),Eastern Pacific,LCSP → Low-cloud pathway,LCSP anomaly,Low-cloud Net CRE contribution (W m$^{-2}$),0.904894679800000,79.563783496100001,-0.000000000000000,74.729125964999994,86.590994781500001,True,
2005-04-01,EP,0,LCSP_diagnostic,LCSP_anom,NetPath_low_anom,-0.011230017674389,-0.985090939554992,(i),Eastern Pacific,LCSP → Low-cloud pathway,LCSP anomaly,Low-cloud Net CRE contribution (W m$^{-2}$),0.904894679800000,79.563783496100001,-0.000000000000000,74.729125964999994,86.590994781500001,True,
2005-05-01,EP,0,LCSP_diagnostic,LCSP_anom,NetPath_low_anom,-0.000470875296197,0.469578778593835,(i),Eastern Pacific,LCSP → Low-cloud pathway,LCSP anomaly,Low-cloud Net CRE contribution (W m$^{-2}$),0.904894679800000,79.563783496100001,-0.000000000000000,74.729125964999994,86.590994781500001,True,
2005-06-01,EP,0,LCSP_diagnostic,LCSP_anom,NetPath_low_anom,0.005094924565546,-0.601101906754813,(i),Eastern Pacific,LCSP → Low-cloud pathway,LCSP anomaly,Low-cloud Net CRE contribution (W m$^{-2}$),0.904894679800000,79.563783496100001,-0.000000000000000,74.729125964999994,86.590994781500001,True,
2005-07-01,EP,0,LCSP_diagnostic,LCSP_anom,NetPath_low_anom,-0.010468260285798,-1.098682089119279,(i),Eastern Pacific,LCSP → Low-cloud pathway,LCSP anomaly,Low-cloud Net CRE contribution (W m$^{-2}$),0.904894679800000,79.563783496100001,-0.000000000000000,74.729125964999994,86.590994781500001,True,
2005-08-01,EP,0,LCSP_diagnostic,LCSP_anom,NetPath_low_anom,0.007537380035581,0.255345725998303,(i),Eastern Pacific,LCSP → Low-cloud pathway,LCSP anomaly,Low-cloud Net CRE contribution (W m$^{-2}$),0.904894679800000,79.563783496100001,-0.000000000000000,74.729125964999994,86.590994781500001,True,
2005-09-01,EP,0,LCSP_diagnostic,LCSP_anom,NetPath_low_anom,0.013127986855462,0.769057819892218,(i),Eastern Pacific,LCSP → Low-cloud pathway,LCSP anomaly,Low-cloud Net CRE contribution (W m$^{-2}$),0.904894679800000,79.563783496100001,-0.000000000000000,74.729125964999994,86.590994781500001,True,
2005-10-01,EP,0,LCSP_diagnostic,LCSP_anom,NetPath_low_anom,-0.012036916984496,0.043460057424184,(i),Eastern Pacific,LCSP → Low-cloud pathway,LCSP anomaly,Low-cloud Net CRE contribution (W m$^{-2}$),0.904894679800000,79.563783496100001,-0.000000000000000,74.729125964999994,86.590994781500001,True,
2005-11-01,EP,-1,LCSP_diagnostic,LCSP_anom,NetPath_low_anom,-0.013315220138843,-0.883314168101414,(i),Eastern Pacific,LCSP → Low-cloud pathway,LCSP anomaly,Low-cloud Net CRE contribution (W m$^{-2}$),0.904894679800000,79.563783496100001,-0.000000000000000,74.729125964999994,86.590994781500001,True,
2005-12-01,EP,-1,LCSP_diagnostic,LCSP_anom,NetPath_low_anom,0.019039597474870,2.435464008767511,(i),Eastern Pacific,LCSP → Low-cloud pathway,LCSP anomaly,Low-cloud Net CRE contribution (W m$^{-2}$),0.904894679800000,79.563783496100001,-0.000000000000000,74.729125964999994,86.590994781500001,True,
2006-01-01,EP,-1,LCSP_diagnostic,LCSP_anom,NetPath_low_anom,0.032778506239408,2.572030566012602,(i),Eastern Pacific,LCSP → Low-cloud pathway,LCSP anomaly,Low-cloud Net CRE contribution (W m$^{-2}$),0.904894679800000,79.563783496100001,-0.000000000000000,74.729125964999994,86.590994781500001,True,
2006-02-01,EP,-1,LCSP_diagnostic,LCSP_anom,NetPath_low_anom,0.013892913719337,0.476666638221797,(i),Eastern Pacific,LCSP → Low-cloud pathway,LCSP anomaly,Low-cloud Net CRE contribution (W m$^{-2}$),0.904894679800000,79.563783496100001,-0.000000000000000,74.729125964999994,86.590994781500001,True,
2006-03-01,EP,-1,LCSP_diagnostic,LCSP_anom,NetPath_low_anom,0.000473741320184,0.332119968478152,(i),Eastern Pacific,LCSP → Low-cloud pathway,LCSP anomaly,Low-cloud Net CRE contribution (W m$^{-2}$),0.904894679800000,79.563783496100001,-0.000000000000000,74.729125964999994,86.590994781500001,True,
2006-04-01,EP,0,LCSP_diagnostic,LCSP_anom,NetPath_low_anom,-0.003434426797794,-0.313793892064668,(i),Eastern Pacific,LCSP → Low-cloud pathway,LCSP anomaly,Low-cloud Net CRE contribution (W m$^{-2}$),0.904894679800000,79.563783496100001,-0.000000000000000,74.729125964999994,86.590994781500001,True,
2006-05-01,EP,0,LCSP_diagnostic,LCSP_anom,NetPath_low_anom,0.018250393856407,0.742287591783665,(i),Eastern Pacific,LCSP → Low-cloud pathway,LCSP anomaly,Low-cloud Net CRE contribution (W m$^{-2}$),0.904894679800000,79.563783496100001,-0.000000000000000,74.729125964999994,86.590994781500001,True,
2006-06-01,EP,0,LCSP_diagnostic,LCSP_anom,NetPath_low_anom,-0.016930486127085,-1.499914890174335,(i),Eastern Pacific,LCSP → Low-cloud pathway,LCSP anomaly,Low-cloud Net CRE contribution (W m$^{-2}$),0.904894679800000,79.563783496100001,-0.000000000000000,74.729125964999994,86.590994781500001,True,
2006-07-01,EP,0,LCSP_diagnostic,LCSP_anom,NetPath_low_anom,0.020620174850705,1.213291025062428,(i),Eastern Pacific,LCSP → Low-cloud pathway,LCSP anomaly,Low-cloud Net CRE contribution (W m$^{-2}$),0.904894679800000,79.563783496100001,-0.000000000000000,74.729125964999994,86.590994781500001,True,
2006-08-01,EP,0,LCSP_diagnostic,LCSP_anom,NetPath_low_anom,0.009492579103484,1.308993717717136,(i),Eastern Pacific,LCSP → Low-cloud pathway,LCSP anomaly,Low-cloud Net CRE contribution (W m$^{-2}$),0.904894679800000,79.563783496100001,-0.000000000000000,74.729125964999994,86.590994781500001,True,
2006-09-01,EP,1,LCSP_diagnostic,LCSP_anom,NetPath_low_anom,0.025315430341645,2.595349771975265,(i),Eastern Pacific,LCSP → Low-cloud pathway,LCSP anomaly,Low-cloud Net CRE contribution (W m$^{-2}$),0.904894679800000,79.563783496100001,-0.000000000000000,74.729125964999994,86.590994781500001,True,
2006-10-01,EP,1,LCSP_diagnostic,LCSP_anom,NetPath_low_anom,0.043127213325612,4.707119981955568,(i),Eastern Pacific,LCSP → Low-cloud pathway,LCSP anomaly,Low-cloud Net CRE contribution (W m$^{-2}$),0.904894679800000,79.563783496100001,-0.000000000000000,74.729125964999994,86.590994781500001,True,
2006-11-01,EP,1,LCSP_diagnostic,LCSP_anom,NetPath_low_anom,0.045658945228147,5.563527895539771,(i),Eastern Pacific,LCSP → Low-cloud pathway,LCSP anomaly,Low-cloud Net CRE contribution (W m$^{-2}$),0.904894679800000,79.563783496100001,-0.000000000000000,74.729125964999994,86.590994781500001,True,
2006-12-01,EP,1,LCSP_diagnostic,LCSP_anom,NetPath_low_anom,0.021577112943312,2.381314152238147,(i),Eastern Pacific,LCSP → Low-cloud pathway,LCSP anomaly,Low-cloud Net CRE contribution (W m$^{-2}$),0.904894679800000,79.563783496100001,-0.000000000000000,74.729125964999994,86.590994781500001,True,
2007-01-01,EP,1,LCSP_diagnostic,LCSP_anom,NetPath_low_anom,-0.004624791994945,-0.980883944745862,(i),Eastern Pacific,LCSP → Low-cloud pathway,LCSP anomaly,Low-cloud Net CRE contribution (W m$^{-2}$),0.904894679800000,79.563783496100001,-0.000000000000000,74.729125964999994,86.590994781500001,True,
2007-02-01,EP,0,LCSP_diagnostic,LCSP_anom,NetPath_low_anom,-0.001967559712601,0.519749609389734,(i),Eastern Pacific,LCSP → Low-cloud pathway,LCSP anomaly,Low-cloud Net CRE contribution (W m$^{-2}$),0.904894679800000,79.563783496100001,-0.000000000000000,74.729125964999994,86.590994781500001,True,
2007-03-01,EP,0,LCSP_diagnostic,LCSP_anom,NetPath_low_anom,-0.008594354886688,-0.484380087189775,(i),Eastern Pacific,LCSP → Low-cloud pathway,LCSP anomaly,Low-cloud Net CRE contribution (W m$^{-2}$),0.904894679800000,79.563783496100001,-0.000000000000000,74.729125964999994,86.590994781500001,True,
2007-04-01,EP,0,LCSP_diagnostic,LCSP_anom,NetPath_low_anom,-0.002147133198422,-0.595965540729619,(i),Eastern Pacific,LCSP → Low-cloud pathway,LCSP anomaly,Low-cloud Net CRE contribution (W m$^{-2}$),0.904894679800000,79.563783496100001,-0.000000000000000,74.729125964999994,86.590994781500001,True,
2007-05-01,EP,-1,LCSP_diagnostic,LCSP_anom,NetPath_low_anom,-0.020411040300753,-2.011813941733299,(i),Eastern Pacific,LCSP → Low-cloud pathway,LCSP anomaly,Low-cloud Net CRE contribution (W m$^{-2}$),0.904894679800000,79.563783496100001,-0.000000000000000,74.729125964999994,86.590994781500001,True,
2007-06-01,EP,0,LCSP_diagnostic,LCSP_anom,NetPath_low_anom,-0.017137563220335,-1.047723662977425,(i),Eastern Pacific,LCSP → Low-cloud pathway,LCSP anomaly,Low-cloud Net CRE contribution (W m$^{-2}$),0.904894679800000,79.563783496100001,-0.000000000000000,74.729125964999994,86.590994781500001,True,
2007-07-01,EP,-1,LCSP_diagnostic,LCSP_anom,NetPath_low_anom,-0.022801870515173,-1.906703433451455,(i),Eastern Pacific,LCSP → Low-cloud pathway,LCSP anomaly,Low-cloud Net CRE contribution (W m$^{-2}$),0.904894679800000,79.563783496100001,-0.000000000000000,74.729125964999994,86.590994781500001,True,
2007-08-01,EP,-1,LCSP_diagnostic,LCSP_anom,NetPath_low_anom,-0.021974302728733,-1.583511481583276,(i),Eastern Pacific,LCSP → Low-cloud pathway,LCSP anomaly,Low-cloud Net CRE contribution (W m$^{-2}$),0.904894679800000,79.563783496100001,-0.000000000000000,74.729125964999994,86.590994781500001,True,
2007-09-01,EP,-1,LCSP_diagnostic,LCSP_anom,NetPath_low_anom,-0.050903555309457,-4.910327691984921,(i),Eastern Pacific,LCSP → Low-cloud pathway,LCSP anomaly,Low-cloud Net CRE contribution (W m$^{-2}$),0.904894679800000,79.563783496100001,-0.000000000000000,74.729125964999994,86.590994781500001,True,
2007-10-01,EP,-1,LCSP_diagnostic,LCSP_anom,NetPath_low_anom,-0.043283086993994,-3.690056305207804,(i),Eastern Pacific,LCSP → Low-cloud pathway,LCSP anomaly,Low-cloud Net CRE contribution (W m$^{-2}$),0.904894679800000,79.563783496100001,-0.000000000000000,74.729125964999994,86.590994781500001,True,
2007-11-01,EP,-1,LCSP_diagnostic,LCSP_anom,NetPath_low_anom,-0.055431142158379,-6.369460879029102,(i),Eastern Pacific,LCSP → Low-cloud pathway,LCSP anomaly,Low-cloud Net CRE contribution (W m$^{-2}$),0.904894679800000,79.563783496100001,-0.000000000000000,74.729125964999994,86.590994781500001,True,
2007-12-01,EP,-1,LCSP_diagnostic,LCSP_anom,NetPath_low_anom,-0.033967598949769,-2.914966684026361,(i),Eastern Pacific,LCSP → Low-cloud pathway,LCSP anomaly,Low-cloud Net CRE contribution (W m$^{-2}$),0.904894679800000,79.563783496100001,-0.000000000000000,74.729125964999994,86.590994781500001,True,
2008-01-01,EP,-1,LCSP_diagnostic,LCSP_anom,NetPath_low_anom,-0.014379779412977,-1.555940511561932,(i),Eastern Pacific,LCSP → Low-cloud pathway,LCSP anomaly,Low-cloud Net CRE contribution (W m$^{-2}$),0.904894679800000,79.563783496100001,-0.000000000000000,74.729125964999994,86.590994781500001,True,
2008-02-01,EP,-1,LCSP_diagnostic,LCSP_anom,NetPath_low_anom,0.011839260491600,1.362904929685866,(i),Eastern Pacific,LCSP → Low-cloud pathway,LCSP anomaly,Low-cloud Net CRE contribution (W m$^{-2}$),0.904894679800000,79.563783496100001,-0.000000000000000,74.729125964999994,86.590994781500001,True,
2008-03-01,EP,-1,LCSP_diagnostic,LCSP_anom,NetPath_low_anom,0.001456847274792,0.006421733419485,(i),Eastern Pacific,LCSP → Low-cloud pathway,LCSP anomaly,Low-cloud Net CRE contribution (W m$^{-2}$),0.904894679800000,79.563783496100001,-0.000000000000000,74.729125964999994,86.590994781500001,True,
2008-04-01,EP,-1,LCSP_diagnostic,LCSP_anom,NetPath_low_anom,0.017981294911885,1.184092367578629,(i),Eastern Pacific,LCSP → Low-cloud pathway,LCSP anomaly,Low-cloud Net CRE contribution (W m$^{-2}$),0.904894679800000,79.563783496100001,-0.000000000000000,74.729125964999994,86.590994781500001,True,
2008-05-01,EP,-1,LCSP_diagnostic,LCSP_anom,NetPath_low_anom,0.024902469013926,1.487317748438221,(i),Eastern Pacific,LCSP → Low-cloud pathway,LCSP anomaly,Low-cloud Net CRE contribution (W m$^{-2}$),0.904894679800000,79.563783496100001,-0.000000000000000,74.729125964999994,86.590994781500001,True,
2008-06-01,EP,-1,LCSP_diagnostic,LCSP_anom,NetPath_low_anom,0.003739658469532,0.427380222315062,(i),Eastern Pacific,LCSP → Low-cloud pathway,LCSP anomaly,Low-cloud Net CRE contribution (W m$^{-2}$),0.904894679800000,79.563783496100001,-0.000000000000000,74.729125964999994,86.590994781500001,True,
2008-07-01,EP,0,LCSP_diagnostic,LCSP_anom,NetPath_low_anom,0.031795920029323,2.604841660708679,(i),Eastern Pacific,LCSP → Low-cloud pathway,LCSP anomaly,Low-cloud Net CRE contribution (W m$^{-2}$),0.904894679800000,79.563783496100001,-0.000000000000000,74.729125964999994,86.590994781500001,True,
2008-08-01,EP,0,LCSP_diagnostic,LCSP_anom,NetPath_low_anom,0.030155058375571,3.970405620576908,(i),Eastern Pacific,LCSP → Low-cloud pathway,LCSP anomaly,Low-cloud Net CRE contribution (W m$^{-2}$),0.904894679800000,79.563783496100001,-0.000000000000000,74.729125964999994,86.590994781500001,True,
2008-09-01,EP,0,LCSP_diagnostic,LCSP_anom,NetPath_low_anom,0.030097703481028,2.999265524063350,(i),Eastern Pacific,LCSP → Low-cloud pathway,LCSP anomaly,Low-cloud Net CRE contribution (W m$^{-2}$),0.904894679800000,79.563783496100001,-0.000000000000000,74.729125964999994,86.590994781500001,True,
2008-10-01,EP,0,LCSP_diagnostic,LCSP_anom,NetPath_low_anom,0.000675835179597,1.048564712486971,(i),Eastern Pacific,LCSP → Low-cloud pathway,LCSP anomaly,Low-cloud Net CRE contribution (W m$^{-2}$),0.904894679800000,79.563783496100001,-0.000000000000000,74.729125964999994,86.590994781500001,True,
2008-11-01,EP,-1,LCSP_diagnostic,LCSP_anom,NetPath_low_anom,-0.020312379721952,-1.061705340955061,(i),Eastern Pacific,LCSP → Low-cloud pathway,LCSP anomaly,Low-cloud Net CRE contribution (W m$^{-2}$),0.904894679800000,79.563783496100001,-0.000000000000000,74.729125964999994,86.590994781500001,True,
2008-12-01,EP,-1,LCSP_diagnostic,LCSP_anom,NetPath_low_anom,0.029060102822713,3.249505422438602,(i),Eastern Pacific,LCSP → Low-cloud pathway,LCSP anomaly,Low-cloud Net CRE contribution (W m$^{-2}$),0.904894679800000,79.563783496100001,-0.000000000000000,74.729125964999994,86.590994781500001,True,
2009-01-01,EP,-1,LCSP_diagnostic,LCSP_anom,NetPath_low_anom,0.039104505286909,3.247485244398160,(i),Eastern Pacific,LCSP → Low-cloud pathway,LCSP anomaly,Low-cloud Net CRE contribution (W m$^{-2}$),0.904894679800000,79.563783496100001,-0.000000000000000,74.729125964999994,86.590994781500001,True,
2009-02-01,EP,-1,LCSP_diagnostic,LCSP_anom,NetPath_low_anom,0.007506920070992,0.283363125350341,(i),Eastern Pacific,LCSP → Low-cloud pathway,LCSP anomaly,Low-cloud Net CRE contribution (W m$^{-2}$),0.904894679800000,79.563783496100001,-0.000000000000000,74.729125964999994,86.590994781500001,True,
2009-03-01,EP,-1,LCSP_diagnostic,LCSP_anom,NetPath_low_anom,0.021276240932766,1.690739925518645,(i),Eastern Pacific,LCSP → Low-cloud pathway,LCSP anomaly,Low-cloud Net CRE contribution (W m$^{-2}$),0.904894679800000,79.563783496100001,-0.000000000000000,74.729125964999994,86.590994781500001,True,
2009-04-01,EP,0,LCSP_diagnostic,LCSP_anom,NetPath_low_anom,0.012680563304192,1.212628663297531,(i),Eastern Pacific,LCSP → Low-cloud pathway,LCSP anomaly,Low-cloud Net CRE contribution (W m$^{-2}$),0.904894679800000,79.563783496100001,-0.000000000000000,74.729125964999994,86.590994781500001,True,
2009-05-01,EP,0,LCSP_diagnostic,LCSP_anom,NetPath_low_anom,0.033374502071676,2.844402997935017,(i),Eastern Pacific,LCSP → Low-cloud pathway,LCSP anomaly,Low-cloud Net CRE contribution (W m$^{-2}$),0.904894679800000,79.563783496100001,-0.000000000000000,74.729125964999994,86.590994781500001,True,
2009-06-01,EP,0,LCSP_diagnostic,LCSP_anom,NetPath_low_anom,0.046429065530494,2.902325637372730,(i),Eastern Pacific,LCSP → Low-cloud pathway,LCSP anomaly,Low-cloud Net CRE contribution (W m$^{-2}$),0.904894679800000,79.563783496100001,-0.000000000000000,74.729125964999994,86.590994781500001,True,
2009-07-01,EP,1,LCSP_diagnostic,LCSP_anom,NetPath_low_anom,0.003462034866533,0.849716123476522,(i),Eastern Pacific,LCSP → Low-cloud pathway,LCSP anomaly,Low-cloud Net CRE contribution (W m$^{-2}$),0.904894679800000,79.563783496100001,-0.000000000000000,74.729125964999994,86.590994781500001,True,
2009-08-01,EP,1,LCSP_diagnostic,LCSP_anom,NetPath_low_anom,0.033038500669283,2.734182462576687,(i),Eastern Pacific,LCSP → Low-cloud pathway,LCSP anomaly,Low-cloud Net CRE contribution (W m$^{-2}$),0.904894679800000,79.563783496100001,-0.000000000000000,74.729125964999994,86.590994781500001,True,
2009-09-01,EP,1,LCSP_diagnostic,LCSP_anom,NetPath_low_anom,0.000270390476280,0.255652927732541,(i),Eastern Pacific,LCSP → Low-cloud pathway,LCSP anomaly,Low-cloud Net CRE contribution (W m$^{-2}$),0.904894679800000,79.563783496100001,-0.000000000000000,74.729125964999994,86.590994781500001,True,
2009-10-01,EP,1,LCSP_diagnostic,LCSP_anom,NetPath_low_anom,0.030817934865941,1.513115746820638,(i),Eastern Pacific,LCSP → Low-cloud pathway,LCSP anomaly,Low-cloud Net CRE contribution (W m$^{-2}$),0.904894679800000,79.563783496100001,-0.000000000000000,74.729125964999994,86.590994781500001,True,
2009-11-01,EP,1,LCSP_diagnostic,LCSP_anom,NetPath_low_anom,0.005154522092874,-0.797582288414166,(i),Eastern Pacific,LCSP → Low-cloud pathway,LCSP anomaly,Low-cloud Net CRE contribution (W m$^{-2}$),0.904894679800000,79.563783496100001,-0.000000000000000,74.729125964999994,86.590994781500001,True,
2009-12-01,EP,1,LCSP_diagnostic,LCSP_anom,NetPath_low_anom,0.004166153846409,-0.940424208679623,(i),Eastern Pacific,LCSP → Low-cloud pathway,LCSP anomaly,Low-cloud Net CRE contribution (W m$^{-2}$),0.904894679800000,79.563783496100001,-0.000000000000000,74.729125964999994,86.590994781500001,True,
2010-01-01,EP,1,LCSP_diagnostic,LCSP_anom,NetPath_low_anom,-0.051768743780375,-3.944680967387978,(i),Eastern Pacific,LCSP → Low-cloud pathway,LCSP anomaly,Low-cloud Net CRE contribution (W m$^{-2}$),0.904894679800000,79.563783496100001,-0.000000000000000,74.729125964999994,86.590994781500001,True,
2010-02-01,EP,1,LCSP_diagnostic,LCSP_anom,NetPath_low_anom,-0.007713043936236,-2.825113033098701,(i),Eastern Pacific,LCSP → Low-cloud pathway,LCSP anomaly,Low-cloud Net CRE contribution (W m$^{-2}$),0.904894679800000,79.563783496100001,-0.000000000000000,74.729125964999994,86.590994781500001,True,
2010-03-01,EP,1,LCSP_diagnostic,LCSP_anom,NetPath_low_anom,-0.022769245391219,-2.441415362729796,(i),Eastern Pacific,LCSP → Low-cloud pathway,LCSP anomaly,Low-cloud Net CRE contribution (W m$^{-2}$),0.904894679800000,79.563783496100001,-0.000000000000000,74.729125964999994,86.590994781500001,True,
2010-04-01,EP,0,LCSP_diagnostic,LCSP_anom,NetPath_low_anom,-0.015037268493967,-1.087584542758337,(i),Eastern Pacific,LCSP → Low-cloud pathway,LCSP anomaly,Low-cloud Net CRE contribution (W m$^{-2}$),0.904894679800000,79.563783496100001,-0.000000000000000,74.729125964999994,86.590994781500001,True,
2010-05-01,EP,0,LCSP_diagnostic,LCSP_anom,NetPath_low_anom,-0.026553186776890,-1.674536093010108,(i),Eastern Pacific,LCSP → Low-cloud pathway,LCSP anomaly,Low-cloud Net CRE contribution (W m$^{-2}$),0.904894679800000,79.563783496100001,-0.000000000000000,74.729125964999994,86.590994781500001,True,
2010-06-01,EP,-1,LCSP_diagnostic,LCSP_anom,NetPath_low_anom,-0.030791009471120,-1.980469713921767,(i),Eastern Pacific,LCSP → Low-cloud pathway,LCSP anomaly,Low-cloud Net CRE contribution (W m$^{-2}$),0.904894679800000,79.563783496100001,-0.000000000000000,74.729125964999994,86.590994781500001,True,
2010-07-01,EP,-1,LCSP_diagnostic,LCSP_anom,NetPath_low_anom,-0.033156415373183,-2.148192918122980,(i),Eastern Pacific,LCSP → Low-cloud pathway,LCSP anomaly,Low-cloud Net CRE contribution (W m$^{-2}$),0.904894679800000,79.563783496100001,-0.000000000000000,74.729125964999994,86.590994781500001,True,
2010-08-01,EP,-1,LCSP_diagnostic,LCSP_anom,NetPath_low_anom,-0.033927137315791,-2.882826680556075,(i),Eastern Pacific,LCSP → Low-cloud pathway,LCSP anomaly,Low-cloud Net CRE contribution (W m$^{-2}$),0.904894679800000,79.563783496100001,-0.000000000000000,74.729125964999994,86.590994781500001,True,
2010-09-01,EP,-1,LCSP_diagnostic,LCSP_anom,NetPath_low_anom,-0.022569519140637,-1.987643113084925,(i),Eastern Pacific,LCSP → Low-cloud pathway,LCSP anomaly,Low-cloud Net CRE contribution (W m$^{-2}$),0.904894679800000,79.563783496100001,-0.000000000000000,74.729125964999994,86.590994781500001,True,
2010-10-01,EP,-1,LCSP_diagnostic,LCSP_anom,NetPath_low_anom,-0.056271126482085,-5.177094956398477,(i),Eastern Pacific,LCSP → Low-cloud pathway,LCSP anomaly,Low-cloud Net CRE contribution (W m$^{-2}$),0.904894679800000,79.563783496100001,-0.000000000000000,74.729125964999994,86.590994781500001,True,
2010-11-01,EP,-1,LCSP_diagnostic,LCSP_anom,NetPath_low_anom,-0.026752961671426,-2.037903842230897,(i),Eastern Pacific,LCSP → Low-cloud pathway,LCSP anomaly,Low-cloud Net CRE contribution (W m$^{-2}$),0.904894679800000,79.563783496100001,-0.000000000000000,74.729125964999994,86.590994781500001,True,
2010-12-01,EP,-1,LCSP_diagnostic,LCSP_anom,NetPath_low_anom,-0.034297445415173,-1.576995558870511,(i),Eastern Pacific,LCSP → Low-cloud pathway,LCSP anomaly,Low-cloud Net CRE contribution (W m$^{-2}$),0.904894679800000,79.563783496100001,-0.000000000000000,74.729125964999994,86.590994781500001,True,
2011-01-01,EP,-1,LCSP_diagnostic,LCSP_anom,NetPath_low_anom,-0.013958138030446,-0.446661228419629,(i),Eastern Pacific,LCSP → Low-cloud pathway,LCSP anomaly,Low-cloud Net CRE contribution (W m$^{-2}$),0.904894679800000,79.563783496100001,-0.000000000000000,74.729125964999994,86.590994781500001,True,
2011-02-01,EP,-1,LCSP_diagnostic,LCSP_anom,NetPath_low_anom,-0.014767886346530,-0.001613251723406,(i),Eastern Pacific,LCSP → Low-cloud pathway,LCSP anomaly,Low-cloud Net CRE contribution (W m$^{-2}$),0.904894679800000,79.563783496100001,-0.000000000000000,74.729125964999994,86.590994781500001,True,
2011-03-01,EP,-1,LCSP_diagnostic,LCSP_anom,NetPath_low_anom,-0.010550290133561,0.136087927225669,(i),Eastern Pacific,LCSP → Low-cloud pathway,LCSP anomaly,Low-cloud Net CRE contribution (W m$^{-2}$),0.904894679800000,79.563783496100001,-0.000000000000000,74.729125964999994,86.590994781500001,True,
2011-04-01,EP,-1,LCSP_diagnostic,LCSP_anom,NetPath_low_anom,-0.008723372509246,-0.253250531265154,(i),Eastern Pacific,LCSP → Low-cloud pathway,LCSP anomaly,Low-cloud Net CRE contribution (W m$^{-2}$),0.904894679800000,79.563783496100001,-0.000000000000000,74.729125964999994,86.590994781500001,True,
2011-05-01,EP,-1,LCSP_diagnostic,LCSP_anom,NetPath_low_anom,-0.006580930617036,-0.237573262488679,(i),Eastern Pacific,LCSP → Low-cloud pathway,LCSP anomaly,Low-cloud Net CRE contribution (W m$^{-2}$),0.904894679800000,79.563783496100001,-0.000000000000000,74.729125964999994,86.590994781500001,True,
2011-06-01,EP,0,LCSP_diagnostic,LCSP_anom,NetPath_low_anom,-0.024231744313529,-1.470074940309658,(i),Eastern Pacific,LCSP → Low-cloud pathway,LCSP anomaly,Low-cloud Net CRE contribution (W m$^{-2}$),0.904894679800000,79.563783496100001,-0.000000000000000,74.729125964999994,86.590994781500001,True,
2011-07-01,EP,0,LCSP_diagnostic,LCSP_anom,NetPath_low_anom,0.003673412266498,1.462977197547239,(i),Eastern Pacific,LCSP → Low-cloud pathway,LCSP anomaly,Low-cloud Net CRE contribution (W m$^{-2}$),0.904894679800000,79.563783496100001,-0.000000000000000,74.729125964999994,86.590994781500001,True,
2011-08-01,EP,-1,LCSP_diagnostic,LCSP_anom,NetPath_low_anom,-0.028108491043824,-1.145517287270060,(i),Eastern Pacific,LCSP → Low-cloud pathway,LCSP anomaly,Low-cloud Net CRE contribution (W m$^{-2}$),0.904894679800000,79.563783496100001,-0.000000000000000,74.729125964999994,86.590994781500001,True,
2011-09-01,EP,-1,LCSP_diagnostic,LCSP_anom,NetPath_low_anom,-0.034683536594452,-3.012103814823487,(i),Eastern Pacific,LCSP → Low-cloud pathway,LCSP anomaly,Low-cloud Net CRE contribution (W m$^{-2}$),0.904894679800000,79.563783496100001,-0.000000000000000,74.729125964999994,86.590994781500001,True,
2011-10-01,EP,-1,LCSP_diagnostic,LCSP_anom,NetPath_low_anom,0.013137235802293,2.569325728988275,(i),Eastern Pacific,LCSP → Low-cloud pathway,LCSP anomaly,Low-cloud Net CRE contribution (W m$^{-2}$),0.904894679800000,79.563783496100001,-0.000000000000000,74.729125964999994,86.590994781500001,True,
2011-11-01,EP,-1,LCSP_diagnostic,LCSP_anom,NetPath_low_anom,-0.020741803554094,-1.262346740086031,(i),Eastern Pacific,LCSP → Low-cloud pathway,LCSP anomaly,Low-cloud Net CRE contribution (W m$^{-2}$),0.904894679800000,79.563783496100001,-0.000000000000000,74.729125964999994,86.590994781500001,True,
2011-12-01,EP,-1,LCSP_diagnostic,LCSP_anom,NetPath_low_anom,-0.011844991831564,-1.259013319252713,(i),Eastern Pacific,LCSP → Low-cloud pathway,LCSP anomaly,Low-cloud Net CRE contribution (W m$^{-2}$),0.904894679800000,79.563783496100001,-0.000000000000000,74.729125964999994,86.590994781500001,True,
2012-01-01,EP,-1,LCSP_diagnostic,LCSP_anom,NetPath_low_anom,0.039220023510691,3.443075185922737,(i),Eastern Pacific,LCSP → Low-cloud pathway,LCSP anomaly,Low-cloud Net CRE contribution (W m$^{-2}$),0.904894679800000,79.563783496100001,-0.000000000000000,74.729125964999994,86.590994781500001,True,
2012-02-01,EP,-1,LCSP_diagnostic,LCSP_anom,NetPath_low_anom,0.043395398271072,2.744305392944918,(i),Eastern Pacific,LCSP → Low-cloud pathway,LCSP anomaly,Low-cloud Net CRE contribution (W m$^{-2}$),0.904894679800000,79.563783496100001,-0.000000000000000,74.729125964999994,86.590994781500001,True,
2012-03-01,EP,-1,LCSP_diagnostic,LCSP_anom,NetPath_low_anom,0.003215595023174,0.128088303657664,(i),Eastern Pacific,LCSP → Low-cloud pathway,LCSP anomaly,Low-cloud Net CRE contribution (W m$^{-2}$),0.904894679800000,79.563783496100001,-0.000000000000000,74.729125964999994,86.590994781500001,True,
2012-04-01,EP,-1,LCSP_diagnostic,LCSP_anom,NetPath_low_anom,0.027935763727171,2.041864786716113,(i),Eastern Pacific,LCSP → Low-cloud pathway,LCSP anomaly,Low-cloud Net CRE contribution (W m$^{-2}$),0.904894679800000,79.563783496100001,-0.000000000000000,74.729125964999994,86.590994781500001,True,
2012-05-01,EP,0,LCSP_diagnostic,LCSP_anom,NetPath_low_anom,0.016051572503882,1.404361464316244,(i),Eastern Pacific,LCSP → Low-cloud pathway,LCSP anomaly,Low-cloud Net CRE contribution (W m$^{-2}$),0.904894679800000,79.563783496100001,-0.000000000000000,74.729125964999994,86.590994781500001,True,
2012-06-01,EP,0,LCSP_diagnostic,LCSP_anom,NetPath_low_anom,0.039327278724521,2.597035355089352,(i),Eastern Pacific,LCSP → Low-cloud pathway,LCSP anomaly,Low-cloud Net CRE contribution (W m$^{-2}$),0.904894679800000,79.563783496100001,-0.000000000000000,74.729125964999994,86.590994781500001,True,
2012-07-01,EP,0,LCSP_diagnostic,LCSP_anom,NetPath_low_anom,0.008267871917743,1.034875148603387,(i),Eastern Pacific,LCSP → Low-cloud pathway,LCSP anomaly,Low-cloud Net CRE contribution (W m$^{-2}$),0.904894679800000,79.563783496100001,-0.000000000000000,74.729125964999994,86.590994781500001,True,
2012-08-01,EP,1,LCSP_diagnostic,LCSP_anom,NetPath_low_anom,0.012155790829466,1.879075238952016,(i),Eastern Pacific,LCSP → Low-cloud pathway,LCSP anomaly,Low-cloud Net CRE contribution (W m$^{-2}$),0.904894679800000,79.563783496100001,-0.000000000000000,74.729125964999994,86.590994781500001,True,
2012-09-01,EP,0,LCSP_diagnostic,LCSP_anom,NetPath_low_anom,-0.003104323958930,0.255495310433062,(i),Eastern Pacific,LCSP → Low-cloud pathway,LCSP anomaly,Low-cloud Net CRE contribution (W m$^{-2}$),0.904894679800000,79.563783496100001,-0.000000000000000,74.729125964999994,86.590994781500001,True,
2012-10-01,EP,0,LCSP_diagnostic,LCSP_anom,NetPath_low_anom,0.013948034980403,1.936399010161438,(i),Eastern Pacific,LCSP → Low-cloud pathway,LCSP anomaly,Low-cloud Net CRE contribution (W m$^{-2}$),0.904894679800000,79.563783496100001,-0.000000000000000,74.729125964999994,86.590994781500001,True,
2012-11-01,EP,0,LCSP_diagnostic,LCSP_anom,NetPath_low_anom,0.000838448661086,-0.614113030341223,(i),Eastern Pacific,LCSP → Low-cloud pathway,LCSP anomaly,Low-cloud Net CRE contribution (W m$^{-2}$),0.904894679800000,79.563783496100001,-0.000000000000000,74.729125964999994,86.590994781500001,True,
2012-12-01,EP,0,LCSP_diagnostic,LCSP_anom,NetPath_low_anom,0.000360627991382,0.250766616967482,(i),Eastern Pacific,LCSP → Low-cloud pathway,LCSP anomaly,Low-cloud Net CRE contribution (W m$^{-2}$),0.904894679800000,79.563783496100001,-0.000000000000000,74.729125964999994,86.590994781500001,True,
2013-01-01,EP,-1,LCSP_diagnostic,LCSP_anom,NetPath_low_anom,-0.017249005755789,-2.442444520811595,(i),Eastern Pacific,LCSP → Low-cloud pathway,LCSP anomaly,Low-cloud Net CRE contribution (W m$^{-2}$),0.904894679800000,79.563783496100001,-0.000000000000000,74.729125964999994,86.590994781500001,True,
2013-02-01,EP,-1,LCSP_diagnostic,LCSP_anom,NetPath_low_anom,0.010854270540071,0.401956734763404,(i),Eastern Pacific,LCSP → Low-cloud pathway,LCSP anomaly,Low-cloud Net CRE contribution (W m$^{-2}$),0.904894679800000,79.563783496100001,-0.000000000000000,74.729125964999994,86.590994781500001,True,
2013-03-01,EP,0,LCSP_diagnostic,LCSP_anom,NetPath_low_anom,0.010321643351182,0.333856004052814,(i),Eastern Pacific,LCSP → Low-cloud pathway,LCSP anomaly,Low-cloud Net CRE contribution (W m$^{-2}$),0.904894679800000,79.563783496100001,-0.000000000000000,74.729125964999994,86.590994781500001,True,
2013-04-01,EP,0,LCSP_diagnostic,LCSP_anom,NetPath_low_anom,-0.017685920670668,-1.625983024043135,(i),Eastern Pacific,LCSP → Low-cloud pathway,LCSP anomaly,Low-cloud Net CRE contribution (W m$^{-2}$),0.904894679800000,79.563783496100001,-0.000000000000000,74.729125964999994,86.590994781500001,True,
2013-05-01,EP,0,LCSP_diagnostic,LCSP_anom,NetPath_low_anom,-0.011027577460283,-0.063013215498351,(i),Eastern Pacific,LCSP → Low-cloud pathway,LCSP anomaly,Low-cloud Net CRE contribution (W m$^{-2}$),0.904894679800000,79.563783496100001,-0.000000000000000,74.729125964999994,86.590994781500001,True,
2013-06-01,EP,0,LCSP_diagnostic,LCSP_anom,NetPath_low_anom,-0.027855477047626,-3.026163060000492,(i),Eastern Pacific,LCSP → Low-cloud pathway,LCSP anomaly,Low-cloud Net CRE contribution (W m$^{-2}$),0.904894679800000,79.563783496100001,-0.000000000000000,74.729125964999994,86.590994781500001,True,
2013-07-01,EP,0,LCSP_diagnostic,LCSP_anom,NetPath_low_anom,-0.030714472403319,-2.991938577183141,(i),Eastern Pacific,LCSP → Low-cloud pathway,LCSP anomaly,Low-cloud Net CRE contribution (W m$^{-2}$),0.904894679800000,79.563783496100001,-0.000000000000000,74.729125964999994,86.590994781500001,True,
2013-08-01,EP,0,LCSP_diagnostic,LCSP_anom,NetPath_low_anom,-0.012291926756407,-1.851847587312946,(i),Eastern Pacific,LCSP → Low-cloud pathway,LCSP anomaly,Low-cloud Net CRE contribution (W m$^{-2}$),0.904894679800000,79.563783496100001,-0.000000000000000,74.729125964999994,86.590994781500001,True,
2013-09-01,EP,0,LCSP_diagnostic,LCSP_anom,NetPath_low_anom,-0.020254439777451,-1.777355173740627,(i),Eastern Pacific,LCSP → Low-cloud pathway,LCSP anomaly,Low-cloud Net CRE contribution (W m$^{-2}$),0.904894679800000,79.563783496100001,-0.000000000000000,74.729125964999994,86.590994781500001,True,
2013-10-01,EP,0,LCSP_diagnostic,LCSP_anom,NetPath_low_anom,-0.014493822427580,-2.283739282857020,(i),Eastern Pacific,LCSP → Low-cloud pathway,LCSP anomaly,Low-cloud Net CRE contribution (W m$^{-2}$),0.904894679800000,79.563783496100001,-0.000000000000000,74.729125964999994,86.590994781500001,True,
2013-11-01,EP,0,LCSP_diagnostic,LCSP_anom,NetPath_low_anom,-0.017015740799319,-1.215693837851191,(i),Eastern Pacific,LCSP → Low-cloud pathway,LCSP anomaly,Low-cloud Net CRE contribution (W m$^{-2}$),0.904894679800000,79.563783496100001,-0.000000000000000,74.729125964999994,86.590994781500001,True,
2013-12-01,EP,0,LCSP_diagnostic,LCSP_anom,NetPath_low_anom,-0.002787039570558,-0.057375911782533,(i),Eastern Pacific,LCSP → Low-cloud pathway,LCSP anomaly,Low-cloud Net CRE contribution (W m$^{-2}$),0.904894679800000,79.563783496100001,-0.000000000000000,74.729125964999994,86.590994781500001,True,
2014-01-01,EP,-1,LCSP_diagnostic,LCSP_anom,NetPath_low_anom,-0.013726936007229,-1.215180694050808,(i),Eastern Pacific,LCSP → Low-cloud pathway,LCSP anomaly,Low-cloud Net CRE contribution (W m$^{-2}$),0.904894679800000,79.563783496100001,-0.000000000000000,74.729125964999994,86.590994781500001,True,
2014-02-01,EP,-1,LCSP_diagnostic,LCSP_anom,NetPath_low_anom,-0.020258403588577,-0.374451970996814,(i),Eastern Pacific,LCSP → Low-cloud pathway,LCSP anomaly,Low-cloud Net CRE contribution (W m$^{-2}$),0.904894679800000,79.563783496100001,-0.000000000000000,74.729125964999994,86.590994781500001,True,
2014-03-01,EP,0,LCSP_diagnostic,LCSP_anom,NetPath_low_anom,0.007055958500155,0.714641610821374,(i),Eastern Pacific,LCSP → Low-cloud pathway,LCSP anomaly,Low-cloud Net CRE contribution (W m$^{-2}$),0.904894679800000,79.563783496100001,-0.000000000000000,74.729125964999994,86.590994781500001,True,
2014-04-01,EP,0,LCSP_diagnostic,LCSP_anom,NetPath_low_anom,-0.024672173512800,-1.995995072572715,(i),Eastern Pacific,LCSP → Low-cloud pathway,LCSP anomaly,Low-cloud Net CRE contribution (W m$^{-2}$),0.904894679800000,79.563783496100001,-0.000000000000000,74.729125964999994,86.590994781500001,True,
2014-05-01,EP,0,LCSP_diagnostic,LCSP_anom,NetPath_low_anom,0.005778446453493,0.906847288636195,(i),Eastern Pacific,LCSP → Low-cloud pathway,LCSP anomaly,Low-cloud Net CRE contribution (W m$^{-2}$),0.904894679800000,79.563783496100001,-0.000000000000000,74.729125964999994,86.590994781500001,True,
2014-06-01,EP,0,LCSP_diagnostic,LCSP_anom,NetPath_low_anom,-0.010581546755748,-0.413267633579494,(i),Eastern Pacific,LCSP → Low-cloud pathway,LCSP anomaly,Low-cloud Net CRE contribution (W m$^{-2}$),0.904894679800000,79.563783496100001,-0.000000000000000,74.729125964999994,86.590994781500001,True,
2014-07-01,EP,0,LCSP_diagnostic,LCSP_anom,NetPath_low_anom,-0.000971917401446,-0.537921975511392,(i),Eastern Pacific,LCSP → Low-cloud pathway,LCSP anomaly,Low-cloud Net CRE contribution (W m$^{-2}$),0.904894679800000,79.563783496100001,-0.000000000000000,74.729125964999994,86.590994781500001,True,
2014-08-01,EP,0,LCSP_diagnostic,LCSP_anom,NetPath_low_anom,0.047441596036092,3.214717418941540,(i),Eastern Pacific,LCSP → Low-cloud pathway,LCSP anomaly,Low-cloud Net CRE contribution (W m$^{-2}$),0.904894679800000,79.563783496100001,-0.000000000000000,74.729125964999994,86.590994781500001,True,
2014-09-01,EP,0,LCSP_diagnostic,LCSP_anom,NetPath_low_anom,0.008428982415202,1.606247455769328,(i),Eastern Pacific,LCSP → Low-cloud pathway,LCSP anomaly,Low-cloud Net CRE contribution (W m$^{-2}$),0.904894679800000,79.563783496100001,-0.000000000000000,74.729125964999994,86.590994781500001,True,
2014-10-01,EP,1,LCSP_diagnostic,LCSP_anom,NetPath_low_anom,0.015660025641217,0.928701978702449,(i),Eastern Pacific,LCSP → Low-cloud pathway,LCSP anomaly,Low-cloud Net CRE contribution (W m$^{-2}$),0.904894679800000,79.563783496100001,-0.000000000000000,74.729125964999994,86.590994781500001,True,
2014-11-01,EP,1,LCSP_diagnostic,LCSP_anom,NetPath_low_anom,0.043580935571511,3.710925242614351,(i),Eastern Pacific,LCSP → Low-cloud pathway,LCSP anomaly,Low-cloud Net CRE contribution (W m$^{-2}$),0.904894679800000,79.563783496100001,-0.000000000000000,74.729125964999994,86.590994781500001,True,
2014-12-01,EP,1,LCSP_diagnostic,LCSP_anom,NetPath_low_anom,-0.005253099464001,-0.076831802590174,(i),Eastern Pacific,LCSP → Low-cloud pathway,LCSP anomaly,Low-cloud Net CRE contribution (W m$^{-2}$),0.904894679800000,79.563783496100001,-0.000000000000000,74.729125964999994,86.590994781500001,True,
2015-01-01,EP,1,LCSP_diagnostic,LCSP_anom,NetPath_low_anom,-0.001878014564983,-1.092471770489432,(i),Eastern Pacific,LCSP → Low-cloud pathway,LCSP anomaly,Low-cloud Net CRE contribution (W m$^{-2}$),0.904894679800000,79.563783496100001,-0.000000000000000,74.729125964999994,86.590994781500001,True,
2015-02-01,EP,0,LCSP_diagnostic,LCSP_anom,NetPath_low_anom,-0.001265791202632,-0.111168189501752,(i),Eastern Pacific,LCSP → Low-cloud pathway,LCSP anomaly,Low-cloud Net CRE contribution (W m$^{-2}$),0.904894679800000,79.563783496100001,-0.000000000000000,74.729125964999994,86.590994781500001,True,
2015-03-01,EP,1,LCSP_diagnostic,LCSP_anom,NetPath_low_anom,-0.000319824917064,-0.232352819335658,(i),Eastern Pacific,LCSP → Low-cloud pathway,LCSP anomaly,Low-cloud Net CRE contribution (W m$^{-2}$),0.904894679800000,79.563783496100001,-0.000000000000000,74.729125964999994,86.590994781500001,True,
2015-04-01,EP,1,LCSP_diagnostic,LCSP_anom,NetPath_low_anom,0.025999717984471,1.578543509572425,(i),Eastern Pacific,LCSP → Low-cloud pathway,LCSP anomaly,Low-cloud Net CRE contribution (W m$^{-2}$),0.904894679800000,79.563783496100001,-0.000000000000000,74.729125964999994,86.590994781500001,True,
2015-05-01,EP,1,LCSP_diagnostic,LCSP_anom,NetPath_low_anom,0.052640543233967,2.930930904013991,(i),Eastern Pacific,LCSP → Low-cloud pathway,LCSP anomaly,Low-cloud Net CRE contribution (W m$^{-2}$),0.904894679800000,79.563783496100001,-0.000000000000000,74.729125964999994,86.590994781500001,True,
2015-06-01,EP,1,LCSP_diagnostic,LCSP_anom,NetPath_low_anom,0.038949753559695,2.666271375599125,(i),Eastern Pacific,LCSP → Low-cloud pathway,LCSP anomaly,Low-cloud Net CRE contribution (W m$^{-2}$),0.904894679800000,79.563783496100001,-0.000000000000000,74.729125964999994,86.590994781500001,True,
2015-07-01,EP,1,LCSP_diagnostic,LCSP_anom,NetPath_low_anom,0.077894100325451,5.238786278913819,(i),Eastern Pacific,LCSP → Low-cloud pathway,LCSP anomaly,Low-cloud Net CRE contribution (W m$^{-2}$),0.904894679800000,79.563783496100001,-0.000000000000000,74.729125964999994,86.590994781500001,True,
2015-08-01,EP,1,LCSP_diagnostic,LCSP_anom,NetPath_low_anom,0.049555651116420,3.812370142428811,(i),Eastern Pacific,LCSP → Low-cloud pathway,LCSP anomaly,Low-cloud Net CRE contribution (W m$^{-2}$),0.904894679800000,79.563783496100001,-0.000000000000000,74.729125964999994,86.590994781500001,True,
2015-09-01,EP,1,LCSP_diagnostic,LCSP_anom,NetPath_low_anom,0.077955447533105,5.389451386030270,(i),Eastern Pacific,LCSP → Low-cloud pathway,LCSP anomaly,Low-cloud Net CRE contribution (W m$^{-2}$),0.904894679800000,79.563783496100001,-0.000000000000000,74.729125964999994,86.590994781500001,True,
2015-10-01,EP,1,LCSP_diagnostic,LCSP_anom,NetPath_low_anom,0.090565768689965,6.789448021323018,(i),Eastern Pacific,LCSP → Low-cloud pathway,LCSP anomaly,Low-cloud Net CRE contribution (W m$^{-2}$),0.904894679800000,79.563783496100001,-0.000000000000000,74.729125964999994,86.590994781500001,True,
2015-11-01,EP,1,LCSP_diagnostic,LCSP_anom,NetPath_low_anom,0.075365241826264,6.478055154892530,(i),Eastern Pacific,LCSP → Low-cloud pathway,LCSP anomaly,Low-cloud Net CRE contribution (W m$^{-2}$),0.904894679800000,79.563783496100001,-0.000000000000000,74.729125964999994,86.590994781500001,True,
2015-12-01,EP,1,LCSP_diagnostic,LCSP_anom,NetPath_low_anom,0.062834756617009,3.020380980374529,(i),Eastern Pacific,LCSP → Low-cloud pathway,LCSP anomaly,Low-cloud Net CRE contribution (W m$^{-2}$),0.904894679800000,79.563783496100001,-0.000000000000000,74.729125964999994,86.590994781500001,True,
2016-01-01,EP,1,LCSP_diagnostic,LCSP_anom,NetPath_low_anom,0.052701725307803,3.278026540083257,(i),Eastern Pacific,LCSP → Low-cloud pathway,LCSP anomaly,Low-cloud Net CRE contribution (W m$^{-2}$),0.904894679800000,79.563783496100001,-0.000000000000000,74.729125964999994,86.590994781500001,True,
2016-02-01,EP,1,LCSP_diagnostic,LCSP_anom,NetPath_low_anom,0.011033860200662,0.386039367999524,(i),Eastern Pacific,LCSP → Low-cloud pathway,LCSP anomaly,Low-cloud Net CRE contribution (W m$^{-2}$),0.904894679800000,79.563783496100001,-0.000000000000000,74.729125964999994,86.590994781500001,True,
2016-03-01,EP,1,LCSP_diagnostic,LCSP_anom,NetPath_low_anom,0.024767043417844,0.964239274432256,(i),Eastern Pacific,LCSP → Low-cloud pathway,LCSP anomaly,Low-cloud Net CRE contribution (W m$^{-2}$),0.904894679800000,79.563783496100001,-0.000000000000000,74.729125964999994,86.590994781500001,True,
2016-04-01,EP,1,LCSP_diagnostic,LCSP_anom,NetPath_low_anom,0.016840016034584,0.892623383985963,(i),Eastern Pacific,LCSP → Low-cloud pathway,LCSP anomaly,Low-cloud Net CRE contribution (W m$^{-2}$),0.904894679800000,79.563783496100001,-0.000000000000000,74.729125964999994,86.590994781500001,True,
2016-05-01,EP,0,LCSP_diagnostic,LCSP_anom,NetPath_low_anom,0.014643695203200,0.304250657013123,(i),Eastern Pacific,LCSP → Low-cloud pathway,LCSP anomaly,Low-cloud Net CRE contribution (W m$^{-2}$),0.904894679800000,79.563783496100001,-0.000000000000000,74.729125964999994,86.590994781500001,True,
2016-06-01,EP,0,LCSP_diagnostic,LCSP_anom,NetPath_low_anom,0.057364831871982,4.570200564532847,(i),Eastern Pacific,LCSP → Low-cloud pathway,LCSP anomaly,Low-cloud Net CRE contribution (W m$^{-2}$),0.904894679800000,79.563783496100001,-0.000000000000000,74.729125964999994,86.590994781500001,True,
2016-07-01,EP,-1,LCSP_diagnostic,LCSP_anom,NetPath_low_anom,0.033314433903205,2.542033804164575,(i),Eastern Pacific,LCSP → Low-cloud pathway,LCSP anomaly,Low-cloud Net CRE contribution (W m$^{-2}$),0.904894679800000,79.563783496100001,-0.000000000000000,74.729125964999994,86.590994781500001,True,
2016-08-01,EP,-1,LCSP_diagnostic,LCSP_anom,NetPath_low_anom,0.007673019900888,0.984807861704507,(i),Eastern Pacific,LCSP → Low-cloud pathway,LCSP anomaly,Low-cloud Net CRE contribution (W m$^{-2}$),0.904894679800000,79.563783496100001,-0.000000000000000,74.729125964999994,86.590994781500001,True,
2016-09-01,EP,-1,LCSP_diagnostic,LCSP_anom,NetPath_low_anom,0.017496314328148,0.609018999101387,(i),Eastern Pacific,LCSP → Low-cloud pathway,LCSP anomaly,Low-cloud Net CRE contribution (W m$^{-2}$),0.904894679800000,79.563783496100001,-0.000000000000000,74.729125964999994,86.590994781500001,True,
2016-10-01,EP,-1,LCSP_diagnostic,LCSP_anom,NetPath_low_anom,0.023824950539304,1.492855553631141,(i),Eastern Pacific,LCSP → Low-cloud pathway,LCSP anomaly,Low-cloud Net CRE contribution (W m$^{-2}$),0.904894679800000,79.563783496100001,-0.000000000000000,74.729125964999994,86.590994781500001,True,
2016-11-01,EP,-1,LCSP_diagnostic,LCSP_anom,NetPath_low_anom,0.043224410549012,3.322153027455780,(i),Eastern Pacific,LCSP → Low-cloud pathway,LCSP anomaly,Low-cloud Net CRE contribution (W m$^{-2}$),0.904894679800000,79.563783496100001,-0.000000000000000,74.729125964999994,86.590994781500001,True,
2016-12-01,EP,-1,LCSP_diagnostic,LCSP_anom,NetPath_low_anom,0.024752437111404,2.234239352837598,(i),Eastern Pacific,LCSP → Low-cloud pathway,LCSP anomaly,Low-cloud Net CRE contribution (W m$^{-2}$),0.904894679800000,79.563783496100001,-0.000000000000000,74.729125964999994,86.590994781500001,True,
2017-01-01,EP,0,LCSP_diagnostic,LCSP_anom,NetPath_low_anom,0.046351946018000,3.735073935873256,(i),Eastern Pacific,LCSP → Low-cloud pathway,LCSP anomaly,Low-cloud Net CRE contribution (W m$^{-2}$),0.904894679800000,79.563783496100001,-0.000000000000000,74.729125964999994,86.590994781500001,True,
2017-02-01,EP,0,LCSP_diagnostic,LCSP_anom,NetPath_low_anom,0.033763375238349,2.691665717562687,(i),Eastern Pacific,LCSP → Low-cloud pathway,LCSP anomaly,Low-cloud Net CRE contribution (W m$^{-2}$),0.904894679800000,79.563783496100001,-0.000000000000000,74.729125964999994,86.590994781500001,True,
2017-03-01,EP,0,LCSP_diagnostic,LCSP_anom,NetPath_low_anom,0.031624030121667,2.762105402020975,(i),Eastern Pacific,LCSP → Low-cloud pathway,LCSP anomaly,Low-cloud Net CRE contribution (W m$^{-2}$),0.904894679800000,79.563783496100001,-0.000000000000000,74.729125964999994,86.590994781500001,True,
2017-04-01,EP,0,LCSP_diagnostic,LCSP_anom,NetPath_low_anom,0.033062916887592,2.314274078018830,(i),Eastern Pacific,LCSP → Low-cloud pathway,LCSP anomaly,Low-cloud Net CRE contribution (W m$^{-2}$),0.904894679800000,79.563783496100001,-0.000000000000000,74.729125964999994,86.590994781500001,True,
2017-05-01,EP,0,LCSP_diagnostic,LCSP_anom,NetPath_low_anom,0.008210459391009,1.356839037803605,(i),Eastern Pacific,LCSP → Low-cloud pathway,LCSP anomaly,Low-cloud Net CRE contribution (W m$^{-2}$),0.904894679800000,79.563783496100001,-0.000000000000000,74.729125964999994,86.590994781500001,True,
2017-06-01,EP,0,LCSP_diagnostic,LCSP_anom,NetPath_low_anom,0.002095708992729,0.873125083712983,(i),Eastern Pacific,LCSP → Low-cloud pathway,LCSP anomaly,Low-cloud Net CRE contribution (W m$^{-2}$),0.904894679800000,79.563783496100001,-0.000000000000000,74.729125964999994,86.590994781500001,True,
2017-07-01,EP,0,LCSP_diagnostic,LCSP_anom,NetPath_low_anom,-0.003720026059814,-0.329546712111672,(i),Eastern Pacific,LCSP → Low-cloud pathway,LCSP anomaly,Low-cloud Net CRE contribution (W m$^{-2}$),0.904894679800000,79.563783496100001,-0.000000000000000,74.729125964999994,86.590994781500001,True,
2017-08-01,EP,0,LCSP_diagnostic,LCSP_anom,NetPath_low_anom,0.002647294248336,0.609262099227902,(i),Eastern Pacific,LCSP → Low-cloud pathway,LCSP anomaly,Low-cloud Net CRE contribution (W m$^{-2}$),0.904894679800000,79.563783496100001,-0.000000000000000,74.729125964999994,86.590994781500001,True,
2017-09-01,EP,0,LCSP_diagnostic,LCSP_anom,NetPath_low_anom,-0.009586486676755,-0.520562316029871,(i),Eastern Pacific,LCSP → Low-cloud pathway,LCSP anomaly,Low-cloud Net CRE contribution (W m$^{-2}$),0.904894679800000,79.563783496100001,-0.000000000000000,74.729125964999994,86.590994781500001,True,
2017-10-01,EP,-1,LCSP_diagnostic,LCSP_anom,NetPath_low_anom,-0.033265194984497,-3.596778713662545,(i),Eastern Pacific,LCSP → Low-cloud pathway,LCSP anomaly,Low-cloud Net CRE contribution (W m$^{-2}$),0.904894679800000,79.563783496100001,-0.000000000000000,74.729125964999994,86.590994781500001,True,
2017-11-01,EP,-1,LCSP_diagnostic,LCSP_anom,NetPath_low_anom,-0.016105209587091,-1.750285281740176,(i),Eastern Pacific,LCSP → Low-cloud pathway,LCSP anomaly,Low-cloud Net CRE contribution (W m$^{-2}$),0.904894679800000,79.563783496100001,-0.000000000000000,74.729125964999994,86.590994781500001,True,
2017-12-01,EP,-1,LCSP_diagnostic,LCSP_anom,NetPath_low_anom,-0.028332013785879,-4.312496124845413,(i),Eastern Pacific,LCSP → Low-cloud pathway,LCSP anomaly,Low-cloud Net CRE contribution (W m$^{-2}$),0.904894679800000,79.563783496100001,-0.000000000000000,74.729125964999994,86.590994781500001,True,
2018-01-01,EP,-1,LCSP_diagnostic,LCSP_anom,NetPath_low_anom,-0.005039689651896,-0.486856686531219,(i),Eastern Pacific,LCSP → Low-cloud pathway,LCSP anomaly,Low-cloud Net CRE contribution (W m$^{-2}$),0.904894679800000,79.563783496100001,-0.000000000000000,74.729125964999994,86.590994781500001,True,
2018-02-01,EP,-1,LCSP_diagnostic,LCSP_anom,NetPath_low_anom,-0.005400962081731,-0.608269257059273,(i),Eastern Pacific,LCSP → Low-cloud pathway,LCSP anomaly,Low-cloud Net CRE contribution (W m$^{-2}$),0.904894679800000,79.563783496100001,-0.000000000000000,74.729125964999994,86.590994781500001,True,
2018-03-01,EP,-1,LCSP_diagnostic,LCSP_anom,NetPath_low_anom,-0.023220647206015,-1.251351035028602,(i),Eastern Pacific,LCSP → Low-cloud pathway,LCSP anomaly,Low-cloud Net CRE contribution (W m$^{-2}$),0.904894679800000,79.563783496100001,-0.000000000000000,74.729125964999994,86.590994781500001,True,
2018-04-01,EP,-1,LCSP_diagnostic,LCSP_anom,NetPath_low_anom,-0.003250484310400,0.316410456004098,(i),Eastern Pacific,LCSP → Low-cloud pathway,LCSP anomaly,Low-cloud Net CRE contribution (W m$^{-2}$),0.904894679800000,79.563783496100001,-0.000000000000000,74.729125964999994,86.590994781500001,True,
2018-05-01,EP,0,LCSP_diagnostic,LCSP_anom,NetPath_low_anom,-0.008506923975853,-0.676955692409022,(i),Eastern Pacific,LCSP → Low-cloud pathway,LCSP anomaly,Low-cloud Net CRE contribution (W m$^{-2}$),0.904894679800000,79.563783496100001,-0.000000000000000,74.729125964999994,86.590994781500001,True,
2018-06-01,EP,0,LCSP_diagnostic,LCSP_anom,NetPath_low_anom,0.011283763789172,0.479567555853421,(i),Eastern Pacific,LCSP → Low-cloud pathway,LCSP anomaly,Low-cloud Net CRE contribution (W m$^{-2}$),0.904894679800000,79.563783496100001,-0.000000000000000,74.729125964999994,86.590994781500001,True,
2018-07-01,EP,0,LCSP_diagnostic,LCSP_anom,NetPath_low_anom,-0.013098920749104,-1.213357144694154,(i),Eastern Pacific,LCSP → Low-cloud pathway,LCSP anomaly,Low-cloud Net CRE contribution (W m$^{-2}$),0.904894679800000,79.563783496100001,-0.000000000000000,74.729125964999994,86.590994781500001,True,
2018-08-01,EP,0,LCSP_diagnostic,LCSP_anom,NetPath_low_anom,-0.011115740237203,-1.674057834619461,(i),Eastern Pacific,LCSP → Low-cloud pathway,LCSP anomaly,Low-cloud Net CRE contribution (W m$^{-2}$),0.904894679800000,79.563783496100001,-0.000000000000000,74.729125964999994,86.590994781500001,True,
2018-09-01,EP,1,LCSP_diagnostic,LCSP_anom,NetPath_low_anom,-0.000827543494739,-0.783654569666055,(i),Eastern Pacific,LCSP → Low-cloud pathway,LCSP anomaly,Low-cloud Net CRE contribution (W m$^{-2}$),0.904894679800000,79.563783496100001,-0.000000000000000,74.729125964999994,86.590994781500001,True,
2018-10-01,EP,1,LCSP_diagnostic,LCSP_anom,NetPath_low_anom,0.028900793561980,2.631463497241185,(i),Eastern Pacific,LCSP → Low-cloud pathway,LCSP anomaly,Low-cloud Net CRE contribution (W m$^{-2}$),0.904894679800000,79.563783496100001,-0.000000000000000,74.729125964999994,86.590994781500001,True,
2018-11-01,EP,1,LCSP_diagnostic,LCSP_anom,NetPath_low_anom,-0.003823315427681,-0.181671360648942,(i),Eastern Pacific,LCSP → Low-cloud pathway,LCSP anomaly,Low-cloud Net CRE contribution (W m$^{-2}$),0.904894679800000,79.563783496100001,-0.000000000000000,74.729125964999994,86.590994781500001,True,
2018-12-01,EP,1,LCSP_diagnostic,LCSP_anom,NetPath_low_anom,-0.001660113037378,0.506494644213500,(i),Eastern Pacific,LCSP → Low-cloud pathway,LCSP anomaly,Low-cloud Net CRE contribution (W m$^{-2}$),0.904894679800000,79.563783496100001,-0.000000000000000,74.729125964999994,86.590994781500001,True,
2019-01-01,EP,1,LCSP_diagnostic,LCSP_anom,NetPath_low_anom,-0.006028480071446,0.156829748002000,(i),Eastern Pacific,LCSP → Low-cloud pathway,LCSP anomaly,Low-cloud Net CRE contribution (W m$^{-2}$),0.904894679800000,79.563783496100001,-0.000000000000000,74.729125964999994,86.590994781500001,True,
2019-02-01,EP,1,LCSP_diagnostic,LCSP_anom,NetPath_low_anom,0.004156133905012,-0.094027102419524,(i),Eastern Pacific,LCSP → Low-cloud pathway,LCSP anomaly,Low-cloud Net CRE contribution (W m$^{-2}$),0.904894679800000,79.563783496100001,-0.000000000000000,74.729125964999994,86.590994781500001,True,
2019-03-01,EP,1,LCSP_diagnostic,LCSP_anom,NetPath_low_anom,0.002595424753233,0.273810966581806,(i),Eastern Pacific,LCSP → Low-cloud pathway,LCSP anomaly,Low-cloud Net CRE contribution (W m$^{-2}$),0.904894679800000,79.563783496100001,-0.000000000000000,74.729125964999994,86.590994781500001,True,
2019-04-01,EP,1,LCSP_diagnostic,LCSP_anom,NetPath_low_anom,0.006883868878521,1.062303596538152,(i),Eastern Pacific,LCSP → Low-cloud pathway,LCSP anomaly,Low-cloud Net CRE contribution (W m$^{-2}$),0.904894679800000,79.563783496100001,-0.000000000000000,74.729125964999994,86.590994781500001,True,
2019-05-01,EP,1,LCSP_diagnostic,LCSP_anom,NetPath_low_anom,0.017441211637622,1.532111368057008,(i),Eastern Pacific,LCSP → Low-cloud pathway,LCSP anomaly,Low-cloud Net CRE contribution (W m$^{-2}$),0.904894679800000,79.563783496100001,-0.000000000000000,74.729125964999994,86.590994781500001,True,
2019-06-01,EP,1,LCSP_diagnostic,LCSP_anom,NetPath_low_anom,-0.013102685536796,-1.232408959257050,(i),Eastern Pacific,LCSP → Low-cloud pathway,LCSP anomaly,Low-cloud Net CRE contribution (W m$^{-2}$),0.904894679800000,79.563783496100001,-0.000000000000000,74.729125964999994,86.590994781500001,True,
2019-07-01,EP,0,LCSP_diagnostic,LCSP_anom,NetPath_low_anom,0.004278165339412,0.449153245559813,(i),Eastern Pacific,LCSP → Low-cloud pathway,LCSP anomaly,Low-cloud Net CRE contribution (W m$^{-2}$),0.904894679800000,79.563783496100001,-0.000000000000000,74.729125964999994,86.590994781500001,True,
2019-08-01,EP,0,LCSP_diagnostic,LCSP_anom,NetPath_low_anom,-0.025385744171077,-2.819091686449639,(i),Eastern Pacific,LCSP → Low-cloud pathway,LCSP anomaly,Low-cloud Net CRE contribution (W m$^{-2}$),0.904894679800000,79.563783496100001,-0.000000000000000,74.729125964999994,86.590994781500001,True,
2019-09-01,EP,0,LCSP_diagnostic,LCSP_anom,NetPath_low_anom,0.014820215411806,0.578209949910157,(i),Eastern Pacific,LCSP → Low-cloud pathway,LCSP anomaly,Low-cloud Net CRE contribution (W m$^{-2}$),0.904894679800000,79.563783496100001,-0.000000000000000,74.729125964999994,86.590994781500001,True,
2019-10-01,EP,1,LCSP_diagnostic,LCSP_anom,NetPath_low_anom,0.004325601803356,-0.157413831044689,(i),Eastern Pacific,LCSP → Low-cloud pathway,LCSP anomaly,Low-cloud Net CRE contribution (W m$^{-2}$),0.904894679800000,79.563783496100001,-0.000000000000000,74.729125964999994,86.590994781500001,True,
2019-11-01,EP,1,LCSP_diagnostic,LCSP_anom,NetPath_low_anom,-0.009858501753321,-1.091578598363832,(i),Eastern Pacific,LCSP → Low-cloud pathway,LCSP anomaly,Low-cloud Net CRE contribution (W m$^{-2}$),0.904894679800000,79.563783496100001,-0.000000000000000,74.729125964999994,86.590994781500001,True,
2019-12-01,EP,1,LCSP_diagnostic,LCSP_anom,NetPath_low_anom,0.001519465582354,-0.227471093645814,(i),Eastern Pacific,LCSP → Low-cloud pathway,LCSP anomaly,Low-cloud Net CRE contribution (W m$^{-2}$),0.904894679800000,79.563783496100001,-0.000000000000000,74.729125964999994,86.590994781500001,True,
2020-01-01,EP,1,LCSP_diagnostic,LCSP_anom,NetPath_low_anom,-0.006763942397024,-1.956655356057311,(i),Eastern Pacific,LCSP → Low-cloud pathway,LCSP anomaly,Low-cloud Net CRE contribution (W m$^{-2}$),0.904894679800000,79.563783496100001,-0.000000000000000,74.729125964999994,86.590994781500001,True,
2020-02-01,EP,0,LCSP_diagnostic,LCSP_anom,NetPath_low_anom,-0.026200233438444,-2.166017332896525,(i),Eastern Pacific,LCSP → Low-cloud pathway,LCSP anomaly,Low-cloud Net CRE contribution (W m$^{-2}$),0.904894679800000,79.563783496100001,-0.000000000000000,74.729125964999994,86.590994781500001,True,
2020-03-01,EP,1,LCSP_diagnostic,LCSP_anom,NetPath_low_anom,-0.004942500238640,-0.656431983417924,(i),Eastern Pacific,LCSP → Low-cloud pathway,LCSP anomaly,Low-cloud Net CRE contribution (W m$^{-2}$),0.904894679800000,79.563783496100001,-0.000000000000000,74.729125964999994,86.590994781500001,True,
2020-04-01,EP,0,LCSP_diagnostic,LCSP_anom,NetPath_low_anom,0.010356056249468,0.942482450572276,(i),Eastern Pacific,LCSP → Low-cloud pathway,LCSP anomaly,Low-cloud Net CRE contribution (W m$^{-2}$),0.904894679800000,79.563783496100001,-0.000000000000000,74.729125964999994,86.590994781500001,True,
2020-05-01,EP,0,LCSP_diagnostic,LCSP_anom,NetPath_low_anom,-0.004994529819737,-0.198411046975330,(i),Eastern Pacific,LCSP → Low-cloud pathway,LCSP anomaly,Low-cloud Net CRE contribution (W m$^{-2}$),0.904894679800000,79.563783496100001,-0.000000000000000,74.729125964999994,86.590994781500001,True,
2020-06-01,EP,0,LCSP_diagnostic,LCSP_anom,NetPath_low_anom,-0.010335011150154,-0.301883083689756,(i),Eastern Pacific,LCSP → Low-cloud pathway,LCSP anomaly,Low-cloud Net CRE contribution (W m$^{-2}$),0.904894679800000,79.563783496100001,-0.000000000000000,74.729125964999994,86.590994781500001,True,
2020-07-01,EP,0,LCSP_diagnostic,LCSP_anom,NetPath_low_anom,-0.020435384229229,-2.103403060469230,(i),Eastern Pacific,LCSP → Low-cloud pathway,LCSP anomaly,Low-cloud Net CRE contribution (W m$^{-2}$),0.904894679800000,79.563783496100001,-0.000000000000000,74.729125964999994,86.590994781500001,True,
2020-08-01,EP,-1,LCSP_diagnostic,LCSP_anom,NetPath_low_anom,-0.016900476126159,-1.699881637454734,(i),Eastern Pacific,LCSP → Low-cloud pathway,LCSP anomaly,Low-cloud Net CRE contribution (W m$^{-2}$),0.904894679800000,79.563783496100001,-0.000000000000000,74.729125964999994,86.590994781500001,True,
2020-09-01,EP,-1,LCSP_diagnostic,LCSP_anom,NetPath_low_anom,-0.040156175380071,-3.457800910012264,(i),Eastern Pacific,LCSP → Low-cloud pathway,LCSP anomaly,Low-cloud Net CRE contribution (W m$^{-2}$),0.904894679800000,79.563783496100001,-0.000000000000000,74.729125964999994,86.590994781500001,True,
2020-10-01,EP,-1,LCSP_diagnostic,LCSP_anom,NetPath_low_anom,-0.063519844328604,-5.365571795154203,(i),Eastern Pacific,LCSP → Low-cloud pathway,LCSP anomaly,Low-cloud Net CRE contribution (W m$^{-2}$),0.904894679800000,79.563783496100001,-0.000000000000000,74.729125964999994,86.590994781500001,True,
2020-11-01,EP,-1,LCSP_diagnostic,LCSP_anom,NetPath_low_anom,-0.036842159997572,-2.446664056454331,(i),Eastern Pacific,LCSP → Low-cloud pathway,LCSP anomaly,Low-cloud Net CRE contribution (W m$^{-2}$),0.904894679800000,79.563783496100001,-0.000000000000000,74.729125964999994,86.590994781500001,True,
2020-12-01,EP,-1,LCSP_diagnostic,LCSP_anom,NetPath_low_anom,-0.028256471603559,-2.465755657351028,(i),Eastern Pacific,LCSP → Low-cloud pathway,LCSP anomaly,Low-cloud Net CRE contribution (W m$^{-2}$),0.904894679800000,79.563783496100001,-0.000000000000000,74.729125964999994,86.590994781500001,True,
2021-01-01,EP,-1,LCSP_diagnostic,LCSP_anom,NetPath_low_anom,-0.014420617054582,-0.915691939911898,(i),Eastern Pacific,LCSP → Low-cloud pathway,LCSP anomaly,Low-cloud Net CRE contribution (W m$^{-2}$),0.904894679800000,79.563783496100001,-0.000000000000000,74.729125964999994,86.590994781500001,True,
2021-02-01,EP,-1,LCSP_diagnostic,LCSP_anom,NetPath_low_anom,-0.028726588258200,-1.966046521267140,(i),Eastern Pacific,LCSP → Low-cloud pathway,LCSP anomaly,Low-cloud Net CRE contribution (W m$^{-2}$),0.904894679800000,79.563783496100001,-0.000000000000000,74.729125964999994,86.590994781500001,True,
2021-03-01,EP,-1,LCSP_diagnostic,LCSP_anom,NetPath_low_anom,-0.007953034524518,-0.296571016140328,(i),Eastern Pacific,LCSP → Low-cloud pathway,LCSP anomaly,Low-cloud Net CRE contribution (W m$^{-2}$),0.904894679800000,79.563783496100001,-0.000000000000000,74.729125964999994,86.590994781500001,True,
2021-04-01,EP,-1,LCSP_diagnostic,LCSP_anom,NetPath_low_anom,-0.015871297953780,-1.030825873987132,(i),Eastern Pacific,LCSP → Low-cloud pathway,LCSP anomaly,Low-cloud Net CRE contribution (W m$^{-2}$),0.904894679800000,79.563783496100001,-0.000000000000000,74.729125964999994,86.590994781500001,True,
2021-05-01,EP,-1,LCSP_diagnostic,LCSP_anom,NetPath_low_anom,-0.026488115360022,-1.595805094025133,(i),Eastern Pacific,LCSP → Low-cloud pathway,LCSP anomaly,Low-cloud Net CRE contribution (W m$^{-2}$),0.904894679800000,79.563783496100001,-0.000000000000000,74.729125964999994,86.590994781500001,True,
2021-06-01,EP,0,LCSP_diagnostic,LCSP_anom,NetPath_low_anom,-0.002669356864700,0.604453745743335,(i),Eastern Pacific,LCSP → Low-cloud pathway,LCSP anomaly,Low-cloud Net CRE contribution (W m$^{-2}$),0.904894679800000,79.563783496100001,-0.000000000000000,74.729125964999994,86.590994781500001,True,
2021-07-01,EP,0,LCSP_diagnostic,LCSP_anom,NetPath_low_anom,-0.026019251336606,-1.613980551674743,(i),Eastern Pacific,LCSP → Low-cloud pathway,LCSP anomaly,Low-cloud Net CRE contribution (W m$^{-2}$),0.904894679800000,79.563783496100001,-0.000000000000000,74.729125964999994,86.590994781500001,True,
2021-08-01,EP,-1,LCSP_diagnostic,LCSP_anom,NetPath_low_anom,0.017392395842235,1.991406119028568,(i),Eastern Pacific,LCSP → Low-cloud pathway,LCSP anomaly,Low-cloud Net CRE contribution (W m$^{-2}$),0.904894679800000,79.563783496100001,-0.000000000000000,74.729125964999994,86.590994781500001,True,
2021-09-01,EP,-1,LCSP_diagnostic,LCSP_anom,NetPath_low_anom,-0.025892262369796,-0.908851803085458,(i),Eastern Pacific,LCSP → Low-cloud pathway,LCSP anomaly,Low-cloud Net CRE contribution (W m$^{-2}$),0.904894679800000,79.563783496100001,-0.000000000000000,74.729125964999994,86.590994781500001,True,
2021-10-01,EP,-1,LCSP_diagnostic,LCSP_anom,NetPath_low_anom,-0.036574650199203,-2.765298215892102,(i),Eastern Pacific,LCSP → Low-cloud pathway,LCSP anomaly,Low-cloud Net CRE contribution (W m$^{-2}$),0.904894679800000,79.563783496100001,-0.000000000000000,74.729125964999994,86.590994781500001,True,
2021-11-01,EP,-1,LCSP_diagnostic,LCSP_anom,NetPath_low_anom,-0.023933675668083,-1.348987236822708,(i),Eastern Pacific,LCSP → Low-cloud pathway,LCSP anomaly,Low-cloud Net CRE contribution (W m$^{-2}$),0.904894679800000,79.563783496100001,-0.000000000000000,74.729125964999994,86.590994781500001,True,
2021-12-01,EP,-1,LCSP_diagnostic,LCSP_anom,NetPath_low_anom,-0.056416270042473,-5.701250322452232,(i),Eastern Pacific,LCSP → Low-cloud pathway,LCSP anomaly,Low-cloud Net CRE contribution (W m$^{-2}$),0.904894679800000,79.563783496100001,-0.000000000000000,74.729125964999994,86.590994781500001,True,
2022-01-01,EP,-1,LCSP_diagnostic,LCSP_anom,NetPath_low_anom,-0.024228674879252,-1.891256296743620,(i),Eastern Pacific,LCSP → Low-cloud pathway,LCSP anomaly,Low-cloud Net CRE contribution (W m$^{-2}$),0.904894679800000,79.563783496100001,-0.000000000000000,74.729125964999994,86.590994781500001,True,
2022-02-01,EP,-1,LCSP_diagnostic,LCSP_anom,NetPath_low_anom,-0.006976410335496,0.831132264465410,(i),Eastern Pacific,LCSP → Low-cloud pathway,LCSP anomaly,Low-cloud Net CRE contribution (W m$^{-2}$),0.904894679800000,79.563783496100001,-0.000000000000000,74.729125964999994,86.590994781500001,True,
2022-03-01,EP,-1,LCSP_diagnostic,LCSP_anom,NetPath_low_anom,-0.003011033251508,0.149050582028657,(i),Eastern Pacific,LCSP → Low-cloud pathway,LCSP anomaly,Low-cloud Net CRE contribution (W m$^{-2}$),0.904894679800000,79.563783496100001,-0.000000000000000,74.729125964999994,86.590994781500001,True,
2022-04-01,EP,-1,LCSP_diagnostic,LCSP_anom,NetPath_low_anom,-0.042900896593290,-2.990123812678531,(i),Eastern Pacific,LCSP → Low-cloud pathway,LCSP anomaly,Low-cloud Net CRE contribution (W m$^{-2}$),0.904894679800000,79.563783496100001,-0.000000000000000,74.729125964999994,86.590994781500001,True,
2022-05-01,EP,-1,LCSP_diagnostic,LCSP_anom,NetPath_low_anom,-0.047397314273414,-3.784452004089149,(i),Eastern Pacific,LCSP → Low-cloud pathway,LCSP anomaly,Low-cloud Net CRE contribution (W m$^{-2}$),0.904894679800000,79.563783496100001,-0.000000000000000,74.729125964999994,86.590994781500001,True,
2022-06-01,EP,-1,LCSP_diagnostic,LCSP_anom,NetPath_low_anom,-0.024122212300602,-0.839068993174692,(i),Eastern Pacific,LCSP → Low-cloud pathway,LCSP anomaly,Low-cloud Net CRE contribution (W m$^{-2}$),0.904894679800000,79.563783496100001,-0.000000000000000,74.729125964999994,86.590994781500001,True,
2022-07-01,EP,-1,LCSP_diagnostic,LCSP_anom,NetPath_low_anom,-0.035980096720801,-1.689168267087844,(i),Eastern Pacific,LCSP → Low-cloud pathway,LCSP anomaly,Low-cloud Net CRE contribution (W m$^{-2}$),0.904894679800000,79.563783496100001,-0.000000000000000,74.729125964999994,86.590994781500001,True,
2022-08-01,EP,-1,LCSP_diagnostic,LCSP_anom,NetPath_low_anom,-0.034174960687734,-2.486012493370655,(i),Eastern Pacific,LCSP → Low-cloud pathway,LCSP anomaly,Low-cloud Net CRE contribution (W m$^{-2}$),0.904894679800000,79.563783496100001,-0.000000000000000,74.729125964999994,86.590994781500001,True,
2022-09-01,EP,-1,LCSP_diagnostic,LCSP_anom,NetPath_low_anom,-0.035208923258598,-3.134203347268198,(i),Eastern Pacific,LCSP → Low-cloud pathway,LCSP anomaly,Low-cloud Net CRE contribution (W m$^{-2}$),0.904894679800000,79.563783496100001,-0.000000000000000,74.729125964999994,86.590994781500001,True,
2022-10-01,EP,-1,LCSP_diagnostic,LCSP_anom,NetPath_low_anom,-0.043300467902006,-4.686410044103891,(i),Eastern Pacific,LCSP → Low-cloud pathway,LCSP anomaly,Low-cloud Net CRE contribution (W m$^{-2}$),0.904894679800000,79.563783496100001,-0.000000000000000,74.729125964999994,86.590994781500001,True,
2022-11-01,EP,-1,LCSP_diagnostic,LCSP_anom,NetPath_low_anom,-0.040551015117157,-4.111527122723963,(i),Eastern Pacific,LCSP → Low-cloud pathway,LCSP anomaly,Low-cloud Net CRE contribution (W m$^{-2}$),0.904894679800000,79.563783496100001,-0.000000000000000,74.729125964999994,86.590994781500001,True,
2022-12-01,EP,-1,LCSP_diagnostic,LCSP_anom,NetPath_low_anom,-0.002801240337106,0.267514432185539,(i),Eastern Pacific,LCSP → Low-cloud pathway,LCSP anomaly,Low-cloud Net CRE contribution (W m$^{-2}$),0.904894679800000,79.563783496100001,-0.000000000000000,74.729125964999994,86.590994781500001,True,
2023-01-01,EP,-1,LCSP_diagnostic,LCSP_anom,NetPath_low_anom,-0.009412457410509,0.641704996041216,(i),Eastern Pacific,LCSP → Low-cloud pathway,LCSP anomaly,Low-cloud Net CRE contribution (W m$^{-2}$),0.904894679800000,79.563783496100001,-0.000000000000000,74.729125964999994,86.590994781500001,True,
2023-02-01,EP,-1,LCSP_diagnostic,LCSP_anom,NetPath_low_anom,0.013154846262327,0.960897270681658,(i),Eastern Pacific,LCSP → Low-cloud pathway,LCSP anomaly,Low-cloud Net CRE contribution (W m$^{-2}$),0.904894679800000,79.563783496100001,-0.000000000000000,74.729125964999994,86.590994781500001,True,
